base_date,ticker,company_name,sector_code,sector_name,sub_sector_code,sub_sector_name,wics_sub_code,wics_sub_name,naver_industry_no,source
"2026-09-21","034730","SK","WI100","에너지","WI10010","에너지","G101020","석유와가스",313,"PDF"
"2026-09-21","096770","SK이노베이션","WI100","에너지","WI10010","에너지","G101020","석유와가스",313,"PDF"
"2026-09-21","010950","S-Oil","WI100","에너지","WI10010","에너지","G101020","석유와가스",313,"PDF"
"2026-09-21","078930","GS","WI100","에너지","WI10010","에너지","G101020","석유와가스",313,"PDF"
"2026-09-21","009830","한화솔루션","WI100","에너지","WI10010","에너지","G101010","에너지장비및서비스",295,"PDF"
"2026-09-21","336260","두산퓨얼셀","WI100","에너지","WI10010","에너지","G101010","에너지장비및서비스",295,"PDF"
"2026-09-21","083650","비에이치아이","WI100","에너지","WI10010","에너지","G101010","에너지장비및서비스",295,"PDF"
"2026-09-21","112610","씨에스윈드","WI100","에너지","WI10010","에너지","G101010","에너지장비및서비스",295,"PDF"
"2026-09-21","475150","SK이터닉스","WI100","에너지","WI10010","에너지","G101010","에너지장비및서비스",295,"PDF"
"2026-09-21","322000","HD현대에너지솔루션","WI100","에너지","WI10010","에너지","G101010","에너지장비및서비스",295,"PDF"
"2026-09-21","100090","SK오션플랜트","WI100","에너지","WI10010","에너지","G101010","에너지장비및서비스",295,"PDF"
"2026-09-21","006120","SK디스커버리","WI100","에너지","WI10010","에너지","G101020","석유와가스",313,"PDF"
"2026-09-21","044490","태웅","WI100","에너지","WI10010","에너지","G101010","에너지장비및서비스",295,"PDF"
"2026-09-21","005090","SGC에너지","WI100","에너지","WI10010","에너지","G101010","에너지장비및서비스",295,"PDF"
"2026-09-21","100840","SNT에너지","WI100","에너지","WI10010","에너지","G101010","에너지장비및서비스",295,"PDF"
"2026-09-21","018000","유니슨","WI100","에너지","WI10010","에너지","G101010","에너지장비및서비스",295,"PDF"
"2026-09-21","046120","오르비텍","WI100","에너지","WI10010","에너지","G101010","에너지장비및서비스",295,"PDF"
"2026-09-21","024060","흥구석유","WI100","에너지","WI10010","에너지","G101020","석유와가스",313,"PDF"
"2026-09-21","098070","한텍","WI100","에너지","WI10010","에너지","G101010","에너지장비및서비스",295,"PDF"
"2026-09-21","126720","수산인더스트리","WI100","에너지","WI10010","에너지","G101010","에너지장비및서비스",295,"PDF"
"2026-09-21","002420","우양피앤엘","WI100","에너지","WI10010","에너지","G101020","석유와가스",313,"PDF"
"2026-09-21","128820","대성산업","WI100","에너지","WI10010","에너지","G101020","석유와가스",313,"PDF"
"2026-09-21","457550","우진엔텍","WI100","에너지","WI10010","에너지","G101010","에너지장비및서비스",295,"PDF"
"2026-09-21","0001A0","덕양에너젠","WI100","에너지","WI10010","에너지","G101020","석유와가스",313,"PDF"
"2026-09-21","014530","극동유화","WI100","에너지","WI10010","에너지","G101020","석유와가스",313,"PDF"
"2026-09-21","389260","대명에너지","WI100","에너지","WI10010","에너지","G101010","에너지장비및서비스",295,"PDF"
"2026-09-21","270520","앱튼","WI100","에너지","WI10010","에너지","G101010","에너지장비및서비스",295,"PDF"
"2026-09-21","126880","제이엔케이글로벌","WI100","에너지","WI10010","에너지","G101020","석유와가스",313,"PDF"
"2026-09-21","137950","제이씨케미칼","WI100","에너지","WI10010","에너지","G101010","에너지장비및서비스",295,"PDF"
"2026-09-21","012700","리드코프","WI100","에너지","WI10010","에너지","G101020","석유와가스",313,"PDF"
"2026-09-21","100130","동국S&C","WI100","에너지","WI10010","에너지","G101010","에너지장비및서비스",295,"PDF"
"2026-09-21","282720","금양그린파워","WI100","에너지","WI10010","에너지","G101010","에너지장비및서비스",295,"PDF"
"2026-09-21","101970","우양에이치씨","WI100","에너지","WI10010","에너지","G101010","에너지장비및서비스",295,"PDF"
"2026-09-21","136150","원일티엔아이","WI100","에너지","WI10010","에너지","G101010","에너지장비및서비스",295,"PDF"
"2026-09-21","043200","파루","WI100","에너지","WI10010","에너지","G101010","에너지장비및서비스",295,"PDF"
"2026-09-21","115530","씨엔플러스","WI100","에너지","WI10010","에너지","G101010","에너지장비및서비스",295,"PDF"
"2026-09-21","000440","중앙에너비스","WI100","에너지","WI10010","에너지","G101020","석유와가스",313,"PDF"
"2026-09-21","038870","에코심플렉스","WI100","에너지","WI10010","에너지","G101010","에너지장비및서비스",295,"PDF"
"2026-09-21","060900","에이전트AI","WI100","에너지","WI10010","에너지","G101010","에너지장비및서비스",295,"PDF"
"2026-09-21","065420","에스아이리소스","WI100","에너지","WI10010","에너지","G101020","석유와가스",313,"PDF"
"2026-09-21","051910","LG화학","WI110","화학","WI11010","화학","G151010","화학",272,"PDF"
"2026-09-21","086520","에코프로","WI110","화학","WI11010","화학","G151010","화학",272,"PDF"
"2026-09-21","003670","포스코퓨처엠","WI110","화학","WI11010","화학","G151010","화학",272,"PDF"
"2026-09-21","010060","OCI홀딩스","WI110","화학","WI11010","화학","G151010","화학",272,"PDF"
"2026-09-21","011790","SKC","WI110","화학","WI11010","화학","G151010","화학",272,"PDF"
"2026-09-21","011780","금호석유화학","WI110","화학","WI11010","화학","G151010","화학",272,"PDF"
"2026-09-21","014680","한솔케미칼","WI110","화학","WI11010","화학","G151010","화학",272,"PDF"
"2026-09-21","011170","롯데케미칼","WI110","화학","WI11010","화학","G151010","화학",272,"PDF"
"2026-09-21","457190","이수스페셜티케미컬","WI110","화학","WI11010","화학","G151010","화학",272,"PDF"
"2026-09-21","120110","코오롱인더","WI110","화학","WI11010","화학","G151010","화학",272,"PDF"
"2026-09-21","005070","코스모신소재","WI110","화학","WI11010","화학","G151010","화학",272,"PDF"
"2026-09-21","093370","후성","WI110","화학","WI11010","화학","G151010","화학",272,"PDF"
"2026-09-21","004000","롯데정밀화학","WI110","화학","WI11010","화학","G151010","화학",272,"PDF"
"2026-09-21","005690","파미셀","WI110","화학","WI11010","화학","G151010","화학",272,"PDF"
"2026-09-21","000210","DL","WI110","화학","WI11010","화학","G151010","화학",272,"PDF"
"2026-09-21","285130","SK케미칼","WI110","화학","WI11010","화학","G151010","화학",272,"PDF"
"2026-09-21","121600","나노신소재","WI110","화학","WI11010","화학","G151010","화학",272,"PDF"
"2026-09-21","281740","레이크머티리얼즈","WI110","화학","WI11010","화학","G151010","화학",272,"PDF"
"2026-09-21","298050","HS효성첨단소재","WI110","화학","WI11010","화학","G151010","화학",272,"PDF"
"2026-09-21","456040","OCI","WI110","화학","WI11010","화학","G151010","화학",272,"PDF"
"2026-09-21","006650","대한유화","WI110","화학","WI11010","화학","G151010","화학",272,"PDF"
"2026-09-21","069260","TKG휴켐스","WI110","화학","WI11010","화학","G151010","화학",272,"PDF"
"2026-09-21","002960","한국쉘석유","WI110","화학","WI11010","화학","G151010","화학",272,"PDF"
"2026-09-21","033500","동성화인텍","WI110","화학","WI11010","화학","G151010","화학",272,"PDF"
"2026-09-21","005420","코스모화학","WI110","화학","WI11010","화학","G151010","화학",272,"PDF"
"2026-09-21","178920","PI첨단소재","WI110","화학","WI11010","화학","G151010","화학",272,"PDF"
"2026-09-21","014830","유니드","WI110","화학","WI11010","화학","G151010","화학",272,"PDF"
"2026-09-21","104830","원익머트리얼즈","WI110","화학","WI11010","화학","G151010","화학",272,"PDF"
"2026-09-21","003240","태광산업","WI110","화학","WI11010","화학","G151010","화학",272,"PDF"
"2026-09-21","000070","삼양홀딩스","WI110","화학","WI11010","화학","G151010","화학",272,"PDF"
"2026-09-21","007690","국도화학","WI110","화학","WI11010","화학","G151010","화학",272,"PDF"
"2026-09-21","002810","삼영무역","WI110","화학","WI11010","화학","G151010","화학",272,"PDF"
"2026-09-21","004430","송원산업","WI110","화학","WI11010","화학","G151010","화학",272,"PDF"
"2026-09-21","005950","이수화학","WI110","화학","WI11010","화학","G151010","화학",272,"PDF"
"2026-09-21","017890","한국알콜","WI110","화학","WI11010","화학","G151010","화학",272,"PDF"
"2026-09-21","161000","애경케미칼","WI110","화학","WI11010","화학","G151010","화학",272,"PDF"
"2026-09-21","003720","삼영","WI110","화학","WI11010","화학","G151010","화학",272,"PDF"
"2026-09-21","002840","미원상사","WI110","화학","WI11010","화학","G151010","화학",272,"PDF"
"2026-09-21","017860","DS단석","WI110","화학","WI11010","화학","G151010","화학",272,"PDF"
"2026-09-21","025860","남해화학","WI110","화학","WI11010","화학","G151010","화학",272,"PDF"
"2026-09-21","001340","PKC","WI110","화학","WI11010","화학","G151010","화학",272,"PDF"
"2026-09-21","101360","에코앤드림","WI110","화학","WI11010","화학","G151010","화학",272,"PDF"
"2026-09-21","102260","동성케미컬","WI110","화학","WI11010","화학","G151010","화학",272,"PDF"
"2026-09-21","027410","BGF","WI110","화학","WI11010","화학","G151010","화학",272,"PDF"
"2026-09-21","268280","미원에스씨","WI110","화학","WI11010","화학","G151010","화학",272,"PDF"
"2026-09-21","003650","미창석유","WI110","화학","WI11010","화학","G151010","화학",272,"PDF"
"2026-09-21","011500","한농화성","WI110","화학","WI11010","화학","G151010","화학",272,"PDF"
"2026-09-21","357550","석경에이티","WI110","화학","WI11010","화학","G151010","화학",272,"PDF"
"2026-09-21","298000","효성화학","WI110","화학","WI11010","화학","G151010","화학",272,"PDF"
"2026-09-21","220260","켐트로스","WI110","화학","WI11010","화학","G151010","화학",272,"PDF"
"2026-09-21","187790","나노","WI110","화학","WI11010","화학","G151010","화학",272,"PDF"
"2026-09-21","012610","경인양행","WI110","화학","WI11010","화학","G151010","화학",272,"PDF"
"2026-09-21","025000","KPX케미칼","WI110","화학","WI11010","화학","G151010","화학",272,"PDF"
"2026-09-21","004090","한국석유","WI110","화학","WI11010","화학","G151010","화학",272,"PDF"
"2026-09-21","104480","티케이케미칼","WI110","화학","WI11010","화학","G151010","화학",272,"PDF"
"2026-09-21","251370","와이엠티","WI110","화학","WI11010","화학","G151010","화학",272,"PDF"
"2026-09-21","092230","KPX홀딩스","WI110","화학","WI11010","화학","G151010","화학",272,"PDF"
"2026-09-21","066430","아이로보틱스","WI110","화학","WI11010","화학","G151010","화학",272,"PDF"
"2026-09-21","126600","BGF에코머티리얼즈","WI110","화학","WI11010","화학","G151010","화학",272,"PDF"
"2026-09-21","120240","대정화금","WI110","화학","WI11010","화학","G151010","화학",272,"PDF"
"2026-09-21","134380","미원화학","WI110","화학","WI11010","화학","G151010","화학",272,"PDF"
"2026-09-21","125210","아모그린텍","WI110","화학","WI11010","화학","G151010","화학",272,"PDF"
"2026-09-21","014440","영보화학","WI110","화학","WI11010","화학","G151010","화학",272,"PDF"
"2026-09-21","036640","HRS","WI110","화학","WI11010","화학","G151010","화학",272,"PDF"
"2026-09-21","083420","그린케미칼","WI110","화학","WI11010","화학","G151010","화학",272,"PDF"
"2026-09-21","007590","동방아그로","WI110","화학","WI11010","화학","G151010","화학",272,"PDF"
"2026-09-21","002100","경농","WI110","화학","WI11010","화학","G151010","화학",272,"PDF"
"2026-09-21","023450","동남합성","WI110","화학","WI11010","화학","G151010","화학",272,"PDF"
"2026-09-21","163280","에어레인","WI110","화학","WI11010","화학","G151010","화학",272,"PDF"
"2026-09-21","003830","대한화섬","WI110","화학","WI11010","화학","G151010","화학",272,"PDF"
"2026-09-21","006840","AK홀딩스","WI110","화학","WI11010","화학","G151010","화학",272,"PDF"
"2026-09-21","107590","미원홀딩스","WI110","화학","WI11010","화학","G151010","화학",272,"PDF"
"2026-09-21","014190","원익큐브","WI110","화학","WI11010","화학","G151010","화학",272,"PDF"
"2026-09-21","023900","풍국주정","WI110","화학","WI11010","화학","G151010","화학",272,"PDF"
"2026-09-21","222420","쎄노텍","WI110","화학","WI11010","화학","G151010","화학",272,"PDF"
"2026-09-21","042040","케이피엠테크","WI110","화학","WI11010","화학","G151010","화학",272,"PDF"
"2026-09-21","286750","나노실리칸첨단소재","WI110","화학","WI11010","화학","G151010","화학",272,"PDF"
"2026-09-21","003780","진양산업","WI110","화학","WI11010","화학","G151010","화학",272,"PDF"
"2026-09-21","036670","삼양케이씨아이","WI110","화학","WI11010","화학","G151010","화학",272,"PDF"
"2026-09-21","045060","오공","WI110","화학","WI11010","화학","G151010","화학",272,"PDF"
"2026-09-21","001550","조비","WI110","화학","WI11010","화학","G151010","화학",272,"PDF"
"2026-09-21","163560","동일고무벨트","WI110","화학","WI11010","화학","G151010","화학",272,"PDF"
"2026-09-21","006890","태경케미컬","WI110","화학","WI11010","화학","G151010","화학",272,"PDF"
"2026-09-21","013000","세우글로벌","WI110","화학","WI11010","화학","G151010","화학",272,"PDF"
"2026-09-21","003080","SB성보","WI110","화학","WI11010","화학","G151010","화학",272,"PDF"
"2026-09-21","004840","DRB동일","WI110","화학","WI11010","화학","G151010","화학",272,"PDF"
"2026-09-21","008370","원풍","WI110","화학","WI11010","화학","G151010","화학",272,"PDF"
"2026-09-21","136410","아셈스","WI110","화학","WI11010","화학","G151010","화학",272,"PDF"
"2026-09-21","091970","LSK아이로봇","WI110","화학","WI11010","화학","G151010","화학",272,"PDF"
"2026-09-21","101240","씨큐브","WI110","화학","WI11010","화학","G151010","화학",272,"PDF"
"2026-09-21","097870","효성오앤비","WI110","화학","WI11010","화학","G151010","화학",272,"PDF"
"2026-09-21","332290","누보","WI110","화학","WI11010","화학","G151010","화학",272,"PDF"
"2026-09-21","352940","인바이오","WI110","화학","WI11010","화학","G151010","화학",272,"PDF"
"2026-09-21","010640","진양폴리","WI110","화학","WI11010","화학","G151010","화학",272,"PDF"
"2026-09-21","027580","상보","WI110","화학","WI11010","화학","G151010","화학",272,"PDF"
"2026-09-21","024070","WISCOM","WI110","화학","WI11010","화학","G151010","화학",272,"PDF"
"2026-09-21","318000","KBG","WI110","화학","WI11010","화학","G151010","화학",272,"PDF"
"2026-09-21","050760","에스폴리텍","WI110","화학","WI11010","화학","G151010","화학",272,"PDF"
"2026-09-21","196700","웹스","WI110","화학","WI11010","화학","G151010","화학",272,"PDF"
"2026-09-21","177350","베셀","WI110","화학","WI11010","화학","G151010","화학",272,"PDF"
"2026-09-21","000760","이화산업","WI110","화학","WI11010","화학","G151010","화학",272,"PDF"
"2026-09-21","0010F0","보원케미칼","WI110","화학","WI11010","화학","G151010","화학",272,"PDF"
"2026-09-21","115570","스타플렉스","WI110","화학","WI11010","화학","G151010","화학",272,"PDF"
"2026-09-21","048830","엔피케이","WI110","화학","WI11010","화학","G151010","화학",272,"PDF"
"2026-09-21","007770","한일화학","WI110","화학","WI11010","화학","G151010","화학",272,"PDF"
"2026-09-21","051630","진양화학","WI110","화학","WI11010","화학","G151010","화학",272,"PDF"
"2026-09-21","221980","케이디켐","WI110","화학","WI11010","화학","G151010","화학",272,"PDF"
"2026-09-21","285800","진영","WI110","화학","WI11010","화학","G151010","화학",272,"PDF"
"2026-09-21","006380","카프로","WI110","화학","WI11010","화학","","","","SECTOR_ONLY"
"2026-09-21","010130","고려아연","WI200","비철금속","WI20020","비철금속","G151040","비철금속",322,"PDF"
"2026-09-21","103140","풍산","WI200","비철금속","WI20020","비철금속","G151040","비철금속",322,"PDF"
"2026-09-21","006110","삼아알미늄","WI200","비철금속","WI20020","비철금속","G151040","비철금속",322,"PDF"
"2026-09-21","295310","에이치브이엠","WI200","비철금속","WI20020","비철금속","G151040","비철금속",322,"PDF"
"2026-09-21","005810","풍산홀딩스","WI200","비철금속","WI20020","비철금속","G151040","비철금속",322,"PDF"
"2026-09-21","251970","펌텍코리아","WI200","비철금속","WI20010","포장재,종이와목재","G151030","포장재",311,"PDF"
"2026-09-21","008730","율촌화학","WI200","비철금속","WI20010","포장재,종이와목재","G151030","포장재",311,"PDF"
"2026-09-21","002310","아세아제지","WI200","비철금속","WI20010","포장재,종이와목재","G151030","포장재",311,"PDF"
"2026-09-21","058430","포스코스틸리온","WI200","비철금속","WI20020","비철금속","G151040","비철금속",322,"PDF"
"2026-09-21","213500","한솔제지","WI200","비철금속","WI20010","포장재,종이와목재","G151060","종이와목재",318,"PDF"
"2026-09-21","014820","동원시스템즈","WI200","비철금속","WI20010","포장재,종이와목재","G151030","포장재",311,"PDF"
"2026-09-21","004560","현대비앤지스틸","WI200","비철금속","WI20020","비철금속","G151040","비철금속",322,"PDF"
"2026-09-21","008350","남선알미늄","WI200","비철금속","WI20020","비철금속","G151040","비철금속",322,"PDF"
"2026-09-21","256940","킵스파마","WI200","비철금속","WI20020","비철금속","G151040","비철금속",322,"PDF"
"2026-09-21","009160","SIMPAC","WI200","비철금속","WI20020","비철금속","G151040","비철금속",322,"PDF"
"2026-09-21","001780","알루코","WI200","비철금속","WI20020","비철금속","G151040","비철금속",322,"PDF"
"2026-09-21","025820","이구산업","WI200","비철금속","WI20020","비철금속","G151040","비철금속",322,"PDF"
"2026-09-21","016590","신대양제지","WI200","비철금속","WI20010","포장재,종이와목재","G151030","포장재",311,"PDF"
"2026-09-21","018470","조일알미늄","WI200","비철금속","WI20020","비철금속","G151040","비철금속",322,"PDF"
"2026-09-21","054920","한컴위드","WI200","비철금속","WI20020","비철금속","G151040","비철금속",322,"PDF"
"2026-09-21","034810","해성산업","WI200","비철금속","WI20010","포장재,종이와목재","G151060","종이와목재",318,"PDF"
"2026-09-21","081000","일진다이아","WI200","비철금속","WI20020","비철금속","G151040","비철금속",322,"PDF"
"2026-09-21","014580","태경비케이","WI200","비철금속","WI20020","비철금속","G151040","비철금속",322,"PDF"
"2026-09-21","012800","대창","WI200","비철금속","WI20020","비철금속","G151040","비철금속",322,"PDF"
"2026-09-21","023600","삼보판지","WI200","비철금속","WI20010","포장재,종이와목재","G151030","포장재",311,"PDF"
"2026-09-21","015890","태경산업","WI200","비철금속","WI20020","비철금속","G151040","비철금속",322,"PDF"
"2026-09-21","032560","황금에스티","WI200","비철금속","WI20020","비철금속","G151040","비철금속",322,"PDF"
"2026-09-21","078130","국일제지","WI200","비철금속","WI20010","포장재,종이와목재","G151060","종이와목재",318,"PDF"
"2026-09-21","000180","성창기업지주","WI200","비철금속","WI20010","포장재,종이와목재","G151060","종이와목재",318,"PDF"
"2026-09-21","012320","경동인베스트","WI200","비철금속","WI20020","비철금속","G151040","비철금속",322,"PDF"
"2026-09-21","024090","디씨엠","WI200","비철금속","WI20020","비철금속","G151040","비철금속",322,"PDF"
"2026-09-21","002200","한국수출포장","WI200","비철금속","WI20010","포장재,종이와목재","G151030","포장재",311,"PDF"
"2026-09-21","081150","티플랙스","WI200","비철금속","WI20020","비철금속","G151040","비철금속",322,"PDF"
"2026-09-21","272550","삼양패키징","WI200","비철금속","WI20010","포장재,종이와목재","G151030","포장재",311,"PDF"
"2026-09-21","004250","NPC","WI200","비철금속","WI20010","포장재,종이와목재","G151030","포장재",311,"PDF"
"2026-09-21","009580","무림P&P","WI200","비철금속","WI20010","포장재,종이와목재","G151060","종이와목재",318,"PDF"
"2026-09-21","021050","서원","WI200","비철금속","WI20020","비철금속","G151040","비철금속",322,"PDF"
"2026-09-21","011280","태림포장","WI200","비철금속","WI20010","포장재,종이와목재","G151030","포장재",311,"PDF"
"2026-09-21","004780","대륙제관","WI200","비철금속","WI20010","포장재,종이와목재","G151030","포장재",311,"PDF"
"2026-09-21","462520","조선내화","WI200","비철금속","WI20020","비철금속","G151040","비철금속",322,"PDF"
"2026-09-21","017650","대림제지","WI200","비철금속","WI20010","포장재,종이와목재","G151030","포장재",311,"PDF"
"2026-09-21","000480","CR홀딩스","WI200","비철금속","WI20020","비철금속","G151040","비철금속",322,"PDF"
"2026-09-21","009200","무림페이퍼","WI200","비철금속","WI20010","포장재,종이와목재","G151060","종이와목재",318,"PDF"
"2026-09-21","004540","깨끗한나라","WI200","비철금속","WI20010","포장재,종이와목재","G151060","종이와목재",318,"PDF"
"2026-09-21","460870","에스엠씨지","WI200","비철금속","WI20010","포장재,종이와목재","G151030","포장재",311,"PDF"
"2026-09-21","155660","DSR","WI200","비철금속","WI20020","비철금속","G151040","비철금속",322,"PDF"
"2026-09-21","128660","피제이메탈","WI200","비철금속","WI20020","비철금속","G151040","비철금속",322,"PDF"
"2026-09-21","037370","EG","WI200","비철금속","WI20020","비철금속","G151040","비철금속",322,"PDF"
"2026-09-21","006740","블루산업개발","WI200","비철금속","WI20010","포장재,종이와목재","G151060","종이와목재",318,"PDF"
"2026-09-21","009460","한창제지","WI200","비철금속","WI20010","포장재,종이와목재","G151030","포장재",311,"PDF"
"2026-09-21","004450","삼화왕관","WI200","비철금속","WI20010","포장재,종이와목재","G151030","포장재",311,"PDF"
"2026-09-21","016100","리더스코스메틱","WI200","비철금속","WI20010","포장재,종이와목재","G151030","포장재",311,"PDF"
"2026-09-21","002870","신풍","WI200","비철금속","WI20010","포장재,종이와목재","G151030","포장재",311,"PDF"
"2026-09-21","009730","이렘","WI200","비철금속","WI20020","비철금속","G151040","비철금속",322,"PDF"
"2026-09-21","008870","금비","WI200","비철금속","WI20010","포장재,종이와목재","G151030","포장재",311,"PDF"
"2026-09-21","010040","한국내화","WI200","비철금속","WI20020","비철금속","G151040","비철금속",322,"PDF"
"2026-09-21","027970","한국제지","WI200","비철금속","WI20010","포장재,종이와목재","G151060","종이와목재",318,"PDF"
"2026-09-21","079170","한창산업","WI200","비철금속","WI20020","비철금속","G151040","비철금속",322,"PDF"
"2026-09-21","075970","동국알앤에스","WI200","비철금속","WI20020","비철금속","G151040","비철금속",322,"PDF"
"2026-09-21","014970","삼륭물산","WI200","비철금속","WI20010","포장재,종이와목재","G151030","포장재",311,"PDF"
"2026-09-21","001560","제일연마","WI200","비철금속","WI20020","비철금속","G151040","비철금속",322,"PDF"
"2026-09-21","037230","한국팩키지","WI200","비철금속","WI20010","포장재,종이와목재","G151030","포장재",311,"PDF"
"2026-09-21","009620","삼보산업","WI200","비철금속","WI20020","비철금속","G151040","비철금속",322,"PDF"
"2026-09-21","263920","휴엠앤씨","WI200","비철금속","WI20010","포장재,종이와목재","G151030","포장재",311,"PDF"
"2026-09-21","001020","페이퍼코리아","WI200","비철금속","WI20010","포장재,종이와목재","G151060","종이와목재",318,"PDF"
"2026-09-21","001810","무림SP","WI200","비철금속","WI20010","포장재,종이와목재","G151060","종이와목재",318,"PDF"
"2026-09-21","005820","원림","WI200","비철금속","WI20010","포장재,종이와목재","G151030","포장재",311,"PDF"
"2026-09-21","049830","승일","WI200","비철금속","WI20010","포장재,종이와목재","G151030","포장재",311,"PDF"
"2026-09-21","054410","케이피티유","WI200","비철금속","WI20020","비철금속","G151040","비철금속",322,"PDF"
"2026-09-21","005490","POSCO홀딩스","WI210","철강","WI21010","철강","G151050","철강",304,"PDF"
"2026-09-21","004020","현대제철","WI210","철강","WI21010","철강","G151050","철강",304,"PDF"
"2026-09-21","001430","세아베스틸지주","WI210","철강","WI21010","철강","G151050","철강",304,"PDF"
"2026-09-21","460860","동국제강","WI210","철강","WI21010","철강","G151050","철강",304,"PDF"
"2026-09-21","009520","포스코엠텍","WI210","철강","WI21010","철강","G151050","철강",304,"PDF"
"2026-09-21","016380","KG스틸","WI210","철강","WI21010","철강","G151050","철강",304,"PDF"
"2026-09-21","002710","TCC스틸","WI210","철강","WI21010","철강","G151050","철강",304,"PDF"
"2026-09-21","306200","세아제강","WI210","철강","WI21010","철강","G151050","철강",304,"PDF"
"2026-09-21","002240","고려제강","WI210","철강","WI21010","철강","G151050","철강",304,"PDF"
"2026-09-21","003030","세아제강지주","WI210","철강","WI21010","철강","G151050","철강",304,"PDF"
"2026-09-21","092790","넥스틸","WI210","철강","WI21010","철강","G151050","철강",304,"PDF"
"2026-09-21","058650","세아홀딩스","WI210","철강","WI21010","철강","G151050","철강",304,"PDF"
"2026-09-21","005010","휴스틸","WI210","철강","WI21010","철강","G151050","철강",304,"PDF"
"2026-09-21","001230","동국홀딩스","WI210","철강","WI21010","철강","G151050","철강",304,"PDF"
"2026-09-21","001940","KISCO홀딩스","WI210","철강","WI21010","철강","G151050","철강",304,"PDF"
"2026-09-21","460850","동국씨엠","WI210","철강","WI21010","철강","G151050","철강",304,"PDF"
"2026-09-21","084010","대한제강","WI210","철강","WI21010","철강","G151050","철강",304,"PDF"
"2026-09-21","008970","KBI동양철관","WI210","철강","WI21010","철강","G151050","철강",304,"PDF"
"2026-09-21","001080","만호제강","WI210","철강","WI21010","철강","G151050","철강",304,"PDF"
"2026-09-21","104700","한국철강","WI210","철강","WI21010","철강","G151050","철강",304,"PDF"
"2026-09-21","000970","한국주철관","WI210","철강","WI21010","철강","G151050","철강",304,"PDF"
"2026-09-21","005160","동국산업","WI210","철강","WI21010","철강","G151050","철강",304,"PDF"
"2026-09-21","053260","금강철강","WI210","철강","WI21010","철강","G151050","철강",304,"PDF"
"2026-09-21","009190","대양금속","WI210","철강","WI21010","철강","G151050","철강",304,"PDF"
"2026-09-21","004890","동일산업","WI210","철강","WI21010","철강","G151050","철강",304,"PDF"
"2026-09-21","069730","DSR제강","WI210","철강","WI21010","철강","G151050","철강",304,"PDF"
"2026-09-21","002220","한일철강","WI210","철강","WI21010","철강","G151050","철강",304,"PDF"
"2026-09-21","007280","한국특강","WI210","철강","WI21010","철강","G151050","철강",304,"PDF"
"2026-09-21","071090","하이스틸","WI210","철강","WI21010","철강","G151050","철강",304,"PDF"
"2026-09-21","025550","한국선재","WI210","철강","WI21010","철강","G151050","철강",304,"PDF"
"2026-09-21","139990","아주스틸","WI210","철강","WI21010","철강","G151050","철강",304,"PDF"
"2026-09-21","017480","삼현철강","WI210","철강","WI21010","철강","G151050","철강",304,"PDF"
"2026-09-21","162300","신스틸","WI210","철강","WI21010","철강","G151050","철강",304,"PDF"
"2026-09-21","039240","경남스틸","WI210","철강","WI21010","철강","G151050","철강",304,"PDF"
"2026-09-21","037760","쎄니트","WI210","철강","WI21010","철강","G151050","철강",304,"PDF"
"2026-09-21","120030","조선선재","WI210","철강","WI21010","철강","G151050","철강",304,"PDF"
"2026-09-21","133820","화인베스틸","WI210","철강","WI21010","철강","G151050","철강",304,"PDF"
"2026-09-21","008420","문배철강","WI210","철강","WI21010","철강","G151050","철강",304,"PDF"
"2026-09-21","026940","부국철강","WI210","철강","WI21010","철강","G151050","철강",304,"PDF"
"2026-09-21","012620","원일특강","WI210","철강","WI21010","철강","G151050","철강",304,"PDF"
"2026-09-21","048470","대동스틸","WI210","철강","WI21010","철강","G151050","철강",304,"PDF"
"2026-09-21","026910","광진실업","WI210","철강","WI21010","철강","G151050","철강",304,"PDF"
"2026-09-21","140520","대창스틸","WI210","철강","WI21010","철강","G151050","철강",304,"PDF"
"2026-09-21","023790","동일스틸럭스","WI210","철강","WI21010","철강","G151050","철강",304,"PDF"
"2026-09-21","012160","영흥","WI210","철강","WI21010","철강","G151050","철강",304,"PDF"
"2026-09-21","025890","한국주강","WI210","철강","WI21010","철강","G151050","철강",304,"PDF"
"2026-09-21","000590","CS홀딩스","WI210","철강","WI21010","철강","G151050","철강",304,"PDF"
"2026-09-21","263770","유에스티","WI210","철강","WI21010","철강","G151050","철강",304,"PDF"
"2026-09-21","060380","동양에스텍","WI210","철강","WI21010","철강","G151050","철강",304,"PDF"
"2026-09-21","002690","동일제강","WI210","철강","WI21010","철강","G151050","철강",304,"PDF"
"2026-09-21","021040","대호특수강","WI210","철강","WI21010","철강","G151050","철강",304,"PDF"
"2026-09-21","000720","현대건설","WI220","건설","WI22010","건설,건축제품,건축자재","G201030","건설",279,"PDF"
"2026-09-21","028050","삼성E&A","WI220","건설","WI22010","건설,건축제품,건축자재","G201030","건설",279,"PDF"
"2026-09-21","047040","대우건설","WI220","건설","WI22010","건설,건축제품,건축자재","G201030","건설",279,"PDF"
"2026-09-21","006360","GS건설","WI220","건설","WI22010","건설,건축제품,건축자재","G201030","건설",279,"PDF"
"2026-09-21","375500","DL이앤씨","WI220","건설","WI22010","건설,건축제품,건축자재","G201030","건설",279,"PDF"
"2026-09-21","002380","KCC","WI220","건설","WI22010","건설,건축제품,건축자재","G201025","건축자재",289,"PDF"
"2026-09-21","294870","IPARK현대산업개발","WI220","건설","WI22010","건설,건축제품,건축자재","G201030","건설",279,"PDF"
"2026-09-21","097230","HJ중공업","WI220","건설","WI22010","건설,건축제품,건축자재","G201030","건설",279,"PDF"
"2026-09-21","012630","HDC","WI220","건설","WI22010","건설,건축제품,건축자재","G201030","건설",279,"PDF"
"2026-09-21","060370","LS마린솔루션","WI220","건설","WI22010","건설,건축제품,건축자재","G201030","건설",279,"PDF"
"2026-09-21","300720","한일시멘트","WI220","건설","WI22010","건설,건축제품,건축자재","G201025","건축자재",289,"PDF"
"2026-09-21","009240","한샘","WI220","건설","WI22020","가구","G201035","가구",303,"PDF"
"2026-09-21","038500","삼표시멘트","WI220","건설","WI22010","건설,건축제품,건축자재","G201025","건축자재",289,"PDF"
"2026-09-21","002990","금호건설","WI220","건설","WI22010","건설,건축제품,건축자재","G201030","건설",279,"PDF"
"2026-09-21","344820","KCC글라스","WI220","건설","WI22010","건설,건축제품,건축자재","G201025","건축자재",289,"PDF"
"2026-09-21","010780","아이에스동서","WI220","건설","WI22010","건설,건축제품,건축자재","G201030","건설",279,"PDF"
"2026-09-21","108670","LX하우시스","WI220","건설","WI22010","건설,건축제품,건축자재","G201025","건축자재",289,"PDF"
"2026-09-21","053690","한미글로벌","WI220","건설","WI22010","건설,건축제품,건축자재","G201030","건설",279,"PDF"
"2026-09-21","317400","자이에스앤디","WI220","건설","WI22010","건설,건축제품,건축자재","G201030","건설",279,"PDF"
"2026-09-21","003300","한일홀딩스","WI220","건설","WI22010","건설,건축제품,건축자재","G201025","건축자재",289,"PDF"
"2026-09-21","002030","아세아","WI220","건설","WI22010","건설,건축제품,건축자재","G201025","건축자재",289,"PDF"
"2026-09-21","009410","태영건설","WI220","건설","WI22010","건설,건축제품,건축자재","G201030","건설",279,"PDF"
"2026-09-21","023410","유진기업","WI220","건설","WI22010","건설,건축제품,건축자재","G201025","건축자재",289,"PDF"
"2026-09-21","004980","성신양회","WI220","건설","WI22010","건설,건축제품,건축자재","G201025","건축자재",289,"PDF"
"2026-09-21","000390","SP삼화","WI220","건설","WI22010","건설,건축제품,건축자재","G201025","건축자재",289,"PDF"
"2026-09-21","183190","아세아시멘트","WI220","건설","WI22010","건설,건축제품,건축자재","G201025","건축자재",289,"PDF"
"2026-09-21","255220","SG","WI220","건설","WI22010","건설,건축제품,건축자재","G201025","건축자재",289,"PDF"
"2026-09-21","036190","금화피에스시","WI220","건설","WI22010","건설,건축제품,건축자재","G201030","건설",279,"PDF"
"2026-09-21","013580","계룡건설","WI220","건설","WI22010","건설,건축제품,건축자재","G201030","건설",279,"PDF"
"2026-09-21","002150","도화엔지니어링","WI220","건설","WI22010","건설,건축제품,건축자재","G201030","건설",279,"PDF"
"2026-09-21","094820","일진파워","WI220","건설","WI22010","건설,건축제품,건축자재","G201030","건설",279,"PDF"
"2026-09-21","035890","서희건설","WI220","건설","WI22010","건설,건축제품,건축자재","G201030","건설",279,"PDF"
"2026-09-21","011560","세보엠이씨","WI220","건설","WI22010","건설,건축제품,건축자재","G201030","건설",279,"PDF"
"2026-09-21","013890","지누스","WI220","건설","WI22020","가구","G201035","가구",303,"PDF"
"2026-09-21","418550","제이오","WI220","건설","WI22010","건설,건축제품,건축자재","G201030","건설",279,"PDF"
"2026-09-21","004960","한신공영","WI220","건설","WI22010","건설,건축제품,건축자재","G201030","건설",279,"PDF"
"2026-09-21","005960","동부건설","WI220","건설","WI22010","건설,건축제품,건축자재","G201030","건설",279,"PDF"
"2026-09-21","000860","강남제비스코","WI220","건설","WI22010","건설,건축제품,건축자재","G201025","건축자재",289,"PDF"
"2026-09-21","016800","퍼시스","WI220","건설","WI22020","가구","G201035","가구",303,"PDF"
"2026-09-21","090350","노루페인트","WI220","건설","WI22010","건설,건축제품,건축자재","G201025","건축자재",289,"PDF"
"2026-09-21","025900","동화기업","WI220","건설","WI22010","건설,건축제품,건축자재","G201025","건축자재",289,"PDF"
"2026-09-21","066620","국보디자인","WI220","건설","WI22010","건설,건축제품,건축자재","G201030","건설",279,"PDF"
"2026-09-21","000320","노루홀딩스","WI220","건설","WI22010","건설,건축제품,건축자재","G201025","건축자재",289,"PDF"
"2026-09-21","028100","동아지질","WI220","건설","WI22010","건설,건축제품,건축자재","G201030","건설",279,"PDF"
"2026-09-21","002460","HS화성","WI220","건설","WI22010","건설,건축제품,건축자재","G201030","건설",279,"PDF"
"2026-09-21","014280","금강공업","WI220","건설","WI22010","건설,건축제품,건축자재","G201020","건축제품",320,"PDF"
"2026-09-21","011370","서한","WI220","건설","WI22010","건설,건축제품,건축자재","G201030","건설",279,"PDF"
"2026-09-21","037350","성도이엔지","WI220","건설","WI22010","건설,건축제품,건축자재","G201030","건설",279,"PDF"
"2026-09-21","079430","현대리바트","WI220","건설","WI22020","가구","G201035","가구",303,"PDF"
"2026-09-21","013120","동원개발","WI220","건설","WI22010","건설,건축제품,건축자재","G201030","건설",279,"PDF"
"2026-09-21","018310","삼목에스폼","WI220","건설","WI22010","건설,건축제품,건축자재","G201020","건축제품",320,"PDF"
"2026-09-21","475230","엔알비","WI220","건설","WI22010","건설,건축제품,건축자재","G201030","건설",279,"PDF"
"2026-09-21","109610","에스와이","WI220","건설","WI22010","건설,건축제품,건축자재","G201025","건축자재",289,"PDF"
"2026-09-21","001520","동양","WI220","건설","WI22010","건설,건축제품,건축자재","G201025","건축자재",289,"PDF"
"2026-09-21","002780","진흥기업","WI220","건설","WI22010","건설,건축제품,건축자재","G201030","건설",279,"PDF"
"2026-09-21","039570","HDC랩스","WI220","건설","WI22010","건설,건축제품,건축자재","G201030","건설",279,"PDF"
"2026-09-21","026150","특수건설","WI220","건설","WI22010","건설,건축제품,건축자재","G201030","건설",279,"PDF"
"2026-09-21","007210","벽산","WI220","건설","WI22010","건설,건축제품,건축자재","G201025","건축자재",289,"PDF"
"2026-09-21","014790","HL D&I","WI220","건설","WI22010","건설,건축제품,건축자재","G201030","건설",279,"PDF"
"2026-09-21","066980","한성크린텍","WI220","건설","WI22010","건설,건축제품,건축자재","G201030","건설",279,"PDF"
"2026-09-21","003800","에이스침대","WI220","건설","WI22020","가구","G201035","가구",303,"PDF"
"2026-09-21","365330","에스와이스틸텍","WI220","건설","WI22010","건설,건축제품,건축자재","G201025","건축자재",289,"PDF"
"2026-09-21","013700","까뮤이앤씨","WI220","건설","WI22010","건설,건축제품,건축자재","G201030","건설",279,"PDF"
"2026-09-21","079650","서산","WI220","건설","WI22010","건설,건축제품,건축자재","G201025","건축자재",289,"PDF"
"2026-09-21","010960","삼호개발","WI220","건설","WI22010","건설,건축제품,건축자재","G201030","건설",279,"PDF"
"2026-09-21","037440","희림","WI220","건설","WI22010","건설,건축제품,건축자재","G201030","건설",279,"PDF"
"2026-09-21","058730","다스코","WI220","건설","WI22010","건설,건축제품,건축자재","G201025","건축자재",289,"PDF"
"2026-09-21","008260","NI스틸","WI220","건설","WI22010","건설,건축제품,건축자재","G201025","건축자재",289,"PDF"
"2026-09-21","198440","강동씨앤엘","WI220","건설","WI22010","건설,건축제품,건축자재","G201025","건축자재",289,"PDF"
"2026-09-21","005750","대림바스","WI220","건설","WI22010","건설,건축제품,건축자재","G201020","건축제품",320,"PDF"
"2026-09-21","003070","코오롱글로벌","WI220","건설","WI22010","건설,건축제품,건축자재","G201030","건설",279,"PDF"
"2026-09-21","091590","남화토건","WI220","건설","WI22010","건설,건축제품,건축자재","G201030","건설",279,"PDF"
"2026-09-21","023960","에쓰씨엔지니어링","WI220","건설","WI22010","건설,건축제품,건축자재","G201030","건설",279,"PDF"
"2026-09-21","046940","우원개발","WI220","건설","WI22010","건설,건축제품,건축자재","G201030","건설",279,"PDF"
"2026-09-21","021320","KCC건설","WI220","건설","WI22010","건설,건축제품,건축자재","G201030","건설",279,"PDF"
"2026-09-21","042940","상지건설","WI220","건설","WI22010","건설,건축제품,건축자재","G201030","건설",279,"PDF"
"2026-09-21","171120","라이온켐텍","WI220","건설","WI22010","건설,건축제품,건축자재","G201025","건축자재",289,"PDF"
"2026-09-21","228340","동양파일","WI220","건설","WI22010","건설,건축제품,건축자재","G201025","건축자재",289,"PDF"
"2026-09-21","001260","남광토건","WI220","건설","WI22010","건설,건축제품,건축자재","G201030","건설",279,"PDF"
"2026-09-21","039020","이건홀딩스","WI220","건설","WI22010","건설,건축제품,건축자재","G201025","건축자재",289,"PDF"
"2026-09-21","025950","동신건설","WI220","건설","WI22010","건설,건축제품,건축자재","G201030","건설",279,"PDF"
"2026-09-21","000910","유니온","WI220","건설","WI22010","건설,건축제품,건축자재","G201025","건축자재",289,"PDF"
"2026-09-21","013360","일성건설","WI220","건설","WI22010","건설,건축제품,건축자재","G201030","건설",279,"PDF"
"2026-09-21","004440","삼일씨엔에스","WI220","건설","WI22010","건설,건축제품,건축자재","G201025","건축자재",289,"PDF"
"2026-09-21","054930","유신","WI220","건설","WI22010","건설,건축제품,건축자재","G201030","건설",279,"PDF"
"2026-09-21","011390","부산산업","WI220","건설","WI22010","건설,건축제품,건축자재","G201025","건축자재",289,"PDF"
"2026-09-21","065950","웰크론","WI220","건설","WI22010","건설,건축제품,건축자재","G201030","건설",279,"PDF"
"2026-09-21","002290","삼일기업공사","WI220","건설","WI22010","건설,건축제품,건축자재","G201030","건설",279,"PDF"
"2026-09-21","071950","코아스","WI220","건설","WI22020","가구","G201035","가구",303,"PDF"
"2026-09-21","225530","HC보광산업","WI220","건설","WI22010","건설,건축제품,건축자재","G201025","건축자재",289,"PDF"
"2026-09-21","186230","그린플러스","WI220","건설","WI22010","건설,건축제품,건축자재","G201025","건축자재",289,"PDF"
"2026-09-21","060560","HC홈센타","WI220","건설","WI22010","건설,건축제품,건축자재","G201025","건축자재",289,"PDF"
"2026-09-21","090410","덕신이피씨","WI220","건설","WI22010","건설,건축제품,건축자재","G201025","건축자재",289,"PDF"
"2026-09-21","025750","한솔홈데코","WI220","건설","WI22010","건설,건축제품,건축자재","G201025","건축자재",289,"PDF"
"2026-09-21","017000","신원종합개발","WI220","건설","WI22010","건설,건축제품,건축자재","G201030","건설",279,"PDF"
"2026-09-21","006920","모헨즈","WI220","건설","WI22010","건설,건축제품,건축자재","G201025","건축자재",289,"PDF"
"2026-09-21","206400","베노티앤알","WI220","건설","WI22010","건설,건축제품,건축자재","G201030","건설",279,"PDF"
"2026-09-21","016250","SGC E&C","WI220","건설","WI22010","건설,건축제품,건축자재","G201030","건설",279,"PDF"
"2026-09-21","008250","이건산업","WI220","건설","WI22010","건설,건축제품,건축자재","G201025","건축자재",289,"PDF"
"2026-09-21","446070","유니드비티플러스","WI220","건설","WI22010","건설,건축제품,건축자재","G201025","건축자재",289,"PDF"
"2026-09-21","069140","누리플랜","WI220","건설","WI22010","건설,건축제품,건축자재","G201030","건설",279,"PDF"
"2026-09-21","004910","조광페인트","WI220","건설","WI22010","건설,건축제품,건축자재","G201025","건축자재",289,"PDF"
"2026-09-21","023350","한국종합기술","WI220","건설","WI22010","건설,건축제품,건축자재","G201030","건설",279,"PDF"
"2026-09-21","309930","조이웍스앤코","WI220","건설","WI22020","가구","G201035","가구",303,"PDF"
"2026-09-21","076080","웰크론한텍","WI220","건설","WI22010","건설,건축제품,건축자재","G201030","건설",279,"PDF"
"2026-09-21","006050","국영지앤엠","WI220","건설","WI22010","건설,건축제품,건축자재","G201020","건축제품",320,"PDF"
"2026-09-21","052300","오션인더블유","WI220","건설","WI22010","건설,건축제품,건축자재","G201020","건축제품",320,"PDF"
"2026-09-21","035200","프럼파스트","WI220","건설","WI22010","건설,건축제품,건축자재","G201020","건축제품",320,"PDF"
"2026-09-21","004870","티웨이홀딩스","WI220","건설","WI22010","건설,건축제품,건축자재","G201025","건축자재",289,"PDF"
"2026-09-21","085810","알티캐스트","WI220","건설","WI22010","건설,건축제품,건축자재","G201030","건설",279,"PDF"
"2026-09-21","415380","스튜디오삼익","WI220","건설","WI22020","가구","G201035","가구",303,"PDF"
"2026-09-21","010400","우진아이엔에스","WI220","건설","WI22010","건설,건축제품,건축자재","G201030","건설",279,"PDF"
"2026-09-21","007680","대원","WI220","건설","WI22010","건설,건축제품,건축자재","G201030","건설",279,"PDF"
"2026-09-21","192390","윈하이텍","WI220","건설","WI22010","건설,건축제품,건축자재","G201025","건축자재",289,"PDF"
"2026-09-21","056730","CNT85","WI220","건설","WI22010","건설,건축제품,건축자재","G201030","건설",279,"PDF"
"2026-09-21","134790","시디즈","WI220","건설","WI22020","가구","G201035","가구",303,"PDF"
"2026-09-21","006570","대림통상","WI220","건설","WI22010","건설,건축제품,건축자재","G201020","건축제품",320,"PDF"
"2026-09-21","079000","와토스코리아","WI220","건설","WI22010","건설,건축제품,건축자재","G201020","건축제품",320,"PDF"
"2026-09-21","034020","두산에너빌리티","WI230","기계","WI23010","기계","G201060","기계",299,"PDF"
"2026-09-21","267260","HD현대일렉트릭","WI230","기계","WI23020","전기장비","G201040","전기장비",306,"PDF"
"2026-09-21","010120","LS ELECTRIC","WI230","기계","WI23020","전기장비","G201040","전기장비",306,"PDF"
"2026-09-21","298040","효성중공업","WI230","기계","WI23020","전기장비","G201040","전기장비",306,"PDF"
"2026-09-21","006260","LS","WI230","기계","WI23020","전기장비","G201040","전기장비",306,"PDF"
"2026-09-21","277810","레인보우로보틱스","WI230","기계","WI23010","기계","G201060","기계",299,"PDF"
"2026-09-21","267270","HD건설기계","WI230","기계","WI23010","기계","G201060","기계",299,"PDF"
"2026-09-21","108490","로보티즈","WI230","기계","WI23010","기계","G201060","기계",299,"PDF"
"2026-09-21","001440","대한전선","WI230","기계","WI23020","전기장비","G201040","전기장비",306,"PDF"
"2026-09-21","062040","산일전기","WI230","기계","WI23020","전기장비","G201040","전기장비",306,"PDF"
"2026-09-21","241560","두산밥캣","WI230","기계","WI23010","기계","G201060","기계",299,"PDF"
"2026-09-21","454910","두산로보틱스","WI230","기계","WI23010","기계","G201060","기계",299,"PDF"
"2026-09-21","017800","현대엘리베이터","WI230","기계","WI23010","기계","G201060","기계",299,"PDF"
"2026-09-21","103590","일진전기","WI230","기계","WI23020","전기장비","G201040","전기장비",306,"PDF"
"2026-09-21","178320","서진시스템","WI230","기계","WI23020","전기장비","G201040","전기장비",306,"PDF"
"2026-09-21","000500","가온전선","WI230","기계","WI23020","전기장비","G201040","전기장비",306,"PDF"
"2026-09-21","319400","현대무벡스","WI230","기계","WI23010","기계","G201060","기계",299,"PDF"
"2026-09-21","090710","휴림로봇","WI230","기계","WI23010","기계","G201060","기계",299,"PDF"
"2026-09-21","006340","대원전선","WI230","기계","WI23020","전기장비","G201040","전기장비",306,"PDF"
"2026-09-21","014620","성광벤드","WI230","기계","WI23010","기계","G201060","기계",299,"PDF"
"2026-09-21","119850","지엔씨에너지","WI230","기계","WI23020","전기장비","G201040","전기장비",306,"PDF"
"2026-09-21","466100","클로봇","WI230","기계","WI23010","기계","G201060","기계",299,"PDF"
"2026-09-21","090360","로보스타","WI230","기계","WI23010","기계","G201060","기계",299,"PDF"
"2026-09-21","229640","LS에코에너지","WI230","기계","WI23020","전기장비","G201040","전기장비",306,"PDF"
"2026-09-21","033100","제룡전기","WI230","기계","WI23020","전기장비","G201040","전기장비",306,"PDF"
"2026-09-21","388720","유일로보틱스","WI230","기계","WI23010","기계","G201060","기계",299,"PDF"
"2026-09-21","023160","태광","WI230","기계","WI23010","기계","G201060","기계",299,"PDF"
"2026-09-21","348340","뉴로메카","WI230","기계","WI23010","기계","G201060","기계",299,"PDF"
"2026-09-21","019210","와이지-원","WI230","기계","WI23010","기계","G201060","기계",299,"PDF"
"2026-09-21","056190","SFA","WI230","기계","WI23010","기계","G201060","기계",299,"PDF"
"2026-09-21","126340","비나텍","WI230","기계","WI23020","전기장비","G201040","전기장비",306,"PDF"
"2026-09-21","006910","보성파워텍","WI230","기계","WI23020","전기장비","G201040","전기장비",306,"PDF"
"2026-09-21","013030","하이록코리아","WI230","기계","WI23010","기계","G201060","기계",299,"PDF"
"2026-09-21","117730","티로보틱스","WI230","기계","WI23010","기계","G201060","기계",299,"PDF"
"2026-09-21","107640","한중엔시에스","WI230","기계","WI23020","전기장비","G201040","전기장비",306,"PDF"
"2026-09-21","056080","유진로봇","WI230","기계","WI23010","기계","G201060","기계",299,"PDF"
"2026-09-21","099440","스맥","WI230","기계","WI23010","기계","G201060","기계",299,"PDF"
"2026-09-21","105840","우진","WI230","기계","WI23010","기계","G201060","기계",299,"PDF"
"2026-09-21","002900","TYM","WI230","기계","WI23010","기계","G201060","기계",299,"PDF"
"2026-09-21","079900","전진건설로봇","WI230","기계","WI23010","기계","G201060","기계",299,"PDF"
"2026-09-21","024840","KBI메탈","WI230","기계","WI23020","전기장비","G201040","전기장비",306,"PDF"
"2026-09-21","389500","에스비비테크","WI230","기계","WI23010","기계","G201060","기계",299,"PDF"
"2026-09-21","000490","대동","WI230","기계","WI23010","기계","G201060","기계",299,"PDF"
"2026-09-21","036890","진성티이씨","WI230","기계","WI23010","기계","G201060","기계",299,"PDF"
"2026-09-21","475400","씨메스로보틱스","WI230","기계","WI23010","기계","G201060","기계",299,"PDF"
"2026-09-21","388050","지투파워","WI230","기계","WI23020","전기장비","G201040","전기장비",306,"PDF"
"2026-09-21","159010","아스플로","WI230","기계","WI23010","기계","G201060","기계",299,"PDF"
"2026-09-21","049430","코메론","WI230","기계","WI23010","기계","G201060","기계",299,"PDF"
"2026-09-21","015860","일진홀딩스","WI230","기계","WI23020","전기장비","G201040","전기장비",306,"PDF"
"2026-09-21","459510","나우로보틱스","WI230","기계","WI23010","기계","G201060","기계",299,"PDF"
"2026-09-21","199430","케이엔알시스템","WI230","기계","WI23010","기계","G201060","기계",299,"PDF"
"2026-09-21","125020","티씨머티리얼즈","WI230","기계","WI23020","전기장비","G201040","전기장비",306,"PDF"
"2026-09-21","474650","링크솔루션","WI230","기계","WI23010","기계","G201060","기계",299,"PDF"
"2026-09-21","140670","알에스오토메이션","WI230","기계","WI23010","기계","G201060","기계",299,"PDF"
"2026-09-21","160190","하이젠알앤엠","WI230","기계","WI23010","기계","G201060","기계",299,"PDF"
"2026-09-21","282880","코윈테크","WI230","기계","WI23010","기계","G201060","기계",299,"PDF"
"2026-09-21","138360","앤로보틱스","WI230","기계","WI23010","기계","G201060","기계",299,"PDF"
"2026-09-21","015230","대창단조","WI230","기계","WI23010","기계","G201060","기계",299,"PDF"
"2026-09-21","452280","한선엔지니어링","WI230","기계","WI23010","기계","G201060","기계",299,"PDF"
"2026-09-21","015590","DKME","WI230","기계","WI23010","기계","G201060","기계",299,"PDF"
"2026-09-21","210540","디와이파워","WI230","기계","WI23010","기계","G201060","기계",299,"PDF"
"2026-09-21","147830","제룡산업","WI230","기계","WI23020","전기장비","G201040","전기장비",306,"PDF"
"2026-09-21","017510","세명전기","WI230","기계","WI23020","전기장비","G201040","전기장비",306,"PDF"
"2026-09-21","095190","신화프리텍","WI230","기계","WI23010","기계","G201060","기계",299,"PDF"
"2026-09-21","011700","한신기계","WI230","기계","WI23010","기계","G201060","기계",299,"PDF"
"2026-09-21","294630","서남","WI230","기계","WI23020","전기장비","G201040","전기장비",306,"PDF"
"2026-09-21","003010","혜인","WI230","기계","WI23010","기계","G201060","기계",299,"PDF"
"2026-09-21","086670","비엠티","WI230","기계","WI23010","기계","G201060","기계",299,"PDF"
"2026-09-21","108230","톱텍","WI230","기계","WI23010","기계","G201060","기계",299,"PDF"
"2026-09-21","199820","제일일렉트릭","WI230","기계","WI23020","전기장비","G201040","전기장비",306,"PDF"
"2026-09-21","484810","티엑스알로보틱스","WI230","기계","WI23010","기계","G201060","기계",299,"PDF"
"2026-09-21","439960","코스모로보틱스","WI230","기계","WI23010","기계","G201060","기계",299,"PDF"
"2026-09-21","041440","현대에버다임","WI230","기계","WI23010","기계","G201060","기계",299,"PDF"
"2026-09-21","007820","엠엑스로보틱스","WI230","기계","WI23010","기계","G201060","기계",299,"PDF"
"2026-09-21","008830","대동기어","WI230","기계","WI23010","기계","G201060","기계",299,"PDF"
"2026-09-21","036560","KZ정밀","WI230","기계","WI23010","기계","G201060","기계",299,"PDF"
"2026-09-21","012210","삼미금속","WI230","기계","WI23010","기계","G201060","기계",299,"PDF"
"2026-09-21","053080","케이엔솔","WI230","기계","WI23010","기계","G201060","기계",299,"PDF"
"2026-09-21","017550","수산세보틱스","WI230","기계","WI23010","기계","G201060","기계",299,"PDF"
"2026-09-21","297090","씨에스베어링","WI230","기계","WI23010","기계","G201060","기계",299,"PDF"
"2026-09-21","105740","디케이락","WI230","기계","WI23010","기계","G201060","기계",299,"PDF"
"2026-09-21","060310","3S","WI230","기계","WI23010","기계","G201060","기계",299,"PDF"
"2026-09-21","153890","져스텍","WI230","기계","WI23010","기계","G201060","기계",299,"PDF"
"2026-09-21","007610","선도전기","WI230","기계","WI23020","전기장비","G201040","전기장비",306,"PDF"
"2026-09-21","059270","해성에어로보틱스","WI230","기계","WI23010","기계","G201060","기계",299,"PDF"
"2026-09-21","101170","우림피티에스","WI230","기계","WI23010","기계","G201060","기계",299,"PDF"
"2026-09-21","004380","삼익THK","WI230","기계","WI23010","기계","G201060","기계",299,"PDF"
"2026-09-21","038460","바이오스마트","WI230","기계","WI23020","전기장비","G201040","전기장비",306,"PDF"
"2026-09-21","019990","에너토크","WI230","기계","WI23010","기계","G201060","기계",299,"PDF"
"2026-09-21","024880","케이피에프","WI230","기계","WI23010","기계","G201060","기계",299,"PDF"
"2026-09-21","381620","제닉스로보틱스","WI230","기계","WI23010","기계","G201060","기계",299,"PDF"
"2026-09-21","067170","오텍","WI230","기계","WI23010","기계","G201060","기계",299,"PDF"
"2026-09-21","413630","씨피시스템","WI230","기계","WI23010","기계","G201060","기계",299,"PDF"
"2026-09-21","000850","화천기공","WI230","기계","WI23010","기계","G201060","기계",299,"PDF"
"2026-09-21","129920","대성하이텍","WI230","기계","WI23010","기계","G201060","기계",299,"PDF"
"2026-09-21","010660","화천기계","WI230","기계","WI23010","기계","G201060","기계",299,"PDF"
"2026-09-21","074610","이엔플러스","WI230","기계","WI23010","기계","G201060","기계",299,"PDF"
"2026-09-21","317850","대모","WI230","기계","WI23010","기계","G201060","기계",299,"PDF"
"2026-09-21","039610","화성밸브","WI230","기계","WI23010","기계","G201060","기계",299,"PDF"
"2026-09-21","071670","에이테크솔루션","WI230","기계","WI23010","기계","G201060","기계",299,"PDF"
"2026-09-21","104460","디와이피엔에프","WI230","기계","WI23010","기계","G201060","기계",299,"PDF"
"2026-09-21","048770","TPC로보틱스","WI230","기계","WI23010","기계","G201060","기계",299,"PDF"
"2026-09-21","051490","나라엠앤디","WI230","기계","WI23010","기계","G201060","기계",299,"PDF"
"2026-09-21","053160","프리엠스","WI230","기계","WI23010","기계","G201060","기계",299,"PDF"
"2026-09-21","033540","파라텍","WI230","기계","WI23010","기계","G201060","기계",299,"PDF"
"2026-09-21","0004V0","엔비알모션","WI230","기계","WI23010","기계","G201060","기계",299,"PDF"
"2026-09-21","189860","서전기전","WI230","기계","WI23020","전기장비","G201040","전기장비",306,"PDF"
"2026-09-21","251630","브이원텍","WI230","기계","WI23010","기계","G201060","기계",299,"PDF"
"2026-09-21","010240","흥국","WI230","기계","WI23010","기계","G201060","기계",299,"PDF"
"2026-09-21","475430","키스트론","WI230","기계","WI23020","전기장비","G201040","전기장비",306,"PDF"
"2026-09-21","089140","넥스턴앤롤코리아","WI230","기계","WI23010","기계","G201060","기계",299,"PDF"
"2026-09-21","480370","씨케이솔루션","WI230","기계","WI23010","기계","G201060","기계",299,"PDF"
"2026-09-21","417970","모델솔루션","WI230","기계","WI23010","기계","G201060","기계",299,"PDF"
"2026-09-21","049800","우진플라임","WI230","기계","WI23010","기계","G201060","기계",299,"PDF"
"2026-09-21","109860","동일금속","WI230","기계","WI23010","기계","G201060","기계",299,"PDF"
"2026-09-21","317830","에스피시스템스","WI230","기계","WI23010","기계","G201060","기계",299,"PDF"
"2026-09-21","044780","에이치케이","WI230","기계","WI23010","기계","G201060","기계",299,"PDF"
"2026-09-21","119500","포메탈","WI230","기계","WI23010","기계","G201060","기계",299,"PDF"
"2026-09-21","050860","아세아텍","WI230","기계","WI23010","기계","G201060","기계",299,"PDF"
"2026-09-21","008470","부스타","WI230","기계","WI23010","기계","G201060","기계",299,"PDF"
"2026-09-21","092440","기신정기","WI230","기계","WI23010","기계","G201060","기계",299,"PDF"
"2026-09-21","100660","서암기계공업","WI230","기계","WI23010","기계","G201060","기계",299,"PDF"
"2026-09-21","013810","스페코","WI230","기계","WI23010","기계","G201060","기계",299,"PDF"
"2026-09-21","237750","피앤씨테크","WI230","기계","WI23020","전기장비","G201040","전기장비",306,"PDF"
"2026-09-21","138070","신진에스엠","WI230","기계","WI23010","기계","G201060","기계",299,"PDF"
"2026-09-21","479960","위너스일렉","WI230","기계","WI23020","전기장비","G201040","전기장비",306,"PDF"
"2026-09-21","101680","한국정밀기계","WI230","기계","WI23010","기계","G201060","기계",299,"PDF"
"2026-09-21","043340","에쎈테크","WI230","기계","WI23010","기계","G201060","기계",299,"PDF"
"2026-09-21","009540","HD한국조선해양","WI240","조선","WI24010","조선","G201065","조선",291,"PDF"
"2026-09-21","329180","HD현대중공업","WI240","조선","WI24010","조선","G201065","조선",291,"PDF"
"2026-09-21","010140","삼성중공업","WI240","조선","WI24010","조선","G201065","조선",291,"PDF"
"2026-09-21","042660","한화오션","WI240","조선","WI24010","조선","G201065","조선",291,"PDF"
"2026-09-21","267250","HD현대","WI240","조선","WI24010","조선","G201065","조선",291,"PDF"
"2026-09-21","443060","HD현대마린솔루션","WI240","조선","WI24010","조선","G201065","조선",291,"PDF"
"2026-09-21","082740","한화엔진","WI240","조선","WI24010","조선","G201065","조선",291,"PDF"
"2026-09-21","071970","HD현대마린엔진","WI240","조선","WI24010","조선","G201065","조선",291,"PDF"
"2026-09-21","439260","대한조선","WI240","조선","WI24010","조선","G201065","조선",291,"PDF"
"2026-09-21","017960","한국카본","WI240","조선","WI24010","조선","G201065","조선",291,"PDF"
"2026-09-21","077970","STX엔진","WI240","조선","WI24010","조선","G201065","조선",291,"PDF"
"2026-09-21","460930","현대힘스","WI240","조선","WI24010","조선","G201065","조선",291,"PDF"
"2026-09-21","075580","세진중공업","WI240","조선","WI24010","조선","G201065","조선",291,"PDF"
"2026-09-21","101930","인화정공","WI240","조선","WI24010","조선","G201065","조선",291,"PDF"
"2026-09-21","092460","한라IMS","WI240","조선","WI24010","조선","G201065","조선",291,"PDF"
"2026-09-21","014940","오리엔탈정공","WI240","조선","WI24010","조선","G201065","조선",291,"PDF"
"2026-09-21","0008Z0","에스엔시스","WI240","조선","WI24010","조선","G201065","조선",291,"PDF"
"2026-09-21","054540","삼영엠텍","WI240","조선","WI24010","조선","G201065","조선",291,"PDF"
"2026-09-21","217590","티엠씨","WI240","조선","WI24010","조선","G201065","조선",291,"PDF"
"2026-09-21","108380","대양전기공업","WI240","조선","WI24010","조선","G201065","조선",291,"PDF"
"2026-09-21","073010","케이에스피","WI240","조선","WI24010","조선","G201065","조선",291,"PDF"
"2026-09-21","096350","대창솔루션","WI240","조선","WI24010","조선","G201065","조선",291,"PDF"
"2026-09-21","085310","엔케이","WI240","조선","WI24010","조선","G201065","조선",291,"PDF"
"2026-09-21","099410","동방선기","WI240","조선","WI24010","조선","G201065","조선",291,"PDF"
"2026-09-21","333430","일승","WI240","조선","WI24010","조선","G201065","조선",291,"PDF"
"2026-09-21","038010","제일테크노스","WI240","조선","WI24010","조선","G201065","조선",291,"PDF"
"2026-09-21","012450","한화에어로스페이스","WI250","상사,자본재","WI25030","기타자본재","G201010","우주항공과국방",284,"PDF"
"2026-09-21","028260","삼성물산","WI250","상사,자본재","WI25010","복합기업","G201050","복합기업",276,"PDF"
"2026-09-21","000150","두산","WI250","상사,자본재","WI25010","복합기업","G201050","복합기업",276,"PDF"
"2026-09-21","003550","LG","WI250","상사,자본재","WI25010","복합기업","G201050","복합기업",276,"PDF"
"2026-09-21","047810","한국항공우주","WI250","상사,자본재","WI25030","기타자본재","G201010","우주항공과국방",284,"PDF"
"2026-09-21","079550","LIG디펜스앤에어로스페이스","WI250","상사,자본재","WI25030","기타자본재","G201010","우주항공과국방",284,"PDF"
"2026-09-21","064350","현대로템","WI250","상사,자본재","WI25030","기타자본재","G201010","우주항공과국방",284,"PDF"
"2026-09-21","272210","한화시스템","WI250","상사,자본재","WI25030","기타자본재","G201010","우주항공과국방",284,"PDF"
"2026-09-21","000880","한화","WI250","상사,자본재","WI25010","복합기업","G201050","복합기업",276,"PDF"
"2026-09-21","047050","포스코인터내셔널","WI250","상사,자본재","WI25020","상사","G201070","무역회사와판매업체",334,"PDF"
"2026-09-21","032820","우리기술","WI250","상사,자본재","WI25030","기타자본재","G201010","우주항공과국방",284,"PDF"
"2026-09-21","012750","에스원","WI250","상사,자본재","WI25030","기타자본재","G202010","상업서비스와공급품",324,"PDF"
"2026-09-21","001040","CJ","WI250","상사,자본재","WI25010","복합기업","G201050","복합기업",276,"PDF"
"2026-09-21","001120","LX인터내셔널","WI250","상사,자본재","WI25020","상사","G201070","무역회사와판매업체",334,"PDF"
"2026-09-21","004800","효성","WI250","상사,자본재","WI25010","복합기업","G201050","복합기업",276,"PDF"
"2026-09-21","298020","효성티앤씨","WI250","상사,자본재","WI25020","상사","G201070","무역회사와판매업체",334,"PDF"
"2026-09-21","004990","롯데지주","WI250","상사,자본재","WI25010","복합기업","G201050","복합기업",276,"PDF"
"2026-09-21","347700","스피어","WI250","상사,자본재","WI25030","기타자본재","G201010","우주항공과국방",284,"PDF"
"2026-09-21","001740","SK네트웍스","WI250","상사,자본재","WI25010","복합기업","G201050","복합기업",276,"PDF"
"2026-09-21","005440","현대지에프홀딩스","WI250","상사,자본재","WI25010","복합기업","G201050","복합기업",276,"PDF"
"2026-09-21","030190","NICE평가정보","WI250","상사,자본재","WI25030","기타자본재","G202010","상업서비스와공급품",324,"PDF"
"2026-09-21","099320","쎄트렉아이","WI250","상사,자본재","WI25030","기타자본재","G201010","우주항공과국방",284,"PDF"
"2026-09-21","327260","RF머트리얼즈","WI250","상사,자본재","WI25030","기타자본재","G201010","우주항공과국방",284,"PDF"
"2026-09-21","383800","LX홀딩스","WI250","상사,자본재","WI25020","상사","G201070","무역회사와판매업체",334,"PDF"
"2026-09-21","383310","에코프로에이치엔","WI250","상사,자본재","WI25030","기타자본재","G202010","상업서비스와공급품",324,"PDF"
"2026-09-21","214430","아이쓰리시스템","WI250","상사,자본재","WI25030","기타자본재","G201010","우주항공과국방",284,"PDF"
"2026-09-21","011760","현대코퍼레이션","WI250","상사,자본재","WI25020","상사","G201070","무역회사와판매업체",334,"PDF"
"2026-09-21","0220W0","한화머시너리앤서비스홀딩스","WI250","상사,자본재","WI25010","복합기업","G201050","복합기업",276,"PDF"
"2026-09-21","462350","이노스페이스","WI250","상사,자본재","WI25030","기타자본재","G201010","우주항공과국방",284,"PDF"
"2026-09-21","010820","퍼스텍","WI250","상사,자본재","WI25030","기타자본재","G201010","우주항공과국방",284,"PDF"
"2026-09-21","036800","나이스정보통신","WI250","상사,자본재","WI25030","기타자본재","G202010","상업서비스와공급품",324,"PDF"
"2026-09-21","002020","코오롱","WI250","상사,자본재","WI25010","복합기업","G201050","복합기업",276,"PDF"
"2026-09-21","377450","리파인","WI250","상사,자본재","WI25030","기타자본재","G202010","상업서비스와공급품",324,"PDF"
"2026-09-21","203650","드림시큐리티","WI250","상사,자본재","WI25030","기타자본재","G202010","상업서비스와공급품",324,"PDF"
"2026-09-21","122900","아이마켓코리아","WI250","상사,자본재","WI25030","기타자본재","G202010","상업서비스와공급품",324,"PDF"
"2026-09-21","417030","니어스랩","WI250","상사,자본재","WI25030","기타자본재","G201010","우주항공과국방",284,"PDF"
"2026-09-21","484870","엠앤씨솔루션","WI250","상사,자본재","WI25030","기타자본재","G201010","우주항공과국방",284,"PDF"
"2026-09-21","034950","한국기업평가","WI250","상사,자본재","WI25030","기타자본재","G202010","상업서비스와공급품",324,"PDF"
"2026-09-21","001250","GS글로벌","WI250","상사,자본재","WI25020","상사","G201070","무역회사와판매업체",334,"PDF"
"2026-09-21","484590","삼양컴텍","WI250","상사,자본재","WI25030","기타자본재","G201010","우주항공과국방",284,"PDF"
"2026-09-21","274090","켄코아에어로스페이스","WI250","상사,자본재","WI25030","기타자본재","G201010","우주항공과국방",284,"PDF"
"2026-09-21","067390","아스트","WI250","상사,자본재","WI25030","기타자본재","G201010","우주항공과국방",284,"PDF"
"2026-09-21","004150","한솔홀딩스","WI250","상사,자본재","WI25010","복합기업","G201050","복합기업",276,"PDF"
"2026-09-21","0015G0","그린광학","WI250","상사,자본재","WI25030","기타자본재","G201010","우주항공과국방",284,"PDF"
"2026-09-21","143240","사람인","WI250","상사,자본재","WI25030","기타자본재","G202010","상업서비스와공급품",324,"PDF"
"2026-09-21","451760","컨텍","WI250","상사,자본재","WI25030","기타자본재","G201010","우주항공과국방",284,"PDF"
"2026-09-21","478340","나라스페이스테크놀로지","WI250","상사,자본재","WI25030","기타자본재","G201010","우주항공과국방",284,"PDF"
"2026-09-21","488900","비츠로넥스텍","WI250","상사,자본재","WI25030","기타자본재","G201010","우주항공과국방",284,"PDF"
"2026-09-21","487570","HS효성","WI250","상사,자본재","WI25010","복합기업","G201050","복합기업",276,"PDF"
"2026-09-21","448280","에코아이","WI250","상사,자본재","WI25030","기타자본재","G202010","상업서비스와공급품",324,"PDF"
"2026-09-21","049720","고려신용정보","WI250","상사,자본재","WI25030","기타자본재","G202010","상업서비스와공급품",324,"PDF"
"2026-09-21","060150","인선이엔티","WI250","상사,자본재","WI25030","기타자본재","G202010","상업서비스와공급품",324,"PDF"
"2026-09-21","289930","웨이비스","WI250","상사,자본재","WI25030","기타자본재","G201010","우주항공과국방",284,"PDF"
"2026-09-21","130580","나이스디앤비","WI250","상사,자본재","WI25030","기타자본재","G202010","상업서비스와공급품",324,"PDF"
"2026-09-21","361390","제노코","WI250","상사,자본재","WI25030","기타자본재","G201010","우주항공과국방",284,"PDF"
"2026-09-21","065450","빅텍","WI250","상사,자본재","WI25030","기타자본재","G201010","우주항공과국방",284,"PDF"
"2026-09-21","063570","NICE인프라","WI250","상사,자본재","WI25030","기타자본재","G202010","상업서비스와공급품",324,"PDF"
"2026-09-21","474170","루미르","WI250","상사,자본재","WI25030","기타자본재","G201010","우주항공과국방",284,"PDF"
"2026-09-21","092130","이크레더블","WI250","상사,자본재","WI25030","기타자본재","G202010","상업서비스와공급품",324,"PDF"
"2026-09-21","122450","KX","WI250","상사,자본재","WI25010","복합기업","G201050","복합기업",276,"PDF"
"2026-09-21","058860","KTis","WI250","상사,자본재","WI25030","기타자본재","G202010","상업서비스와공급품",324,"PDF"
"2026-09-21","058850","KTcs","WI250","상사,자본재","WI25030","기타자본재","G202010","상업서비스와공급품",324,"PDF"
"2026-09-21","090850","현대이지웰","WI250","상사,자본재","WI25030","기타자본재","G202010","상업서비스와공급품",324,"PDF"
"2026-09-21","474610","RF시스템즈","WI250","상사,자본재","WI25030","기타자본재","G201010","우주항공과국방",284,"PDF"
"2026-09-21","005870","휴니드","WI250","상사,자본재","WI25030","기타자본재","G201010","우주항공과국방",284,"PDF"
"2026-09-21","095270","웨이브일렉트로","WI250","상사,자본재","WI25030","기타자본재","G201010","우주항공과국방",284,"PDF"
"2026-09-21","448710","코츠테크놀로지","WI250","상사,자본재","WI25030","기타자본재","G201010","우주항공과국방",284,"PDF"
"2026-09-21","094280","효성ITX","WI250","상사,자본재","WI25030","기타자본재","G202010","상업서비스와공급품",324,"PDF"
"2026-09-21","043910","자연과환경","WI250","상사,자본재","WI25030","기타자본재","G202010","상업서비스와공급품",324,"PDF"
"2026-09-21","105760","포스뱅크","WI250","상사,자본재","WI25030","기타자본재","G202010","상업서비스와공급품",324,"PDF"
"2026-09-21","036120","서울평가정보","WI250","상사,자본재","WI25030","기타자본재","G202010","상업서비스와공급품",324,"PDF"
"2026-09-21","215090","솔디펜스","WI250","상사,자본재","WI25030","기타자본재","G201010","우주항공과국방",284,"PDF"
"2026-09-21","221840","하이즈항공","WI250","상사,자본재","WI25030","기타자본재","G201010","우주항공과국방",284,"PDF"
"2026-09-21","376980","원티드랩","WI250","상사,자본재","WI25030","기타자본재","G202010","상업서비스와공급품",324,"PDF"
"2026-09-21","119650","KC코트렐","WI250","상사,자본재","WI25030","기타자본재","G202010","상업서비스와공급품",324,"PDF"
"2026-09-21","288180","케이피항공산업","WI250","상사,자본재","WI25030","기타자본재","G201010","우주항공과국방",284,"PDF"
"2026-09-21","090370","메타랩스","WI250","상사,자본재","WI25030","기타자본재","G202010","상업서비스와공급품",324,"PDF"
"2026-09-21","030960","양지사","WI250","상사,자본재","WI25030","기타자본재","G202010","상업서비스와공급품",324,"PDF"
"2026-09-21","011200","HMM","WI260","운송","WI26010","운송","G203030","해운사",323,"PDF"
"2026-09-21","086280","현대글로비스","WI260","운송","WI26010","운송","G203010","항공화물운송과물류",326,"PDF"
"2026-09-21","003490","대한항공","WI260","운송","WI26010","운송","G203020","항공사",305,"PDF"
"2026-09-21","180640","한진칼","WI260","운송","WI26010","운송","G203020","항공사",305,"PDF"
"2026-09-21","028670","팬오션","WI260","운송","WI26010","운송","G203030","해운사",323,"PDF"
"2026-09-21","000120","CJ대한통운","WI260","운송","WI26010","운송","G203010","항공화물운송과물류",326,"PDF"
"2026-09-21","089860","롯데렌탈","WI260","운송","WI26010","운송","G203040","도로와철도운송",329,"PDF"
"2026-09-21","020560","아시아나항공","WI260","운송","WI26010","운송","G203020","항공사",305,"PDF"
"2026-09-21","005880","대한해운","WI260","운송","WI26010","운송","G203030","해운사",323,"PDF"
"2026-09-21","403550","쏘카","WI260","운송","WI26010","운송","G203040","도로와철도운송",329,"PDF"
"2026-09-21","045390","대아티아이","WI260","운송","WI26010","운송","G203040","도로와철도운송",329,"PDF"
"2026-09-21","089590","제주항공","WI260","운송","WI26010","운송","G203020","항공사",305,"PDF"
"2026-09-21","044450","KSS해운","WI260","운송","WI26010","운송","G203030","해운사",323,"PDF"
"2026-09-21","002320","한진","WI260","운송","WI26010","운송","G203010","항공화물운송과물류",326,"PDF"
"2026-09-21","004360","세방","WI260","운송","WI26010","운송","G203010","항공화물운송과물류",326,"PDF"
"2026-09-21","298690","에어부산","WI260","운송","WI26010","운송","G203020","항공사",305,"PDF"
"2026-09-21","272450","진에어","WI260","운송","WI26010","운송","G203020","항공사",305,"PDF"
"2026-09-21","003280","흥아해운","WI260","운송","WI26010","운송","G203030","해운사",323,"PDF"
"2026-09-21","065710","서호전기","WI260","운송","WI26010","운송","G203050","운송인프라",296,"PDF"
"2026-09-21","005430","한국공항","WI260","운송","WI26010","운송","G203050","운송인프라",296,"PDF"
"2026-09-21","009070","KCTC","WI260","운송","WI26010","운송","G203010","항공화물운송과물류",326,"PDF"
"2026-09-21","000700","유수홀딩스","WI260","운송","WI26010","운송","G203010","항공화물운송과물류",326,"PDF"
"2026-09-21","095570","AJ네트웍스","WI260","운송","WI26010","운송","G203040","도로와철도운송",329,"PDF"
"2026-09-21","091810","트리니티항공","WI260","운송","WI26010","운송","G203020","항공사",305,"PDF"
"2026-09-21","004140","동방","WI260","운송","WI26010","운송","G203010","항공화물운송과물류",326,"PDF"
"2026-09-21","067900","와이엔텍","WI260","운송","WI26010","운송","G203030","해운사",323,"PDF"
"2026-09-21","109070","주성코퍼레이션","WI260","운송","WI26010","운송","G203030","해운사",323,"PDF"
"2026-09-21","024800","유성티엔에스","WI260","운송","WI26010","운송","G203040","도로와철도운송",329,"PDF"
"2026-09-21","003100","선광","WI260","운송","WI26010","운송","G203050","운송인프라",296,"PDF"
"2026-09-21","009180","한솔로지스틱스","WI260","운송","WI26010","운송","G203010","항공화물운송과물류",326,"PDF"
"2026-09-21","124560","태웅로직스","WI260","운송","WI26010","운송","G203030","해운사",323,"PDF"
"2026-09-21","045340","토탈소프트","WI260","운송","WI26010","운송","G203050","운송인프라",296,"PDF"
"2026-09-21","038390","레드캡투어","WI260","운송","WI26010","운송","G203040","도로와철도운송",329,"PDF"
"2026-09-21","054300","팬스타엔터프라이즈","WI260","운송","WI26010","운송","G203030","해운사",323,"PDF"
"2026-09-21","084670","동양고속","WI260","운송","WI26010","운송","G203040","도로와철도운송",329,"PDF"
"2026-09-21","000650","천일고속","WI260","운송","WI26010","운송","G203040","도로와철도운송",329,"PDF"
"2026-09-21","129260","인터지스","WI260","운송","WI26010","운송","G203030","해운사",323,"PDF"
"2026-09-21","121890","에스디시스템","WI260","운송","WI26010","운송","G203050","운송인프라",296,"PDF"
"2026-09-21","033290","로젠","WI260","운송","WI26010","운송","G203010","항공화물운송과물류",326,"PDF"
"2026-09-21","038620","위즈코프","WI260","운송","WI26010","운송","G203050","운송인프라",296,"PDF"
"2026-09-21","014130","한익스프레스","WI260","운송","WI26010","운송","G203010","항공화물운송과물류",326,"PDF"
"2026-09-21","032280","삼일","WI260","운송","WI26010","운송","G203010","항공화물운송과물류",326,"PDF"
"2026-09-21","005380","현대차","WI300","자동차","WI30010","자동차","G251020","자동차",273,"PDF"
"2026-09-21","000270","기아","WI300","자동차","WI30010","자동차","G251020","자동차",273,"PDF"
"2026-09-21","012330","현대모비스","WI300","자동차","WI30020","자동차부품","G251010","자동차부품",270,"PDF"
"2026-09-21","161390","한국타이어앤테크놀로지","WI300","자동차","WI30020","자동차부품","G251010","자동차부품",270,"PDF"
"2026-09-21","018880","한온시스템","WI300","자동차","WI30020","자동차부품","G251010","자동차부품",270,"PDF"
"2026-09-21","204320","HL만도","WI300","자동차","WI30020","자동차부품","G251010","자동차부품",270,"PDF"
"2026-09-21","000240","한국앤컴퍼니","WI300","자동차","WI30020","자동차부품","G251010","자동차부품",270,"PDF"
"2026-09-21","007340","DN오토모티브","WI300","자동차","WI30020","자동차부품","G251010","자동차부품",270,"PDF"
"2026-09-21","011210","현대위아","WI300","자동차","WI30020","자동차부품","G251010","자동차부품",270,"PDF"
"2026-09-21","005850","에스엘","WI300","자동차","WI30020","자동차부품","G251010","자동차부품",270,"PDF"
"2026-09-21","073240","금호타이어","WI300","자동차","WI30020","자동차부품","G251010","자동차부품",270,"PDF"
"2026-09-21","437730","삼현","WI300","자동차","WI30020","자동차부품","G251010","자동차부품",270,"PDF"
"2026-09-21","004490","세방전지","WI300","자동차","WI30020","자동차부품","G251010","자동차부품",270,"PDF"
"2026-09-21","025540","한국단자","WI300","자동차","WI30020","자동차부품","G251010","자동차부품",270,"PDF"
"2026-09-21","064960","SNT모티브","WI300","자동차","WI30020","자동차부품","G251010","자동차부품",270,"PDF"
"2026-09-21","003570","SNT다이내믹스","WI300","자동차","WI30020","자동차부품","G251010","자동차부품",270,"PDF"
"2026-09-21","015750","성우하이텍","WI300","자동차","WI30020","자동차부품","G251010","자동차부품",270,"PDF"
"2026-09-21","125490","한라캐스트","WI300","자동차","WI30020","자동차부품","G251010","자동차부품",270,"PDF"
"2026-09-21","009900","명신산업","WI300","자동차","WI30020","자동차부품","G251010","자동차부품",270,"PDF"
"2026-09-21","003620","KG모빌리티","WI300","자동차","WI30010","자동차","G251020","자동차",273,"PDF"
"2026-09-21","060980","HL홀딩스","WI300","자동차","WI30020","자동차부품","G251010","자동차부품",270,"PDF"
"2026-09-21","036530","SNT홀딩스","WI300","자동차","WI30020","자동차부품","G251010","자동차부품",270,"PDF"
"2026-09-21","002350","넥센타이어","WI300","자동차","WI30020","자동차부품","G251010","자동차부품",270,"PDF"
"2026-09-21","354320","알멕","WI300","자동차","WI30020","자동차부품","G251010","자동차부품",270,"PDF"
"2026-09-21","448900","한국피아이엠","WI300","자동차","WI30020","자동차부품","G251010","자동차부품",270,"PDF"
"2026-09-21","000430","대원강업","WI300","자동차","WI30020","자동차부품","G251010","자동차부품",270,"PDF"
"2026-09-21","200880","서연이화","WI300","자동차","WI30020","자동차부품","G251010","자동차부품",270,"PDF"
"2026-09-21","010690","화신","WI300","자동차","WI30020","자동차부품","G251010","자동차부품",270,"PDF"
"2026-09-21","001390","KG케미칼","WI300","자동차","WI30010","자동차","G251020","자동차",273,"PDF"
"2026-09-21","092200","디아이씨","WI300","자동차","WI30020","자동차부품","G251010","자동차부품",270,"PDF"
"2026-09-21","271940","일진하이솔루스","WI300","자동차","WI30020","자동차부품","G251010","자동차부품",270,"PDF"
"2026-09-21","041020","폴라리스오피스","WI300","자동차","WI30020","자동차부품","G251010","자동차부품",270,"PDF"
"2026-09-21","151860","KG에코솔루션","WI300","자동차","WI30010","자동차","G251020","자동차",273,"PDF"
"2026-09-21","033530","SJG세종","WI300","자동차","WI30020","자동차부품","G251010","자동차부품",270,"PDF"
"2026-09-21","123410","코리아에프티","WI300","자동차","WI30020","자동차부품","G251010","자동차부품",270,"PDF"
"2026-09-21","009680","모토닉","WI300","자동차","WI30020","자동차부품","G251010","자동차부품",270,"PDF"
"2026-09-21","118990","모트렉스","WI300","자동차","WI30020","자동차부품","G251010","자동차부품",270,"PDF"
"2026-09-21","005720","넥센","WI300","자동차","WI30020","자동차부품","G251010","자동차부품",270,"PDF"
"2026-09-21","043370","피에이치에이","WI300","자동차","WI30020","자동차부품","G251010","자동차부품",270,"PDF"
"2026-09-21","085910","네오티스","WI300","자동차","WI30020","자동차부품","G251010","자동차부품",270,"PDF"
"2026-09-21","126640","화신정공","WI300","자동차","WI30020","자동차부품","G251010","자동차부품",270,"PDF"
"2026-09-21","012860","모베이스전자","WI300","자동차","WI30020","자동차부품","G251010","자동차부품",270,"PDF"
"2026-09-21","381970","케이카","WI300","자동차","WI30010","자동차","G251020","자동차",273,"PDF"
"2026-09-21","007860","서연","WI300","자동차","WI30020","자동차부품","G251010","자동차부품",270,"PDF"
"2026-09-21","005710","대원산업","WI300","자동차","WI30020","자동차부품","G251010","자동차부품",270,"PDF"
"2026-09-21","212560","네오오토","WI300","자동차","WI30020","자동차부품","G251010","자동차부품",270,"PDF"
"2026-09-21","100250","진양홀딩스","WI300","자동차","WI30020","자동차부품","G251010","자동차부품",270,"PDF"
"2026-09-21","053700","삼보모터스","WI300","자동차","WI30020","자동차부품","G251010","자동차부품",270,"PDF"
"2026-09-21","012200","계양전기","WI300","자동차","WI30020","자동차부품","G251010","자동차부품",270,"PDF"
"2026-09-21","067990","도이치모터스","WI300","자동차","WI30010","자동차","G251020","자동차",273,"PDF"
"2026-09-21","066590","스모트로닉","WI300","자동차","WI30020","자동차부품","G251010","자동차부품",270,"PDF"
"2026-09-21","023800","인지컨트롤스","WI300","자동차","WI30020","자동차부품","G251010","자동차부품",270,"PDF"
"2026-09-21","010100","한국무브넥스","WI300","자동차","WI30020","자동차부품","G251010","자동차부품",270,"PDF"
"2026-09-21","013570","디와이","WI300","자동차","WI30020","자동차부품","G251010","자동차부품",270,"PDF"
"2026-09-21","013310","아진산업","WI300","자동차","WI30020","자동차부품","G251010","자동차부품",270,"PDF"
"2026-09-21","038110","에코플라스틱","WI300","자동차","WI30020","자동차부품","G251010","자동차부품",270,"PDF"
"2026-09-21","019180","티에이치엔","WI300","자동차","WI30020","자동차부품","G251010","자동차부품",270,"PDF"
"2026-09-21","021820","세원정공","WI300","자동차","WI30020","자동차부품","G251010","자동차부품",270,"PDF"
"2026-09-21","013520","화승코퍼레이션","WI300","자동차","WI30020","자동차부품","G251010","자동차부품",270,"PDF"
"2026-09-21","016740","두올","WI300","자동차","WI30020","자동차부품","G251010","자동차부품",270,"PDF"
"2026-09-21","004100","태양금속","WI300","자동차","WI30020","자동차부품","G251010","자동차부품",270,"PDF"
"2026-09-21","011320","유니크","WI300","자동차","WI30020","자동차부품","G251010","자동차부품",270,"PDF"
"2026-09-21","000300","DH오토넥스","WI300","자동차","WI30020","자동차부품","G251010","자동차부품",270,"PDF"
"2026-09-21","024740","한일단조","WI300","자동차","WI30020","자동차부품","G251010","자동차부품",270,"PDF"
"2026-09-21","331740","아우토크립트","WI300","자동차","WI30020","자동차부품","G251010","자동차부품",270,"PDF"
"2026-09-21","018500","동원모빌리티","WI300","자동차","WI30020","자동차부품","G251010","자동차부품",270,"PDF"
"2026-09-21","006660","삼성공조","WI300","자동차","WI30020","자동차부품","G251010","자동차부품",270,"PDF"
"2026-09-21","419050","삼기에너지솔루션즈","WI300","자동차","WI30020","자동차부품","G251010","자동차부품",270,"PDF"
"2026-09-21","010580","에스엠벡셀","WI300","자동차","WI30020","자동차부품","G251010","자동차부품",270,"PDF"
"2026-09-21","123040","엠에스오토텍","WI300","자동차","WI30020","자동차부품","G251010","자동차부품",270,"PDF"
"2026-09-21","089470","HDC현대EP","WI300","자동차","WI30020","자동차부품","G251010","자동차부품",270,"PDF"
"2026-09-21","424960","스마트레이더시스템","WI300","자동차","WI30020","자동차부품","G251010","자동차부품",270,"PDF"
"2026-09-21","104040","디에스엠","WI300","자동차","WI30020","자동차부품","G251010","자동차부품",270,"PDF"
"2026-09-21","122350","삼기","WI300","자동차","WI30020","자동차부품","G251010","자동차부품",270,"PDF"
"2026-09-21","0015S0","페스카로","WI300","자동차","WI30020","자동차부품","G251010","자동차부품",270,"PDF"
"2026-09-21","067570","엔브이에이치코리아","WI300","자동차","WI30020","자동차부품","G251010","자동차부품",270,"PDF"
"2026-09-21","101330","모베이스","WI300","자동차","WI30020","자동차부품","G251010","자동차부품",270,"PDF"
"2026-09-21","041930","SY동아","WI300","자동차","WI30020","자동차부품","G251010","자동차부품",270,"PDF"
"2026-09-21","019540","일지테크","WI300","자동차","WI30020","자동차부품","G251010","자동차부품",270,"PDF"
"2026-09-21","265560","영화테크","WI300","자동차","WI30020","자동차부품","G251010","자동차부품",270,"PDF"
"2026-09-21","033310","엠투엔","WI300","자동차","WI30020","자동차부품","G251010","자동차부품",270,"PDF"
"2026-09-21","214330","금호에이치티","WI300","자동차","WI30020","자동차부품","G251010","자동차부품",270,"PDF"
"2026-09-21","215360","우리산업","WI300","자동차","WI30020","자동차부품","G251010","자동차부품",270,"PDF"
"2026-09-21","170030","현대공업","WI300","자동차","WI30020","자동차부품","G251010","자동차부품",270,"PDF"
"2026-09-21","011330","유니켐","WI300","자동차","WI30020","자동차부품","G251010","자동차부품",270,"PDF"
"2026-09-21","023000","삼원강재","WI300","자동차","WI30020","자동차부품","G251010","자동차부품",270,"PDF"
"2026-09-21","017370","우신시스템","WI300","자동차","WI30020","자동차부품","G251010","자동차부품",270,"PDF"
"2026-09-21","024900","디와이덕양","WI300","자동차","WI30020","자동차부품","G251010","자동차부품",270,"PDF"
"2026-09-21","336680","탑런토탈솔루션","WI300","자동차","WI30020","자동차부품","G251010","자동차부품",270,"PDF"
"2026-09-21","013870","지엠비코리아","WI300","자동차","WI30020","자동차부품","G251010","자동차부품",270,"PDF"
"2026-09-21","053270","구영테크","WI300","자동차","WI30020","자동차부품","G251010","자동차부품",270,"PDF"
"2026-09-21","065500","오리엔트정공","WI300","자동차","WI30020","자동차부품","G251010","자동차부품",270,"PDF"
"2026-09-21","009320","아진전자부품","WI300","자동차","WI30020","자동차부품","G251010","자동차부품",270,"PDF"
"2026-09-21","024910","경창산업","WI300","자동차","WI30020","자동차부품","G251010","자동차부품",270,"PDF"
"2026-09-21","040610","SG&G","WI300","자동차","WI30020","자동차부품","G251010","자동차부품",270,"PDF"
"2026-09-21","234100","폴라리스세원","WI300","자동차","WI30020","자동차부품","G251010","자동차부품",270,"PDF"
"2026-09-21","198940","한주라이트메탈","WI300","자동차","WI30020","자동차부품","G251010","자동차부품",270,"PDF"
"2026-09-21","012280","영화금속","WI300","자동차","WI30020","자동차부품","G251010","자동차부품",270,"PDF"
"2026-09-21","123700","SJM","WI300","자동차","WI30020","자동차부품","G251010","자동차부품",270,"PDF"
"2026-09-21","310870","디와이씨","WI300","자동차","WI30020","자동차부품","G251010","자동차부품",270,"PDF"
"2026-09-21","378850","화승알앤에이","WI300","자동차","WI30020","자동차부품","G251010","자동차부품",270,"PDF"
"2026-09-21","001620","케이비아이동국실업","WI300","자동차","WI30020","자동차부품","G251010","자동차부품",270,"PDF"
"2026-09-21","023810","인팩","WI300","자동차","WI30020","자동차부품","G251010","자동차부품",270,"PDF"
"2026-09-21","031510","오스템","WI300","자동차","WI30020","자동차부품","G251010","자동차부품",270,"PDF"
"2026-09-21","002920","유성기업","WI300","자동차","WI30020","자동차부품","G251010","자동차부품",270,"PDF"
"2026-09-21","090080","평화산업","WI300","자동차","WI30020","자동차부품","G251010","자동차부품",270,"PDF"
"2026-09-21","463480","모티브링크","WI300","자동차","WI30020","자동차부품","G251010","자동차부품",270,"PDF"
"2026-09-21","241690","유니테크노","WI300","자동차","WI30020","자동차부품","G251010","자동차부품",270,"PDF"
"2026-09-21","097780","에코볼트","WI300","자동차","WI30020","자동차부품","G251010","자동차부품",270,"PDF"
"2026-09-21","071850","캐스텍코리아","WI300","자동차","WI30020","자동차부품","G251010","자동차부품",270,"PDF"
"2026-09-21","048430","유라테크","WI300","자동차","WI30020","자동차부품","G251010","자동차부품",270,"PDF"
"2026-09-21","010770","평화홀딩스","WI300","자동차","WI30020","자동차부품","G251010","자동차부품",270,"PDF"
"2026-09-21","013720","청보","WI300","자동차","WI30020","자동차부품","G251010","자동차부품",270,"PDF"
"2026-09-21","105550","엣지파운드리","WI300","자동차","WI30020","자동차부품","G251010","자동차부품",270,"PDF"
"2026-09-21","041650","상신브레이크","WI300","자동차","WI30020","자동차부품","G251010","자동차부품",270,"PDF"
"2026-09-21","047400","유니온머티리얼","WI300","자동차","WI30020","자동차부품","G251010","자동차부품",270,"PDF"
"2026-09-21","078590","휴림에이텍","WI300","자동차","WI30020","자동차부품","G251010","자동차부품",270,"PDF"
"2026-09-21","075180","새론오토모티브","WI300","자동차","WI30020","자동차부품","G251010","자동차부품",270,"PDF"
"2026-09-21","024120","KB오토시스","WI300","자동차","WI30020","자동차부품","G251010","자동차부품",270,"PDF"
"2026-09-21","019770","서연탑메탈","WI300","자동차","WI30020","자동차부품","G251010","자동차부품",270,"PDF"
"2026-09-21","093380","풍강","WI300","자동차","WI30020","자동차부품","G251010","자동차부품",270,"PDF"
"2026-09-21","128540","에코캡","WI300","자동차","WI30020","자동차부품","G251010","자동차부품",270,"PDF"
"2026-09-21","002880","디와이에이","WI300","자동차","WI30020","자동차부품","G251010","자동차부품",270,"PDF"
"2026-09-21","033250","체시스","WI300","자동차","WI30020","자동차부품","G251010","자동차부품",270,"PDF"
"2026-09-21","025440","DH오토웨어","WI300","자동차","WI30020","자동차부품","G251010","자동차부품",270,"PDF"
"2026-09-21","038880","아이에이","WI300","자동차","WI30020","자동차부품","G251010","자동차부품",270,"PDF"
"2026-09-21","092780","DYP","WI300","자동차","WI30020","자동차부품","G251010","자동차부품",270,"PDF"
"2026-09-21","021650","한국큐빅","WI300","자동차","WI30020","자동차부품","G251010","자동차부품",270,"PDF"
"2026-09-21","007530","와이엠","WI300","자동차","WI30020","자동차부품","G251010","자동차부품",270,"PDF"
"2026-09-21","090150","아이윈","WI300","자동차","WI30020","자동차부품","G251010","자동차부품",270,"PDF"
"2026-09-21","290120","DH오토리드","WI300","자동차","WI30020","자동차부품","G251010","자동차부품",270,"PDF"
"2026-09-21","024830","세원물산","WI300","자동차","WI30020","자동차부품","G251010","자동차부품",270,"PDF"
"2026-09-21","122690","서진오토모티브","WI300","자동차","WI30020","자동차부품","G251010","자동차부품",270,"PDF"
"2026-09-21","053060","세동","WI300","자동차","WI30020","자동차부품","G251010","자동차부품",270,"PDF"
"2026-09-21","308170","씨티알모빌리티","WI300","자동차","WI30020","자동차부품","G251010","자동차부품",270,"PDF"
"2026-09-21","208860","다산디엠씨","WI300","자동차","WI30020","자동차부품","G251010","자동차부품",270,"PDF"
"2026-09-21","353590","오토앤","WI300","자동차","WI30020","자동차부품","G251010","자동차부품",270,"PDF"
"2026-09-21","025530","SJM홀딩스","WI300","자동차","WI30020","자동차부품","G251010","자동차부품",270,"PDF"
"2026-09-21","130740","티피씨글로벌","WI300","자동차","WI30020","자동차부품","G251010","자동차부품",270,"PDF"
"2026-09-21","130500","GH신소재","WI300","자동차","WI30020","자동차부품","G251010","자동차부품",270,"PDF"
"2026-09-21","113810","디젠스","WI300","자동차","WI30020","자동차부품","G251010","자동차부품",270,"PDF"
"2026-09-21","146060","율촌","WI300","자동차","WI30020","자동차부품","G251010","자동차부품",270,"PDF"
"2026-09-21","001380","SG글로벌","WI300","자동차","WI30020","자동차부품","G251010","자동차부품",270,"PDF"
"2026-09-21","143210","핸즈코퍼레이션","WI300","자동차","WI30020","자동차부품","G251010","자동차부품",270,"PDF"
"2026-09-21","080470","성창오토텍","WI300","자동차","WI30020","자동차부품","G251010","자동차부품",270,"PDF"
"2026-09-21","072470","우리산업홀딩스","WI300","자동차","WI30020","자동차부품","G251010","자동차부품",270,"PDF"
"2026-09-21","020400","대동금속","WI300","자동차","WI30020","자동차부품","G251010","자동차부품",270,"PDF"
"2026-09-21","087260","모바일어플라이언스","WI300","자동차","WI30020","자동차부품","G251010","자동차부품",270,"PDF"
"2026-09-21","278470","에이피알","WI310","화장품,의류","WI31010","화장품","G252065","화장품",266,"PDF"
"2026-09-21","021240","코웨이","WI310","화장품,의류","WI31030","문구,가정용품","G252040","가정용기기와용품",298,"PDF"
"2026-09-21","090430","아모레퍼시픽","WI310","화장품,의류","WI31010","화장품","G252065","화장품",266,"PDF"
"2026-09-21","051900","LG생활건강","WI310","화장품,의류","WI31010","화장품","G252065","화장품",266,"PDF"
"2026-09-21","161890","한국콜마","WI310","화장품,의류","WI31010","화장품","G252065","화장품",266,"PDF"
"2026-09-21","192820","코스맥스","WI310","화장품,의류","WI31010","화장품","G252065","화장품",266,"PDF"
"2026-09-21","111770","영원무역","WI310","화장품,의류","WI31020","의류","G252060","섬유,의류,신발,호화품",274,"PDF"
"2026-09-21","483650","달바글로벌","WI310","화장품,의류","WI31010","화장품","G252065","화장품",266,"PDF"
"2026-09-21","081660","미스토홀딩스","WI310","화장품,의류","WI31020","의류","G252060","섬유,의류,신발,호화품",274,"PDF"
"2026-09-21","383220","F&F","WI310","화장품,의류","WI31020","의류","G252060","섬유,의류,신발,호화품",274,"PDF"
"2026-09-21","009970","영원무역홀딩스","WI310","화장품,의류","WI31020","의류","G252060","섬유,의류,신발,호화품",274,"PDF"
"2026-09-21","241710","코스메카코리아","WI310","화장품,의류","WI31010","화장품","G252065","화장품",266,"PDF"
"2026-09-21","002790","아모레퍼시픽홀딩스","WI310","화장품,의류","WI31010","화장품","G252065","화장품",266,"PDF"
"2026-09-21","048410","현대바이오","WI310","화장품,의류","WI31010","화장품","G252065","화장품",266,"PDF"
"2026-09-21","065350","신성델타테크","WI310","화장품,의류","WI31030","문구,가정용품","G252040","가정용기기와용품",298,"PDF"
"2026-09-21","001530","DI동일","WI310","화장품,의류","WI31020","의류","G252060","섬유,의류,신발,호화품",274,"PDF"
"2026-09-21","009450","경동나비엔","WI310","화장품,의류","WI31030","문구,가정용품","G252040","가정용기기와용품",298,"PDF"
"2026-09-21","018290","브이티","WI310","화장품,의류","WI31010","화장품","G252065","화장품",266,"PDF"
"2026-09-21","036620","감성코퍼레이션","WI310","화장품,의류","WI31020","의류","G252060","섬유,의류,신발,호화품",274,"PDF"
"2026-09-21","093050","LF","WI310","화장품,의류","WI31020","의류","G252060","섬유,의류,신발,호화품",274,"PDF"
"2026-09-21","192400","쿠쿠홀딩스","WI310","화장품,의류","WI31030","문구,가정용품","G252040","가정용기기와용품",298,"PDF"
"2026-09-21","092730","네오팜","WI310","화장품,의류","WI31010","화장품","G252065","화장품",266,"PDF"
"2026-09-21","020000","한섬","WI310","화장품,의류","WI31020","의류","G252060","섬유,의류,신발,호화품",274,"PDF"
"2026-09-21","031430","신세계인터내셔날","WI310","화장품,의류","WI31020","의류","G252060","섬유,의류,신발,호화품",274,"PDF"
"2026-09-21","194370","제이에스코퍼레이션","WI310","화장품,의류","WI31020","의류","G252060","섬유,의류,신발,호화품",274,"PDF"
"2026-09-21","024720","콜마홀딩스","WI310","화장품,의류","WI31010","화장품","G252065","화장품",266,"PDF"
"2026-09-21","284740","쿠쿠홈시스","WI310","화장품,의류","WI31030","문구,가정용품","G252040","가정용기기와용품",298,"PDF"
"2026-09-21","123330","제닉","WI310","화장품,의류","WI31010","화장품","G252065","화장품",266,"PDF"
"2026-09-21","121440","골프존홀딩스","WI310","화장품,의류","WI31040","레저용품","G252050","레저용장비와제품",271,"PDF"
"2026-09-21","439090","마녀공장","WI310","화장품,의류","WI31010","화장품","G252065","화장품",266,"PDF"
"2026-09-21","004700","조광피혁","WI310","화장품,의류","WI31020","의류","G252060","섬유,의류,신발,호화품",274,"PDF"
"2026-09-21","105630","한세실업","WI310","화장품,의류","WI31020","의류","G252060","섬유,의류,신발,호화품",274,"PDF"
"2026-09-21","003350","한국화장품제조","WI310","화장품,의류","WI31010","화장품","G252065","화장품",266,"PDF"
"2026-09-21","270660","에브리봇","WI310","화장품,의류","WI31030","문구,가정용품","G252040","가정용기기와용품",298,"PDF"
"2026-09-21","003200","일신방직","WI310","화장품,의류","WI31020","의류","G252060","섬유,의류,신발,호화품",274,"PDF"
"2026-09-21","018250","애경산업","WI310","화장품,의류","WI31010","화장품","G252065","화장품",266,"PDF"
"2026-09-21","035150","백산","WI310","화장품,의류","WI31020","의류","G252060","섬유,의류,신발,호화품",274,"PDF"
"2026-09-21","032940","원익","WI310","화장품,의류","WI31010","화장품","G252065","화장품",266,"PDF"
"2026-09-21","000050","경방","WI310","화장품,의류","WI31020","의류","G252060","섬유,의류,신발,호화품",274,"PDF"
"2026-09-21","481070","에이유브랜즈","WI310","화장품,의류","WI31020","의류","G252060","섬유,의류,신발,호화품",274,"PDF"
"2026-09-21","013990","아가방컴퍼니","WI310","화장품,의류","WI31020","의류","G252060","섬유,의류,신발,호화품",274,"PDF"
"2026-09-21","052260","현대바이오랜드","WI310","화장품,의류","WI31010","화장품","G252065","화장품",266,"PDF"
"2026-09-21","237880","클리오","WI310","화장품,의류","WI31010","화장품","G252065","화장품",266,"PDF"
"2026-09-21","114840","아이패밀리에스씨","WI310","화장품,의류","WI31010","화장품","G252065","화장품",266,"PDF"
"2026-09-21","078520","에이블씨엔씨","WI310","화장품,의류","WI31010","화장품","G252065","화장품",266,"PDF"
"2026-09-21","006060","화승인더","WI310","화장품,의류","WI31020","의류","G252060","섬유,의류,신발,호화품",274,"PDF"
"2026-09-21","352480","씨앤씨인터내셔널","WI310","화장품,의류","WI31010","화장품","G252065","화장품",266,"PDF"
"2026-09-21","472850","폰드그룹","WI310","화장품,의류","WI31020","의류","G252060","섬유,의류,신발,호화품",274,"PDF"
"2026-09-21","003610","방림","WI310","화장품,의류","WI31020","의류","G252060","섬유,의류,신발,호화품",274,"PDF"
"2026-09-21","126560","현대퓨처넷","WI310","화장품,의류","WI31010","화장품","G252065","화장품",266,"PDF"
"2026-09-21","009270","신원","WI310","화장품,의류","WI31020","의류","G252060","섬유,의류,신발,호화품",274,"PDF"
"2026-09-21","005800","신영와코루","WI310","화장품,의류","WI31020","의류","G252060","섬유,의류,신발,호화품",274,"PDF"
"2026-09-21","039830","오로라","WI310","화장품,의류","WI31040","레저용품","G252050","레저용장비와제품",271,"PDF"
"2026-09-21","001460","BYC","WI310","화장품,의류","WI31020","의류","G252060","섬유,의류,신발,호화품",274,"PDF"
"2026-09-21","265740","엔에프씨","WI310","화장품,의류","WI31010","화장품","G252065","화장품",266,"PDF"
"2026-09-21","214420","토니모리","WI310","화장품,의류","WI31010","화장품","G252065","화장품",266,"PDF"
"2026-09-21","489460","바이오비쥬","WI310","화장품,의류","WI31010","화장품","G252065","화장품",266,"PDF"
"2026-09-21","002700","신일전자","WI310","화장품,의류","WI31030","문구,가정용품","G252040","가정용기기와용품",298,"PDF"
"2026-09-21","298540","더네이쳐홀딩스","WI310","화장품,의류","WI31020","의류","G252060","섬유,의류,신발,호화품",274,"PDF"
"2026-09-21","0015N0","아로마티카","WI310","화장품,의류","WI31010","화장품","G252065","화장품",266,"PDF"
"2026-09-21","487580","폴레드","WI310","화장품,의류","WI31030","문구,가정용품","G252040","가정용기기와용품",298,"PDF"
"2026-09-21","047770","코데즈컴바인","WI310","화장품,의류","WI31020","의류","G252060","섬유,의류,신발,호화품",274,"PDF"
"2026-09-21","214260","라파스","WI310","화장품,의류","WI31010","화장품","G252065","화장품",266,"PDF"
"2026-09-21","007980","TP","WI310","화장품,의류","WI31020","의류","G252060","섬유,의류,신발,호화품",274,"PDF"
"2026-09-21","042600","새로닉스","WI310","화장품,의류","WI31030","문구,가정용품","G252040","가정용기기와용품",298,"PDF"
"2026-09-21","123690","한국화장품","WI310","화장품,의류","WI31010","화장품","G252065","화장품",266,"PDF"
"2026-09-21","002170","SYTS","WI310","화장품,의류","WI31020","의류","G252060","섬유,의류,신발,호화품",274,"PDF"
"2026-09-21","241590","화승엔터프라이즈","WI310","화장품,의류","WI31020","의류","G252060","섬유,의류,신발,호화품",274,"PDF"
"2026-09-21","168330","내츄럴엔도텍","WI310","화장품,의류","WI31010","화장품","G252065","화장품",266,"PDF"
"2026-09-21","002450","삼익악기","WI310","화장품,의류","WI31040","레저용품","G252050","레저용장비와제품",271,"PDF"
"2026-09-21","007700","F&F홀딩스","WI310","화장품,의류","WI31020","의류","G252060","섬유,의류,신발,호화품",274,"PDF"
"2026-09-21","0117P0","피스피스스튜디오","WI310","화장품,의류","WI31020","의류","G252060","섬유,의류,신발,호화품",274,"PDF"
"2026-09-21","226320","잇츠한불","WI310","화장품,의류","WI31010","화장품","G252065","화장품",266,"PDF"
"2026-09-21","004830","덕성","WI310","화장품,의류","WI31020","의류","G252060","섬유,의류,신발,호화품",274,"PDF"
"2026-09-21","011300","우성머티리얼스","WI310","화장품,의류","WI31020","의류","G252060","섬유,의류,신발,호화품",274,"PDF"
"2026-09-21","337930","젝시믹스","WI310","화장품,의류","WI31020","의류","G252060","섬유,의류,신발,호화품",274,"PDF"
"2026-09-21","318160","셀바이오휴먼텍","WI310","화장품,의류","WI31010","화장품","G252065","화장품",266,"PDF"
"2026-09-21","110790","크리스에프앤씨","WI310","화장품,의류","WI31020","의류","G252060","섬유,의류,신발,호화품",274,"PDF"
"2026-09-21","086710","선진뷰티사이언스","WI310","화장품,의류","WI31010","화장품","G252065","화장품",266,"PDF"
"2026-09-21","037070","파세코","WI310","화장품,의류","WI31030","문구,가정용품","G252040","가정용기기와용품",298,"PDF"
"2026-09-21","027050","코리아나","WI310","화장품,의류","WI31010","화장품","G252065","화장품",266,"PDF"
"2026-09-21","016090","대현","WI310","화장품,의류","WI31020","의류","G252060","섬유,의류,신발,호화품",274,"PDF"
"2026-09-21","366030","나인앤컴퍼니","WI310","화장품,의류","WI31020","의류","G252060","섬유,의류,신발,호화품",274,"PDF"
"2026-09-21","016450","한세예스24홀딩스","WI310","화장품,의류","WI31020","의류","G252060","섬유,의류,신발,호화품",274,"PDF"
"2026-09-21","317870","엔바이오니아","WI310","화장품,의류","WI31030","문구,가정용품","G252040","가정용기기와용품",298,"PDF"
"2026-09-21","024950","삼천리자전거","WI310","화장품,의류","WI31040","레저용품","G252050","레저용장비와제품",271,"PDF"
"2026-09-21","111110","호전실업","WI310","화장품,의류","WI31020","의류","G252060","섬유,의류,신발,호화품",274,"PDF"
"2026-09-21","083550","케이엠","WI310","화장품,의류","WI31020","의류","G252060","섬유,의류,신발,호화품",274,"PDF"
"2026-09-21","263020","디케이앤디","WI310","화장품,의류","WI31020","의류","G252060","섬유,의류,신발,호화품",274,"PDF"
"2026-09-21","079980","휴비스","WI310","화장품,의류","WI31020","의류","G252060","섬유,의류,신발,호화품",274,"PDF"
"2026-09-21","451250","삐아","WI310","화장품,의류","WI31010","화장품","G252065","화장품",266,"PDF"
"2026-09-21","352090","스톰테크","WI310","화장품,의류","WI31030","문구,가정용품","G252040","가정용기기와용품",298,"PDF"
"2026-09-21","011420","갤럭시아에스엠","WI310","화장품,의류","WI31040","레저용품","G252050","레저용장비와제품",271,"PDF"
"2026-09-21","453860","에이에스텍","WI310","화장품,의류","WI31010","화장품","G252065","화장품",266,"PDF"
"2026-09-21","025620","차AI헬스케어","WI310","화장품,의류","WI31010","화장품","G252065","화장품",266,"PDF"
"2026-09-21","282620","기도산업","WI310","화장품,의류","WI31020","의류","G252060","섬유,의류,신발,호화품",274,"PDF"
"2026-09-21","000950","전방","WI310","화장품,의류","WI31020","의류","G252060","섬유,의류,신발,호화품",274,"PDF"
"2026-09-21","026040","제이에스티나","WI310","화장품,의류","WI31020","의류","G252060","섬유,의류,신발,호화품",274,"PDF"
"2026-09-21","066910","손오공","WI310","화장품,의류","WI31040","레저용품","G252050","레저용장비와제품",271,"PDF"
"2026-09-21","088390","이녹스","WI310","화장품,의류","WI31040","레저용품","G252050","레저용장비와제품",271,"PDF"
"2026-09-21","002070","비비안","WI310","화장품,의류","WI31020","의류","G252060","섬유,의류,신발,호화품",274,"PDF"
"2026-09-21","204020","그리티","WI310","화장품,의류","WI31020","의류","G252060","섬유,의류,신발,호화품",274,"PDF"
"2026-09-21","044340","위닉스","WI310","화장품,의류","WI31030","문구,가정용품","G252040","가정용기기와용품",298,"PDF"
"2026-09-21","004060","SG세계물산","WI310","화장품,의류","WI31020","의류","G252060","섬유,의류,신발,호화품",274,"PDF"
"2026-09-21","014990","인디에프","WI310","화장품,의류","WI31020","의류","G252060","섬유,의류,신발,호화품",274,"PDF"
"2026-09-21","084870","TBH글로벌","WI310","화장품,의류","WI31020","의류","G252060","섬유,의류,신발,호화품",274,"PDF"
"2026-09-21","111380","동인기연","WI310","화장품,의류","WI31020","의류","G252060","섬유,의류,신발,호화품",274,"PDF"
"2026-09-21","014470","부방","WI310","화장품,의류","WI31030","문구,가정용품","G252040","가정용기기와용품",298,"PDF"
"2026-09-21","066130","하츠","WI310","화장품,의류","WI31030","문구,가정용품","G252040","가정용기기와용품",298,"PDF"
"2026-09-21","145170","노브랜드","WI310","화장품,의류","WI31020","의류","G252060","섬유,의류,신발,호화품",274,"PDF"
"2026-09-21","256150","한독크린텍","WI310","화장품,의류","WI31030","문구,가정용품","G252040","가정용기기와용품",298,"PDF"
"2026-09-21","260930","씨티케이","WI310","화장품,의류","WI31010","화장품","G252065","화장품",266,"PDF"
"2026-09-21","478560","블랙야크아이앤씨","WI310","화장품,의류","WI31020","의류","G252060","섬유,의류,신발,호화품",274,"PDF"
"2026-09-21","352700","씨앤투스","WI310","화장품,의류","WI31020","의류","G252060","섬유,의류,신발,호화품",274,"PDF"
"2026-09-21","159580","제로투세븐","WI310","화장품,의류","WI31010","화장품","G252065","화장품",266,"PDF"
"2026-09-21","159910","에코글로우","WI310","화장품,의류","WI31010","화장품","G252065","화장품",266,"PDF"
"2026-09-21","407400","꿈비","WI310","화장품,의류","WI31030","문구,가정용품","G252040","가정용기기와용품",298,"PDF"
"2026-09-21","005360","모나미","WI310","화장품,의류","WI31030","문구,가정용품","G252070","문구류",332,"PDF"
"2026-09-21","050120","ES큐브","WI310","화장품,의류","WI31040","레저용품","G252050","레저용장비와제품",271,"PDF"
"2026-09-21","420570","제이투케이바이오","WI310","화장품,의류","WI31010","화장품","G252065","화장품",266,"PDF"
"2026-09-21","083660","CSA 코스믹","WI310","화장품,의류","WI31010","화장품","G252065","화장품",266,"PDF"
"2026-09-21","215480","토박스코리아","WI310","화장품,의류","WI31020","의류","G252060","섬유,의류,신발,호화품",274,"PDF"
"2026-09-21","114630","폴라리스우노","WI310","화장품,의류","WI31020","의류","G252060","섬유,의류,신발,호화품",274,"PDF"
"2026-09-21","080530","코디","WI310","화장품,의류","WI31010","화장품","G252065","화장품",266,"PDF"
"2026-09-21","018700","졸스","WI310","화장품,의류","WI31010","화장품","G252065","화장품",266,"PDF"
"2026-09-21","227610","아우딘퓨쳐스","WI310","화장품,의류","WI31010","화장품","G252065","화장품",266,"PDF"
"2026-09-21","137940","넥스트아이","WI310","화장품,의류","WI31010","화장품","G252065","화장품",266,"PDF"
"2026-09-21","462310","뉴키즈온","WI310","화장품,의류","WI31020","의류","G252060","섬유,의류,신발,호화품",274,"PDF"
"2026-09-21","406820","뷰티스킨","WI310","화장품,의류","WI31010","화장품","G252065","화장품",266,"PDF"
"2026-09-21","088790","진도","WI310","화장품,의류","WI31020","의류","G252060","섬유,의류,신발,호화품",274,"PDF"
"2026-09-21","267790","배럴","WI310","화장품,의류","WI31020","의류","G252060","섬유,의류,신발,호화품",274,"PDF"
"2026-09-21","032080","아즈텍WB","WI310","화장품,의류","WI31020","의류","G252060","섬유,의류,신발,호화품",274,"PDF"
"2026-09-21","123750","알톤","WI310","화장품,의류","WI31040","레저용품","G252050","레저용장비와제품",271,"PDF"
"2026-09-21","252500","세화피앤씨","WI310","화장품,의류","WI31010","화장품","G252065","화장품",266,"PDF"
"2026-09-21","014100","메디앙스","WI310","화장품,의류","WI31010","화장품","G252065","화장품",266,"PDF"
"2026-09-21","065060","지엔코","WI310","화장품,의류","WI31020","의류","G252060","섬유,의류,신발,호화품",274,"PDF"
"2026-09-21","024940","PN풍년","WI310","화장품,의류","WI31030","문구,가정용품","G252040","가정용기기와용품",298,"PDF"
"2026-09-21","001070","대한방직","WI310","화장품,의류","WI31020","의류","G252060","섬유,의류,신발,호화품",274,"PDF"
"2026-09-21","365900","브이씨","WI310","화장품,의류","WI31040","레저용품","G252050","레저용장비와제품",271,"PDF"
"2026-09-21","344860","이노진","WI310","화장품,의류","WI31010","화장품","G252065","화장품",266,"PDF"
"2026-09-21","335870","윙스풋","WI310","화장품,의류","WI31020","의류","G252060","섬유,의류,신발,호화품",274,"PDF"
"2026-09-21","342870","오아","WI310","화장품,의류","WI31030","문구,가정용품","G252040","가정용기기와용품",298,"PDF"
"2026-09-21","376180","피코그램","WI310","화장품,의류","WI31030","문구,가정용품","G252040","가정용기기와용품",298,"PDF"
"2026-09-21","109670","씨싸이트","WI310","화장품,의류","WI31020","의류","G252060","섬유,의류,신발,호화품",274,"PDF"
"2026-09-21","098660","에스티오","WI310","화장품,의류","WI31020","의류","G252060","섬유,의류,신발,호화품",274,"PDF"
"2026-09-21","069640","한세엠케이","WI310","화장품,의류","WI31020","의류","G252060","섬유,의류,신발,호화품",274,"PDF"
"2026-09-21","035250","강원랜드","WI320","호텔,레저","WI32010","호텔,레저","G253010","호텔,레스토랑,레저",317,"PDF"
"2026-09-21","032350","롯데관광개발","WI320","호텔,레저","WI32010","호텔,레저","G253010","호텔,레스토랑,레저",317,"PDF"
"2026-09-21","034230","파라다이스","WI320","호텔,레저","WI32010","호텔,레저","G253010","호텔,레스토랑,레저",317,"PDF"
"2026-09-21","025980","아난티","WI320","호텔,레저","WI32010","호텔,레저","G253010","호텔,레스토랑,레저",317,"PDF"
"2026-09-21","039130","하나투어","WI320","호텔,레저","WI32010","호텔,레저","G253010","호텔,레스토랑,레저",317,"PDF"
"2026-09-21","006730","서부T&D","WI320","호텔,레저","WI32010","호텔,레저","G253010","호텔,레스토랑,레저",317,"PDF"
"2026-09-21","499790","GS피앤엘","WI320","호텔,레저","WI32010","호텔,레저","G253010","호텔,레스토랑,레저",317,"PDF"
"2026-09-21","114090","GKL","WI320","호텔,레저","WI32010","호텔,레저","G253010","호텔,레스토랑,레저",317,"PDF"
"2026-09-21","080160","모두투어","WI320","호텔,레저","WI32010","호텔,레저","G253010","호텔,레스토랑,레저",317,"PDF"
"2026-09-21","215000","골프존","WI320","호텔,레저","WI32010","호텔,레저","G253010","호텔,레스토랑,레저",317,"PDF"
"2026-09-21","019010","베뉴지","WI320","호텔,레저","WI32010","호텔,레저","G253010","호텔,레스토랑,레저",317,"PDF"
"2026-09-21","475560","더본코리아","WI320","호텔,레저","WI32010","호텔,레저","G253010","호텔,레스토랑,레저",317,"PDF"
"2026-09-21","070960","모나용평","WI320","호텔,레저","WI32010","호텔,레저","G253010","호텔,레스토랑,레저",317,"PDF"
"2026-09-21","363280","티와이홀딩스","WI320","호텔,레저","WI32010","호텔,레저","G253010","호텔,레스토랑,레저",317,"PDF"
"2026-09-21","020710","시공테크","WI320","호텔,레저","WI32010","호텔,레저","G253010","호텔,레스토랑,레저",317,"PDF"
"2026-09-21","094850","참좋은여행","WI320","호텔,레저","WI32010","호텔,레저","G253010","호텔,레스토랑,레저",317,"PDF"
"2026-09-21","104620","노랑풍선","WI320","호텔,레저","WI32010","호텔,레저","G253010","호텔,레스토랑,레저",317,"PDF"
"2026-09-21","080010","이상네트웍스","WI320","호텔,레저","WI32010","호텔,레저","G253020","다각화된소비자서비스",339,"PDF"
"2026-09-21","111710","남화산업","WI320","호텔,레저","WI32010","호텔,레저","G253010","호텔,레스토랑,레저",317,"PDF"
"2026-09-21","352820","하이브","WI330","미디어,교육","WI33010","미디어","G502020","방송과엔터테인먼트",285,"BRIDGE:G254020"
"2026-09-21","030000","제일기획","WI330","미디어,교육","WI33010","미디어","G502010","광고",310,"BRIDGE:G254010"
"2026-09-21","041510","에스엠","WI330","미디어,교육","WI33010","미디어","G502020","방송과엔터테인먼트",285,"BRIDGE:G254020"
"2026-09-21","035900","JYP Ent.","WI330","미디어,교육","WI33010","미디어","G502020","방송과엔터테인먼트",285,"BRIDGE:G254020"
"2026-09-21","122870","와이지엔터테인먼트","WI330","미디어,교육","WI33010","미디어","G502020","방송과엔터테인먼트",285,"BRIDGE:G254020"
"2026-09-21","214320","이노션","WI330","미디어,교육","WI33010","미디어","G502010","광고",310,"BRIDGE:G254010"
"2026-09-21","079160","CJ CGV","WI330","미디어,교육","WI33010","미디어","G502020","방송과엔터테인먼트",285,"BRIDGE:G254020"
"2026-09-21","035760","CJ ENM","WI330","미디어,교육","WI33010","미디어","G502020","방송과엔터테인먼트",285,"BRIDGE:G254020"
"2026-09-21","253450","스튜디오드래곤","WI330","미디어,교육","WI33010","미디어","G502020","방송과엔터테인먼트",285,"BRIDGE:G254020"
"2026-09-21","215200","메가스터디교육","WI330","미디어,교육","WI33020","교육","G256010","교육서비스",290,"PDF"
"2026-09-21","419530","SAMG엔터","WI330","미디어,교육","WI33010","미디어","G502020","방송과엔터테인먼트",285,"BRIDGE:G254020"
"2026-09-21","034120","SBS","WI330","미디어,교육","WI33010","미디어","G502020","방송과엔터테인먼트",285,"BRIDGE:G254020"
"2026-09-21","037270","YG PLUS","WI330","미디어,교육","WI33010","미디어","G502020","방송과엔터테인먼트",285,"BRIDGE:G254020"
"2026-09-21","016880","웅진","WI330","미디어,교육","WI33010","미디어","G502030","출판",314,"BRIDGE:G254030"
"2026-09-21","0039P0","매드업","WI330","미디어,교육","WI33010","미디어","G502010","광고",310,"BRIDGE:G254010"
"2026-09-21","461300","아이스크림미디어","WI330","미디어,교육","WI33020","교육","G256010","교육서비스",290,"PDF"
"2026-09-21","403850","더핑크퐁컴퍼니","WI330","미디어,교육","WI33010","미디어","G502020","방송과엔터테인먼트",285,"BRIDGE:G254020"
"2026-09-21","053210","스카이라이프","WI330","미디어,교육","WI33010","미디어","G502020","방송과엔터테인먼트",285,"BRIDGE:G254020"
"2026-09-21","072870","메가스터디","WI330","미디어,교육","WI33020","교육","G256010","교육서비스",290,"PDF"
"2026-09-21","068930","디지털대성","WI330","미디어,교육","WI33020","교육","G256010","교육서비스",290,"PDF"
"2026-09-21","473980","노머스","WI330","미디어,교육","WI33010","미디어","G502020","방송과엔터테인먼트",285,"BRIDGE:G254020"
"2026-09-21","089600","KT나스미디어","WI330","미디어,교육","WI33010","미디어","G502010","광고",310,"BRIDGE:G254010"
"2026-09-21","035000","HS애드","WI330","미디어,교육","WI33010","미디어","G502010","광고",310,"BRIDGE:G254010"
"2026-09-21","310200","애니플러스","WI330","미디어,교육","WI33010","미디어","G502020","방송과엔터테인먼트",285,"BRIDGE:G254020"
"2026-09-21","389140","포바이포","WI330","미디어,교육","WI33010","미디어","G502020","방송과엔터테인먼트",285,"BRIDGE:G254020"
"2026-09-21","040300","YTN","WI330","미디어,교육","WI33010","미디어","G502020","방송과엔터테인먼트",285,"BRIDGE:G254020"
"2026-09-21","215100","로보로보","WI330","미디어,교육","WI33020","교육","G256010","교육서비스",290,"PDF"
"2026-09-21","067280","멀티캠퍼스","WI330","미디어,교육","WI33020","교육","G256010","교육서비스",290,"PDF"
"2026-09-21","037560","LG헬로비전","WI330","미디어,교육","WI33010","미디어","G502020","방송과엔터테인먼트",285,"BRIDGE:G254020"
"2026-09-21","060570","드림어스컴퍼니","WI330","미디어,교육","WI33010","미디어","G502020","방송과엔터테인먼트",285,"BRIDGE:G254020"
"2026-09-21","086980","쇼박스","WI330","미디어,교육","WI33010","미디어","G502020","방송과엔터테인먼트",285,"BRIDGE:G254020"
"2026-09-21","058400","KNN","WI330","미디어,교육","WI33010","미디어","G502020","방송과엔터테인먼트",285,"BRIDGE:G254020"
"2026-09-21","475580","에이럭스","WI330","미디어,교육","WI33020","교육","G256010","교육서비스",290,"PDF"
"2026-09-21","040420","정상제이엘에스","WI330","미디어,교육","WI33020","교육","G256010","교육서비스",290,"PDF"
"2026-09-21","418470","KT밀리의서재","WI330","미디어,교육","WI33010","미디어","G502030","출판",314,"BRIDGE:G254030"
"2026-09-21","291230","컴투스엔","WI330","미디어,교육","WI33010","미디어","G502010","광고",310,"BRIDGE:G254010"
"2026-09-21","048910","대원미디어","WI330","미디어,교육","WI33010","미디어","G502020","방송과엔터테인먼트",285,"BRIDGE:G254020"
"2026-09-21","096240","크레버스","WI330","미디어,교육","WI33020","교육","G256010","교육서비스",290,"PDF"
"2026-09-21","263720","디앤씨미디어","WI330","미디어,교육","WI33010","미디어","G502030","출판",314,"BRIDGE:G254030"
"2026-09-21","048550","SM C&C","WI330","미디어,교육","WI33010","미디어","G502010","광고",310,"BRIDGE:G254010"
"2026-09-21","043610","KT지니뮤직","WI330","미디어,교육","WI33010","미디어","G502020","방송과엔터테인먼트",285,"BRIDGE:G254020"
"2026-09-21","047820","초록뱀미디어","WI330","미디어,교육","WI33010","미디어","G502020","방송과엔터테인먼트",285,"BRIDGE:G254020"
"2026-09-21","182360","큐브엔터","WI330","미디어,교육","WI33010","미디어","G502020","방송과엔터테인먼트",285,"BRIDGE:G254020"
"2026-09-21","216050","인크로스","WI330","미디어,교육","WI33010","미디어","G502010","광고",310,"BRIDGE:G254010"
"2026-09-21","339950","아이비김영","WI330","미디어,교육","WI33020","교육","G256010","교육서비스",290,"PDF"
"2026-09-21","063440","SM Life Design","WI330","미디어,교육","WI33010","미디어","G502020","방송과엔터테인먼트",285,"BRIDGE:G254020"
"2026-09-21","036000","예림당","WI330","미디어,교육","WI33010","미디어","G502030","출판",314,"BRIDGE:G254030"
"2026-09-21","373160","데이원컴퍼니","WI330","미디어,교육","WI33020","교육","G256010","교육서비스",290,"PDF"
"2026-09-21","361570","알비더블유","WI330","미디어,교육","WI33010","미디어","G502020","방송과엔터테인먼트",285,"BRIDGE:G254020"
"2026-09-21","039340","한국경제TV","WI330","미디어,교육","WI33010","미디어","G502020","방송과엔터테인먼트",285,"BRIDGE:G254020"
"2026-09-21","432430","와이랩","WI330","미디어,교육","WI33010","미디어","G502030","출판",314,"BRIDGE:G254030"
"2026-09-21","100220","비상교육","WI330","미디어,교육","WI33020","교육","G256010","교육서비스",290,"PDF"
"2026-09-21","095720","웅진씽크빅","WI330","미디어,교육","WI33020","교육","G256010","교육서비스",290,"PDF"
"2026-09-21","321820","아티스트컴퍼니","WI330","미디어,교육","WI33010","미디어","G502020","방송과엔터테인먼트",285,"BRIDGE:G254020"
"2026-09-21","457600","벡트","WI330","미디어,교육","WI33020","교육","G256010","교육서비스",290,"PDF"
"2026-09-21","068290","삼성출판사","WI330","미디어,교육","WI33010","미디어","G502030","출판",314,"BRIDGE:G254030"
"2026-09-21","123570","이엠넷","WI330","미디어,교육","WI33010","미디어","G502010","광고",310,"BRIDGE:G254010"
"2026-09-21","173940","에프엔씨엔터","WI330","미디어,교육","WI33010","미디어","G502020","방송과엔터테인먼트",285,"BRIDGE:G254020"
"2026-09-21","010470","오리콤","WI330","미디어,교육","WI33010","미디어","G502010","광고",310,"BRIDGE:G254010"
"2026-09-21","068050","팬엔터테인먼트","WI330","미디어,교육","WI33010","미디어","G502020","방송과엔터테인먼트",285,"BRIDGE:G254020"
"2026-09-21","236810","엔비티","WI330","미디어,교육","WI33010","미디어","G502010","광고",310,"BRIDGE:G254010"
"2026-09-21","033830","티비씨","WI330","미디어,교육","WI33010","미디어","G502020","방송과엔터테인먼트",285,"BRIDGE:G254020"
"2026-09-21","464580","닷밀","WI330","미디어,교육","WI33010","미디어","G502020","방송과엔터테인먼트",285,"BRIDGE:G254020"
"2026-09-21","054780","키이스트","WI330","미디어,교육","WI33010","미디어","G502020","방송과엔터테인먼트",285,"BRIDGE:G254020"
"2026-09-21","046390","삼화네트웍스","WI330","미디어,교육","WI33010","미디어","G502020","방송과엔터테인먼트",285,"BRIDGE:G254020"
"2026-09-21","206560","덱스터","WI330","미디어,교육","WI33010","미디어","G502020","방송과엔터테인먼트",285,"BRIDGE:G254020"
"2026-09-21","160550","NEW","WI330","미디어,교육","WI33010","미디어","G502020","방송과엔터테인먼트",285,"BRIDGE:G254020"
"2026-09-21","322780","코퍼스코리아","WI330","미디어,교육","WI33010","미디어","G502020","방송과엔터테인먼트",285,"BRIDGE:G254020"
"2026-09-21","057030","YBM넷","WI330","미디어,교육","WI33020","교육","G256010","교육서비스",290,"PDF"
"2026-09-21","104200","NHN벅스","WI330","미디어,교육","WI33010","미디어","G502020","방송과엔터테인먼트",285,"BRIDGE:G254020"
"2026-09-21","133750","메가엠디","WI330","미디어,교육","WI33020","교육","G256010","교육서비스",290,"PDF"
"2026-09-21","200350","아티스트스튜디오","WI330","미디어,교육","WI33010","미디어","G502020","방송과엔터테인먼트",285,"BRIDGE:G254020"
"2026-09-21","032800","판타지오","WI330","미디어,교육","WI33010","미디어","G502020","방송과엔터테인먼트",285,"BRIDGE:G254020"
"2026-09-21","127710","아시아경제","WI330","미디어,교육","WI33010","미디어","G502030","출판",314,"BRIDGE:G254030"
"2026-09-21","052220","iMBC","WI330","미디어,교육","WI33010","미디어","G502020","방송과엔터테인먼트",285,"BRIDGE:G254020"
"2026-09-21","476080","M83","WI330","미디어,교육","WI33010","미디어","G502020","방송과엔터테인먼트",285,"BRIDGE:G254020"
"2026-09-21","273060","와이즈버즈","WI330","미디어,교육","WI33010","미디어","G502010","광고",310,"BRIDGE:G254010"
"2026-09-21","241840","에이스토리","WI330","미디어,교육","WI33010","미디어","G502020","방송과엔터테인먼트",285,"BRIDGE:G254020"
"2026-09-21","369370","블리츠웨이엔터테인먼트","WI330","미디어,교육","WI33010","미디어","G502020","방송과엔터테인먼트",285,"BRIDGE:G254020"
"2026-09-21","044480","빌리언스","WI330","미디어,교육","WI33010","미디어","G502020","방송과엔터테인먼트",285,"BRIDGE:G254020"
"2026-09-21","210120","캔버스엔","WI330","미디어,교육","WI33010","미디어","G502020","방송과엔터테인먼트",285,"BRIDGE:G254020"
"2026-09-21","053290","NE능률","WI330","미디어,교육","WI33020","교육","G256010","교육서비스",290,"PDF"
"2026-09-21","084440","유비온","WI330","미디어,교육","WI33020","교육","G256010","교육서비스",290,"PDF"
"2026-09-21","134060","이퓨쳐","WI330","미디어,교육","WI33020","교육","G256010","교육서비스",290,"PDF"
"2026-09-21","363260","모비데이즈","WI330","미디어,교육","WI33010","미디어","G502010","광고",310,"BRIDGE:G254010"
"2026-09-21","078860","아이오케이이엔엠","WI330","미디어,교육","WI33010","미디어","G502020","방송과엔터테인먼트",285,"BRIDGE:G254020"
"2026-09-21","408900","스튜디오미르","WI330","미디어,교육","WI33010","미디어","G502020","방송과엔터테인먼트",285,"BRIDGE:G254020"
"2026-09-21","019680","대교","WI330","미디어,교육","WI33020","교육","G256010","교육서비스",290,"PDF"
"2026-09-21","397810","애드포러스","WI330","미디어,교육","WI33010","미디어","G502010","광고",310,"BRIDGE:G254010"
"2026-09-21","351870","차이커뮤니케이션","WI330","미디어,교육","WI33010","미디어","G502010","광고",310,"BRIDGE:G254010"
"2026-09-21","458350","에스팀","WI330","미디어,교육","WI33010","미디어","G502010","광고",310,"BRIDGE:G254010"
"2026-09-21","362990","드림인사이트","WI330","미디어,교육","WI33010","미디어","G502010","광고",310,"BRIDGE:G254010"
"2026-09-21","237820","플레이디","WI330","미디어,교육","WI33010","미디어","G502010","광고",310,"BRIDGE:G254010"
"2026-09-21","058450","한주에이알티","WI330","미디어,교육","WI33010","미디어","G502020","방송과엔터테인먼트",285,"BRIDGE:G254020"
"2026-09-21","131100","티엔엔터테인먼트","WI330","미디어,교육","WI33010","미디어","G502020","방송과엔터테인먼트",285,"BRIDGE:G254020"
"2026-09-21","004170","신세계","WI340","소매(유통)","WI34010","백화점","G255030","백화점과일반상점",264,"PDF"
"2026-09-21","257720","실리콘투","WI340","소매(유통)","WI34020","기타유통","G255020","인터넷과카탈로그소매",308,"PDF"
"2026-09-21","139480","이마트","WI340","소매(유통)","WI34010","백화점","G255030","백화점과일반상점",264,"PDF"
"2026-09-21","282330","BGF리테일","WI340","소매(유통)","WI34010","백화점","G255030","백화점과일반상점",264,"PDF"
"2026-09-21","008770","호텔신라","WI340","소매(유통)","WI34010","백화점","G255030","백화점과일반상점",264,"PDF"
"2026-09-21","069960","현대백화점","WI340","소매(유통)","WI34010","백화점","G255030","백화점과일반상점",264,"PDF"
"2026-09-21","023530","롯데쇼핑","WI340","소매(유통)","WI34010","백화점","G255030","백화점과일반상점",264,"PDF"
"2026-09-21","007070","GS리테일","WI340","소매(유통)","WI34010","백화점","G255030","백화점과일반상점",264,"PDF"
"2026-09-21","052020","에스티큐브","WI340","소매(유통)","WI34020","기타유통","G255010","판매업체",265,"PDF"
"2026-09-21","452260","한화갤러리아","WI340","소매(유통)","WI34010","백화점","G255030","백화점과일반상점",264,"PDF"
"2026-09-21","051160","지어소프트","WI340","소매(유통)","WI34020","기타유통","G255010","판매업체",265,"PDF"
"2026-09-21","037710","광주신세계","WI340","소매(유통)","WI34010","백화점","G255030","백화점과일반상점",264,"PDF"
"2026-09-21","035080","그래디언트","WI340","소매(유통)","WI34020","기타유통","G255020","인터넷과카탈로그소매",308,"PDF"
"2026-09-21","003580","HLB글로벌","WI340","소매(유통)","WI34020","기타유통","G255010","판매업체",265,"PDF"
"2026-09-21","063170","서울옥션","WI340","소매(유통)","WI34020","기타유통","G255010","판매업체",265,"PDF"
"2026-09-21","036030","케이티알파","WI340","소매(유통)","WI34020","기타유통","G255020","인터넷과카탈로그소매",308,"PDF"
"2026-09-21","064240","홈캐스트","WI340","소매(유통)","WI34020","기타유통","G255040","전문소매",328,"PDF"
"2026-09-21","362320","청담글로벌","WI340","소매(유통)","WI34020","기타유통","G255020","인터넷과카탈로그소매",308,"PDF"
"2026-09-21","071840","롯데하이마트","WI340","소매(유통)","WI34020","기타유통","G255040","전문소매",328,"PDF"
"2026-09-21","064800","포니링크","WI340","소매(유통)","WI34020","기타유통","G255040","전문소매",328,"PDF"
"2026-09-21","067830","세이브존I&C","WI340","소매(유통)","WI34010","백화점","G255030","백화점과일반상점",264,"PDF"
"2026-09-21","475460","미트박스","WI340","소매(유통)","WI34020","기타유통","G255020","인터넷과카탈로그소매",308,"PDF"
"2026-09-21","102370","케이옥션","WI340","소매(유통)","WI34020","기타유통","G255010","판매업체",265,"PDF"
"2026-09-21","053280","예스24","WI340","소매(유통)","WI34020","기타유통","G255020","인터넷과카탈로그소매",308,"PDF"
"2026-09-21","080420","모다이노칩","WI340","소매(유통)","WI34020","기타유통","G255040","전문소매",328,"PDF"
"2026-09-21","178780","일월지엠엘","WI340","소매(유통)","WI34020","기타유통","G255040","전문소매",328,"PDF"
"2026-09-21","009810","MDS스피어","WI340","소매(유통)","WI34020","기타유통","G255010","판매업체",265,"PDF"
"2026-09-21","051390","YW","WI340","소매(유통)","WI34020","기타유통","G255010","판매업체",265,"PDF"
"2026-09-21","006370","대구백화점","WI340","소매(유통)","WI34010","백화점","G255030","백화점과일반상점",264,"PDF"
"2026-09-21","019660","글로본","WI340","소매(유통)","WI34020","기타유통","G255010","판매업체",265,"PDF"
"2026-09-21","007720","소노스퀘어","WI340","소매(유통)","WI34020","기타유통","G255010","판매업체",265,"PDF"
"2026-09-21","039740","한국정보공학","WI340","소매(유통)","WI34020","기타유통","G255010","판매업체",265,"PDF"
"2026-09-21","032860","더라미","WI340","소매(유통)","WI34020","기타유통","G255010","판매업체",265,"PDF"
"2026-09-21","033780","KT&G","WI400","필수소비재","WI40020","담배","G302030","담배",275,"PDF"
"2026-09-21","003230","삼양식품","WI400","필수소비재","WI40010","식품,음료","G302020","식품",268,"PDF"
"2026-09-21","271560","오리온","WI400","필수소비재","WI40010","식품,음료","G302020","식품",268,"PDF"
"2026-09-21","140410","메지온","WI400","필수소비재","WI40010","식품,음료","G302020","식품",268,"PDF"
"2026-09-21","097950","CJ제일제당","WI400","필수소비재","WI40010","식품,음료","G302020","식품",268,"PDF"
"2026-09-21","004370","농심","WI400","필수소비재","WI40010","식품,음료","G302020","식품",268,"PDF"
"2026-09-21","026960","동서","WI400","필수소비재","WI40010","식품,음료","G302020","식품",268,"PDF"
"2026-09-21","001800","오리온홀딩스","WI400","필수소비재","WI40010","식품,음료","G302020","식품",268,"PDF"
"2026-09-21","007310","오뚜기","WI400","필수소비재","WI40010","식품,음료","G302020","식품",268,"PDF"
"2026-09-21","003380","하림지주","WI400","필수소비재","WI40010","식품,음료","G302020","식품",268,"PDF"
"2026-09-21","000080","하이트진로","WI400","필수소비재","WI40010","식품,음료","G302010","음료",309,"PDF"
"2026-09-21","005180","빙그레","WI400","필수소비재","WI40010","식품,음료","G302020","식품",268,"PDF"
"2026-09-21","001680","대상","WI400","필수소비재","WI40010","식품,음료","G302020","식품",268,"PDF"
"2026-09-21","005300","롯데칠성","WI400","필수소비재","WI40010","식품,음료","G302010","음료",309,"PDF"
"2026-09-21","006040","동원산업","WI400","필수소비재","WI40010","식품,음료","G302020","식품",268,"PDF"
"2026-09-21","453340","현대그린푸드","WI400","필수소비재","WI40010","식품,음료","G302020","식품",268,"PDF"
"2026-09-21","280360","롯데웰푸드","WI400","필수소비재","WI40010","식품,음료","G302020","식품",268,"PDF"
"2026-09-21","035810","이지홀딩스","WI400","필수소비재","WI40010","식품,음료","G302020","식품",268,"PDF"
"2026-09-21","072710","농심홀딩스","WI400","필수소비재","WI40010","식품,음료","G302020","식품",268,"PDF"
"2026-09-21","145990","삼양사","WI400","필수소비재","WI40010","식품,음료","G302020","식품",268,"PDF"
"2026-09-21","051500","CJ프레시웨이","WI400","필수소비재","WI40010","식품,음료","G301010","식품과기본식료품소매",302,"PDF"
"2026-09-21","017810","풀무원","WI400","필수소비재","WI40010","식품,음료","G302020","식품",268,"PDF"
"2026-09-21","136490","선진","WI400","필수소비재","WI40010","식품,음료","G302020","식품",268,"PDF"
"2026-09-21","001790","대한제당","WI400","필수소비재","WI40010","식품,음료","G302020","식품",268,"PDF"
"2026-09-21","136480","하림","WI400","필수소비재","WI40010","식품,음료","G302020","식품",268,"PDF"
"2026-09-21","001130","대한제분","WI400","필수소비재","WI40010","식품,음료","G302020","식품",268,"PDF"
"2026-09-21","353810","이지바이오","WI400","필수소비재","WI40010","식품,음료","G302020","식품",268,"PDF"
"2026-09-21","084690","대상홀딩스","WI400","필수소비재","WI40010","식품,음료","G302020","식품",268,"PDF"
"2026-09-21","267980","매일유업","WI400","필수소비재","WI40010","식품,음료","G302020","식품",268,"PDF"
"2026-09-21","007160","사조산업","WI400","필수소비재","WI40010","식품,음료","G302020","식품",268,"PDF"
"2026-09-21","260970","에스앤디","WI400","필수소비재","WI40010","식품,음료","G302020","식품",268,"PDF"
"2026-09-21","003920","남양유업","WI400","필수소비재","WI40010","식품,음료","G302020","식품",268,"PDF"
"2026-09-21","003960","사조대림","WI400","필수소비재","WI40010","식품,음료","G302020","식품",268,"PDF"
"2026-09-21","033920","무학","WI400","필수소비재","WI40010","식품,음료","G302010","음료",309,"PDF"
"2026-09-21","005610","삼립","WI400","필수소비재","WI40010","식품,음료","G302020","식품",268,"PDF"
"2026-09-21","290720","푸드나무","WI400","필수소비재","WI40010","식품,음료","G302020","식품",268,"PDF"
"2026-09-21","027710","팜스토리","WI400","필수소비재","WI40010","식품,음료","G302020","식품",268,"PDF"
"2026-09-21","227840","현대코퍼레이션홀딩스","WI400","필수소비재","WI40010","식품,음료","G301010","식품과기본식료품소매",302,"PDF"
"2026-09-21","073560","우리손에프앤지","WI400","필수소비재","WI40010","식품,음료","G302020","식품",268,"PDF"
"2026-09-21","005860","한일사료","WI400","필수소비재","WI40010","식품,음료","G302020","식품",268,"PDF"
"2026-09-21","004970","신라교역","WI400","필수소비재","WI40010","식품,음료","G302020","식품",268,"PDF"
"2026-09-21","000140","하이트진로홀딩스","WI400","필수소비재","WI40010","식품,음료","G302010","음료",309,"PDF"
"2026-09-21","339770","교촌에프앤비","WI400","필수소비재","WI40010","식품,음료","G302020","식품",268,"PDF"
"2026-09-21","004650","창해에탄올","WI400","필수소비재","WI40010","식품,음료","G302010","음료",309,"PDF"
"2026-09-21","248170","샘표식품","WI400","필수소비재","WI40010","식품,음료","G302020","식품",268,"PDF"
"2026-09-21","101530","해태제과식품","WI400","필수소비재","WI40010","식품,음료","G302020","식품",268,"PDF"
"2026-09-21","004410","서울식품","WI400","필수소비재","WI40010","식품,음료","G302020","식품",268,"PDF"
"2026-09-21","002760","보락","WI400","필수소비재","WI40010","식품,음료","G302020","식품",268,"PDF"
"2026-09-21","008040","사조동아원","WI400","필수소비재","WI40010","식품,음료","G302020","식품",268,"PDF"
"2026-09-21","011150","CJ씨푸드","WI400","필수소비재","WI40010","식품,음료","G302020","식품",268,"PDF"
"2026-09-21","005990","매일홀딩스","WI400","필수소비재","WI40010","식품,음료","G302020","식품",268,"PDF"
"2026-09-21","208140","정다운","WI400","필수소비재","WI40010","식품,음료","G302020","식품",268,"PDF"
"2026-09-21","018120","진로발효","WI400","필수소비재","WI40010","식품,음료","G302010","음료",309,"PDF"
"2026-09-21","036580","팜스코","WI400","필수소비재","WI40010","식품,음료","G302020","식품",268,"PDF"
"2026-09-21","003310","대주산업","WI400","필수소비재","WI40010","식품,음료","G302020","식품",268,"PDF"
"2026-09-21","007540","샘표","WI400","필수소비재","WI40010","식품,음료","G302020","식품",268,"PDF"
"2026-09-21","005740","크라운해태홀딩스","WI400","필수소비재","WI40010","식품,음료","G302020","식품",268,"PDF"
"2026-09-21","264900","크라운제과","WI400","필수소비재","WI40010","식품,음료","G302020","식품",268,"PDF"
"2026-09-21","027740","마니커","WI400","필수소비재","WI40010","식품,음료","G302020","식품",268,"PDF"
"2026-09-21","004590","한국가구","WI400","필수소비재","WI40010","식품,음료","G301010","식품과기본식료품소매",302,"PDF"
"2026-09-21","014710","사조씨푸드","WI400","필수소비재","WI40010","식품,음료","G302020","식품",268,"PDF"
"2026-09-21","009780","엠에스씨","WI400","필수소비재","WI40010","식품,음료","G302020","식품",268,"PDF"
"2026-09-21","043650","국순당","WI400","필수소비재","WI40010","식품,음료","G302010","음료",309,"PDF"
"2026-09-21","000890","보해양조","WI400","필수소비재","WI40010","식품,음료","G302010","음료",309,"PDF"
"2026-09-21","002600","조흥","WI400","필수소비재","WI40010","식품,음료","G302020","식품",268,"PDF"
"2026-09-21","005670","푸드웰","WI400","필수소비재","WI40010","식품,음료","G302020","식품",268,"PDF"
"2026-09-21","002140","고려산업","WI400","필수소비재","WI40010","식품,음료","G302020","식품",268,"PDF"
"2026-09-21","012690","모나리자","WI400","필수소비재","WI40030","가정용품","G303010","가정용품",297,"PDF"
"2026-09-21","276730","한울앤제주","WI400","필수소비재","WI40010","식품,음료","G302010","음료",309,"PDF"
"2026-09-21","025880","케이씨피드","WI400","필수소비재","WI40010","식품,음료","G302020","식품",268,"PDF"
"2026-09-21","0013V0","삼진식품","WI400","필수소비재","WI40010","식품,음료","G302020","식품",268,"PDF"
"2026-09-21","088910","동우팜투테이블","WI400","필수소비재","WI40010","식품,음료","G302020","식품",268,"PDF"
"2026-09-21","318410","비비씨","WI400","필수소비재","WI40030","가정용품","G303010","가정용품",297,"PDF"
"2026-09-21","006980","우성","WI400","필수소비재","WI40010","식품,음료","G302020","식품",268,"PDF"
"2026-09-21","317240","TS트릴리온","WI400","필수소비재","WI40030","가정용품","G303010","가정용품",297,"PDF"
"2026-09-21","189980","흥국에프엔비","WI400","필수소비재","WI40010","식품,음료","G302010","음료",309,"PDF"
"2026-09-21","195500","마니커에프앤지","WI400","필수소비재","WI40010","식품,음료","G302020","식품",268,"PDF"
"2026-09-21","009770","삼정펄프","WI400","필수소비재","WI40030","가정용품","G303010","가정용품",297,"PDF"
"2026-09-21","006880","신송홀딩스","WI400","필수소비재","WI40010","식품,음료","G301010","식품과기본식료품소매",302,"PDF"
"2026-09-21","053620","태양","WI400","필수소비재","WI40030","가정용품","G303010","가정용품",297,"PDF"
"2026-09-21","218150","미래생명자원","WI400","필수소비재","WI40010","식품,음료","G302020","식품",268,"PDF"
"2026-09-21","103840","우양","WI400","필수소비재","WI40010","식품,음료","G302020","식품",268,"PDF"
"2026-09-21","311390","네오크레마","WI400","필수소비재","WI40010","식품,음료","G302020","식품",268,"PDF"
"2026-09-21","110020","전진바이오팜","WI400","필수소비재","WI40030","가정용품","G303010","가정용품",297,"PDF"
"2026-09-21","065150","대산F&B","WI400","필수소비재","WI40010","식품,음료","G302020","식품",268,"PDF"
"2026-09-21","006090","사조오양","WI400","필수소비재","WI40010","식품,음료","G302020","식품",268,"PDF"
"2026-09-21","003680","한성기업","WI400","필수소비재","WI40010","식품,음료","G302020","식품",268,"PDF"
"2026-09-21","277410","인산가","WI400","필수소비재","WI40010","식품,음료","G302020","식품",268,"PDF"
"2026-09-21","023150","MH에탄올","WI400","필수소비재","WI40010","식품,음료","G302010","음료",309,"PDF"
"2026-09-21","066360","체리부로","WI400","필수소비재","WI40010","식품,음료","G302020","식품",268,"PDF"
"2026-09-21","435570","에르코스","WI400","필수소비재","WI40010","식품,음료","G302020","식품",268,"PDF"
"2026-09-21","188040","바이오포트","WI400","필수소비재","WI40010","식품,음료","G302020","식품",268,"PDF"
"2026-09-21","403490","우듬지팜","WI400","필수소비재","WI40010","식품,음료","G302020","식품",268,"PDF"
"2026-09-21","222980","한국맥널티","WI400","필수소비재","WI40010","식품,음료","G302020","식품",268,"PDF"
"2026-09-21","250000","보라티알","WI400","필수소비재","WI40010","식품,음료","G301010","식품과기본식료품소매",302,"PDF"
"2026-09-21","405920","나라셀라","WI400","필수소비재","WI40010","식품,음료","G302010","음료",309,"PDF"
"2026-09-21","051780","큐로홀딩스","WI400","필수소비재","WI40010","식품,음료","G302020","식품",268,"PDF"
"2026-09-21","223310","사토시홀딩스","WI400","필수소비재","WI40010","식품,음료","G301010","식품과기본식료품소매",302,"PDF"
"2026-09-21","068270","셀트리온","WI410","건강관리","WI41010","제약","G352020","제약",261,"PDF"
"2026-09-21","207940","삼성바이오로직스","WI410","건강관리","WI41010","제약","G352020","제약",261,"PDF"
"2026-09-21","196170","알테오젠","WI410","건강관리","WI41020","생명과학","G352010","생물공학",286,"PDF"
"2026-09-21","000100","유한양행","WI410","건강관리","WI41010","제약","G352020","제약",261,"PDF"
"2026-09-21","028300","HLB","WI410","건강관리","WI41030","건강관리장비,서비스","G351010","건강관리장비와용품",281,"PDF"
"2026-09-21","326030","SK바이오팜","WI410","건강관리","WI41010","제약","G352020","제약",261,"PDF"
"2026-09-21","087010","펩트론","WI410","건강관리","WI41020","생명과학","G352010","생물공학",286,"PDF"
"2026-09-21","128940","한미약품","WI410","건강관리","WI41010","제약","G352020","제약",261,"PDF"
"2026-09-21","298380","에이비엘바이오","WI410","건강관리","WI41020","생명과학","G352010","생물공학",286,"PDF"
"2026-09-21","214450","파마리서치","WI410","건강관리","WI41030","건강관리장비,서비스","G351010","건강관리장비와용품",281,"PDF"
"2026-09-21","141080","리가켐바이오","WI410","건강관리","WI41010","제약","G352020","제약",261,"PDF"
"2026-09-21","0126Z0","삼성에피스홀딩스","WI410","건강관리","WI41010","제약","G352020","제약",261,"PDF"
"2026-09-21","000250","삼천당제약","WI410","건강관리","WI41010","제약","G352020","제약",261,"PDF"
"2026-09-21","226950","올릭스","WI410","건강관리","WI41020","생명과학","G352030","생명과학도구및서비스",262,"PDF"
"2026-09-21","009420","한올바이오파마","WI410","건강관리","WI41010","제약","G352020","제약",261,"PDF"
"2026-09-21","347850","디앤디파마텍","WI410","건강관리","WI41020","생명과학","G352010","생물공학",286,"PDF"
"2026-09-21","310210","보로노이","WI410","건강관리","WI41010","제약","G352020","제약",261,"PDF"
"2026-09-21","007390","네이처셀","WI410","건강관리","WI41020","생명과학","G352010","생물공학",286,"PDF"
"2026-09-21","145020","휴젤","WI410","건강관리","WI41020","생명과학","G352010","생물공학",286,"PDF"
"2026-09-21","039200","오스코텍","WI410","건강관리","WI41010","제약","G352020","제약",261,"PDF"
"2026-09-21","237690","에스티팜","WI410","건강관리","WI41010","제약","G352020","제약",261,"PDF"
"2026-09-21","008930","한미사이언스","WI410","건강관리","WI41010","제약","G352020","제약",261,"PDF"
"2026-09-21","302440","SK바이오사이언스","WI410","건강관리","WI41010","제약","G352020","제약",261,"PDF"
"2026-09-21","290650","엘앤씨바이오","WI410","건강관리","WI41030","건강관리장비,서비스","G351010","건강관리장비와용품",281,"PDF"
"2026-09-21","475830","오름테라퓨틱","WI410","건강관리","WI41010","제약","G352020","제약",261,"PDF"
"2026-09-21","096530","씨젠","WI410","건강관리","WI41020","생명과학","G352030","생명과학도구및서비스",262,"PDF"
"2026-09-21","214150","클래시스","WI410","건강관리","WI41030","건강관리장비,서비스","G351010","건강관리장비와용품",281,"PDF"
"2026-09-21","068760","셀트리온제약","WI410","건강관리","WI41010","제약","G352020","제약",261,"PDF"
"2026-09-21","127120","제이에스링크","WI410","건강관리","WI41020","생명과학","G352030","생명과학도구및서비스",262,"PDF"
"2026-09-21","006280","녹십자","WI410","건강관리","WI41010","제약","G352020","제약",261,"PDF"
"2026-09-21","115180","큐리언트","WI410","건강관리","WI41010","제약","G352020","제약",261,"PDF"
"2026-09-21","445680","큐리옥스바이오시스템즈","WI410","건강관리","WI41020","생명과학","G352030","생명과학도구및서비스",262,"PDF"
"2026-09-21","458870","씨어스","WI410","건강관리","WI41030","건강관리장비,서비스","G351030","건강관리기술",288,"PDF"
"2026-09-21","214370","케어젠","WI410","건강관리","WI41030","건강관리장비,서비스","G351020","건강관리업체및서비스",316,"PDF"
"2026-09-21","0009K0","에임드바이오","WI410","건강관리","WI41020","생명과학","G352010","생물공학",286,"PDF"
"2026-09-21","476830","알지노믹스","WI410","건강관리","WI41020","생명과학","G352010","생물공학",286,"PDF"
"2026-09-21","328130","루닛","WI410","건강관리","WI41030","건강관리장비,서비스","G351030","건강관리기술",288,"PDF"
"2026-09-21","195940","HK이노엔","WI410","건강관리","WI41010","제약","G352020","제약",261,"PDF"
"2026-09-21","185750","종근당","WI410","건강관리","WI41010","제약","G352020","제약",261,"PDF"
"2026-09-21","041830","인바디","WI410","건강관리","WI41030","건강관리장비,서비스","G351010","건강관리장비와용품",281,"PDF"
"2026-09-21","358570","지아이이노베이션","WI410","건강관리","WI41020","생명과학","G352010","생물공학",286,"PDF"
"2026-09-21","069620","대웅제약","WI410","건강관리","WI41010","제약","G352020","제약",261,"PDF"
"2026-09-21","491000","리브스메드","WI410","건강관리","WI41030","건강관리장비,서비스","G351010","건강관리장비와용품",281,"PDF"
"2026-09-21","085660","차바이오텍","WI410","건강관리","WI41030","건강관리장비,서비스","G351020","건강관리업체및서비스",316,"PDF"
"2026-09-21","086450","동국제약","WI410","건강관리","WI41010","제약","G352020","제약",261,"PDF"
"2026-09-21","041960","코미팜","WI410","건강관리","WI41010","제약","G352020","제약",261,"PDF"
"2026-09-21","456160","지투지바이오","WI410","건강관리","WI41010","제약","G352020","제약",261,"PDF"
"2026-09-21","376900","로킷헬스케어","WI410","건강관리","WI41030","건강관리장비,서비스","G351010","건강관리장비와용품",281,"PDF"
"2026-09-21","019170","신풍제약","WI410","건강관리","WI41010","제약","G352020","제약",261,"PDF"
"2026-09-21","397030","에이프릴바이오","WI410","건강관리","WI41010","제약","G352020","제약",261,"PDF"
"2026-09-21","086900","메디톡스","WI410","건강관리","WI41020","생명과학","G352010","생물공학",286,"PDF"
"2026-09-21","386380","스카이랩스","WI410","건강관리","WI41030","건강관리장비,서비스","G351030","건강관리기술",288,"PDF"
"2026-09-21","099190","아이센스","WI410","건강관리","WI41030","건강관리장비,서비스","G351010","건강관리장비와용품",281,"PDF"
"2026-09-21","001060","JW중외제약","WI410","건강관리","WI41010","제약","G352020","제약",261,"PDF"
"2026-09-21","476060","온코닉테라퓨틱스","WI410","건강관리","WI41010","제약","G352020","제약",261,"PDF"
"2026-09-21","174900","앱클론","WI410","건강관리","WI41020","생명과학","G352010","생물공학",286,"PDF"
"2026-09-21","187660","페니트리움바이오","WI410","건강관리","WI41010","제약","G352020","제약",261,"PDF"
"2026-09-21","003000","부광약품","WI410","건강관리","WI41010","제약","G352020","제약",261,"PDF"
"2026-09-21","003090","대웅","WI410","건강관리","WI41010","제약","G352020","제약",261,"PDF"
"2026-09-21","249420","일동제약","WI410","건강관리","WI41010","제약","G352020","제약",261,"PDF"
"2026-09-21","000640","동아쏘시오홀딩스","WI410","건강관리","WI41010","제약","G352020","제약",261,"PDF"
"2026-09-21","389470","인벤티지랩","WI410","건강관리","WI41010","제약","G352020","제약",261,"PDF"
"2026-09-21","199800","툴젠","WI410","건강관리","WI41020","생명과학","G352010","생물공학",286,"PDF"
"2026-09-21","475960","토모큐브","WI410","건강관리","WI41020","생명과학","G352030","생명과학도구및서비스",262,"PDF"
"2026-09-21","206650","유바이오로직스","WI410","건강관리","WI41020","생명과학","G352010","생물공학",286,"PDF"
"2026-09-21","003850","보령","WI410","건강관리","WI41010","제약","G352020","제약",261,"PDF"
"2026-09-21","215600","신라젠","WI410","건강관리","WI41010","제약","G352020","제약",261,"PDF"
"2026-09-21","009290","광동제약","WI410","건강관리","WI41010","제약","G352020","제약",261,"PDF"
"2026-09-21","067630","HLB생명과학","WI410","건강관리","WI41030","건강관리장비,서비스","G351010","건강관리장비와용품",281,"PDF"
"2026-09-21","340570","티앤엘","WI410","건강관리","WI41030","건강관리장비,서비스","G351010","건강관리장비와용품",281,"PDF"
"2026-09-21","145720","덴티움","WI410","건강관리","WI41030","건강관리장비,서비스","G351010","건강관리장비와용품",281,"PDF"
"2026-09-21","047920","HLB제약","WI410","건강관리","WI41010","제약","G352020","제약",261,"PDF"
"2026-09-21","372320","큐로셀","WI410","건강관리","WI41020","생명과학","G352010","생물공학",286,"PDF"
"2026-09-21","468530","프로티나","WI410","건강관리","WI41020","생명과학","G352010","생물공학",286,"PDF"
"2026-09-21","060280","큐렉소","WI410","건강관리","WI41030","건강관리장비,서비스","G351010","건강관리장비와용품",281,"PDF"
"2026-09-21","455900","엔젤로보틱스","WI410","건강관리","WI41030","건강관리장비,서비스","G351010","건강관리장비와용품",281,"PDF"
"2026-09-21","064550","바이오니아","WI410","건강관리","WI41020","생명과학","G352010","생물공학",286,"PDF"
"2026-09-21","336570","원텍","WI410","건강관리","WI41030","건강관리장비,서비스","G351010","건강관리장비와용품",281,"PDF"
"2026-09-21","137310","에스디바이오센서","WI410","건강관리","WI41030","건강관리장비,서비스","G351010","건강관리장비와용품",281,"PDF"
"2026-09-21","005250","녹십자홀딩스","WI410","건강관리","WI41010","제약","G352020","제약",261,"PDF"
"2026-09-21","042520","한스바이오메드","WI410","건강관리","WI41030","건강관리장비,서비스","G351010","건강관리장비와용품",281,"PDF"
"2026-09-21","228760","지노믹트리","WI410","건강관리","WI41030","건강관리장비,서비스","G351010","건강관리장비와용품",281,"PDF"
"2026-09-21","108860","셀바스AI","WI410","건강관리","WI41030","건강관리장비,서비스","G351010","건강관리장비와용품",281,"PDF"
"2026-09-21","004310","현대약품","WI410","건강관리","WI41010","제약","G352020","제약",261,"PDF"
"2026-09-21","005500","삼진제약","WI410","건강관리","WI41010","제약","G352020","제약",261,"PDF"
"2026-09-21","304360","에스바이오메딕스","WI410","건강관리","WI41020","생명과학","G352010","생물공학",286,"PDF"
"2026-09-21","053030","바이넥스","WI410","건강관리","WI41010","제약","G352020","제약",261,"PDF"
"2026-09-21","365270","큐라클","WI410","건강관리","WI41010","제약","G352020","제약",261,"PDF"
"2026-09-21","170900","동아에스티","WI410","건강관리","WI41010","제약","G352020","제약",261,"PDF"
"2026-09-21","200670","휴메딕스","WI410","건강관리","WI41010","제약","G352020","제약",261,"PDF"
"2026-09-21","078160","메디포스트","WI410","건강관리","WI41020","생명과학","G352010","생물공학",286,"PDF"
"2026-09-21","0120G0","삼양바이오팜","WI410","건강관리","WI41030","건강관리장비,서비스","G351010","건강관리장비와용품",281,"PDF"
"2026-09-21","287840","인투셀","WI410","건강관리","WI41010","제약","G352020","제약",261,"PDF"
"2026-09-21","220100","퓨쳐켐","WI410","건강관리","WI41010","제약","G352020","제약",261,"PDF"
"2026-09-21","216080","제테마","WI410","건강관리","WI41030","건강관리장비,서비스","G351010","건강관리장비와용품",281,"PDF"
"2026-09-21","389650","넥스트바이오메디컬","WI410","건강관리","WI41030","건강관리장비,서비스","G351010","건강관리장비와용품",281,"PDF"
"2026-09-21","217730","강스템바이오텍","WI410","건강관리","WI41020","생명과학","G352010","생물공학",286,"PDF"
"2026-09-21","376270","HEM파마","WI410","건강관리","WI41030","건강관리장비,서비스","G351020","건강관리업체및서비스",316,"PDF"
"2026-09-21","206640","바디텍메드","WI410","건강관리","WI41020","생명과학","G352030","생명과학도구및서비스",262,"PDF"
"2026-09-21","033270","유나이티드제약","WI410","건강관리","WI41010","제약","G352020","제약",261,"PDF"
"2026-09-21","054950","제이브이엠","WI410","건강관리","WI41030","건강관리장비,서비스","G351010","건강관리장비와용품",281,"PDF"
"2026-09-21","100120","뷰웍스","WI410","건강관리","WI41030","건강관리장비,서비스","G351010","건강관리장비와용품",281,"PDF"
"2026-09-21","115450","HLB테라퓨틱스","WI410","건강관리","WI41010","제약","G352020","제약",261,"PDF"
"2026-09-21","317450","명인제약","WI410","건강관리","WI41010","제약","G352020","제약",261,"PDF"
"2026-09-21","016580","환인제약","WI410","건강관리","WI41010","제약","G352020","제약",261,"PDF"
"2026-09-21","314130","지놈앤컴퍼니","WI410","건강관리","WI41010","제약","G352020","제약",261,"PDF"
"2026-09-21","067080","대화제약","WI410","건강관리","WI41010","제약","G352020","제약",261,"PDF"
"2026-09-21","331920","셀레믹스","WI410","건강관리","WI41020","생명과학","G352010","생물공학",286,"PDF"
"2026-09-21","086820","바이오솔루션","WI410","건강관리","WI41020","생명과학","G352010","생물공학",286,"PDF"
"2026-09-21","067290","JW신약","WI410","건강관리","WI41010","제약","G352020","제약",261,"PDF"
"2026-09-21","493280","아이엠바이오로직스","WI410","건강관리","WI41010","제약","G352020","제약",261,"PDF"
"2026-09-21","318060","그래피","WI410","건강관리","WI41030","건강관리장비,서비스","G351010","건강관리장비와용품",281,"PDF"
"2026-09-21","256840","한국비엔씨","WI410","건강관리","WI41030","건강관리장비,서비스","G351010","건강관리장비와용품",281,"PDF"
"2026-09-21","099430","바이오플러스","WI410","건강관리","WI41030","건강관리장비,서비스","G351010","건강관리장비와용품",281,"PDF"
"2026-09-21","096760","JW홀딩스","WI410","건강관리","WI41010","제약","G352020","제약",261,"PDF"
"2026-09-21","065660","안트로젠","WI410","건강관리","WI41010","제약","G352020","제약",261,"PDF"
"2026-09-21","293780","압타바이오","WI410","건강관리","WI41030","건강관리장비,서비스","G351020","건강관리업체및서비스",316,"PDF"
"2026-09-21","243070","휴온스","WI410","건강관리","WI41010","제약","G352020","제약",261,"PDF"
"2026-09-21","138610","나이벡","WI410","건강관리","WI41030","건강관리장비,서비스","G351010","건강관리장비와용품",281,"PDF"
"2026-09-21","377740","바이오노트","WI410","건강관리","WI41030","건강관리장비,서비스","G351010","건강관리장비와용품",281,"PDF"
"2026-09-21","082800","비보존 제약","WI410","건강관리","WI41010","제약","G352020","제약",261,"PDF"
"2026-09-21","043150","바텍","WI410","건강관리","WI41030","건강관리장비,서비스","G351010","건강관리장비와용품",281,"PDF"
"2026-09-21","194700","노바렉스","WI410","건강관리","WI41030","건강관리장비,서비스","G351020","건강관리업체및서비스",316,"PDF"
"2026-09-21","084110","휴온스글로벌","WI410","건강관리","WI41010","제약","G352020","제약",261,"PDF"
"2026-09-21","084990","헬릭스미스","WI410","건강관리","WI41020","생명과학","G352010","생물공학",286,"PDF"
"2026-09-21","000520","삼일제약","WI410","건강관리","WI41010","제약","G352020","제약",261,"PDF"
"2026-09-21","314930","바이오다인","WI410","건강관리","WI41030","건강관리장비,서비스","G351010","건강관리장비와용품",281,"PDF"
"2026-09-21","308080","바이젠셀","WI410","건강관리","WI41010","제약","G352020","제약",261,"PDF"
"2026-09-21","144510","지씨셀","WI410","건강관리","WI41030","건강관리장비,서비스","G351020","건강관리업체및서비스",316,"PDF"
"2026-09-21","0082N0","카나프테라퓨틱스","WI410","건강관리","WI41010","제약","G352020","제약",261,"PDF"
"2026-09-21","001360","삼성제약","WI410","건강관리","WI41010","제약","G352020","제약",261,"PDF"
"2026-09-21","322510","제이엘케이","WI410","건강관리","WI41030","건강관리장비,서비스","G351030","건강관리기술",288,"PDF"
"2026-09-21","156100","엘앤케이바이오","WI410","건강관리","WI41030","건강관리장비,서비스","G351010","건강관리장비와용품",281,"PDF"
"2026-09-21","007570","일양약품","WI410","건강관리","WI41010","제약","G352020","제약",261,"PDF"
"2026-09-21","200130","콜마비앤에이치","WI410","건강관리","WI41030","건강관리장비,서비스","G351020","건강관리업체및서비스",316,"PDF"
"2026-09-21","102940","코오롱생명과학","WI410","건강관리","WI41010","제약","G352020","제약",261,"PDF"
"2026-09-21","038290","마크로젠","WI410","건강관리","WI41020","생명과학","G352030","생명과학도구및서비스",262,"PDF"
"2026-09-21","071200","인피니트헬스케어","WI410","건강관리","WI41030","건강관리장비,서비스","G351030","건강관리기술",288,"PDF"
"2026-09-21","003220","대원제약","WI410","건강관리","WI41010","제약","G352020","제약",261,"PDF"
"2026-09-21","424870","이뮨온시아","WI410","건강관리","WI41010","제약","G352020","제약",261,"PDF"
"2026-09-21","008490","서흥","WI410","건강관리","WI41010","제약","G352020","제약",261,"PDF"
"2026-09-21","394800","쓰리빌리언","WI410","건강관리","WI41030","건강관리장비,서비스","G351030","건강관리기술",288,"PDF"
"2026-09-21","095700","제넥신","WI410","건강관리","WI41020","생명과학","G352010","생물공학",286,"PDF"
"2026-09-21","119610","인터로조","WI410","건강관리","WI41030","건강관리장비,서비스","G351010","건강관리장비와용품",281,"PDF"
"2026-09-21","450950","아스테라시스","WI410","건강관리","WI41030","건강관리장비,서비스","G351010","건강관리장비와용품",281,"PDF"
"2026-09-21","308430","셀비온","WI410","건강관리","WI41010","제약","G352020","제약",261,"PDF"
"2026-09-21","023910","대한약품","WI410","건강관리","WI41010","제약","G352020","제약",261,"PDF"
"2026-09-21","039840","디오","WI410","건강관리","WI41030","건강관리장비,서비스","G351010","건강관리장비와용품",281,"PDF"
"2026-09-21","086890","이수앱지스","WI410","건강관리","WI41010","제약","G352020","제약",261,"PDF"
"2026-09-21","041920","메디아나","WI410","건강관리","WI41030","건강관리장비,서비스","G351010","건강관리장비와용품",281,"PDF"
"2026-09-21","166480","코아스템켐온","WI410","건강관리","WI41020","생명과학","G352010","생물공학",286,"PDF"
"2026-09-21","039860","나노엔텍","WI410","건강관리","WI41020","생명과학","G352030","생명과학도구및서비스",262,"PDF"
"2026-09-21","234080","JW생명과학","WI410","건강관리","WI41010","제약","G352020","제약",261,"PDF"
"2026-09-21","003520","영진약품","WI410","건강관리","WI41010","제약","G352020","제약",261,"PDF"
"2026-09-21","234690","녹십자웰빙","WI410","건강관리","WI41010","제약","G352020","제약",261,"PDF"
"2026-09-21","001630","종근당홀딩스","WI410","건강관리","WI41010","제약","G352020","제약",261,"PDF"
"2026-09-21","338840","와이바이오로직스","WI410","건강관리","WI41020","생명과학","G352010","생물공학",286,"PDF"
"2026-09-21","323990","박셀바이오","WI410","건강관리","WI41010","제약","G352020","제약",261,"PDF"
"2026-09-21","246710","티앤알바이오팹","WI410","건강관리","WI41020","생명과학","G352010","생물공학",286,"PDF"
"2026-09-21","261780","아리바이오랩","WI410","건강관리","WI41010","제약","G352020","제약",261,"PDF"
"2026-09-21","321550","티움바이오","WI410","건강관리","WI41010","제약","G352020","제약",261,"PDF"
"2026-09-21","000020","동화약품","WI410","건강관리","WI41010","제약","G352020","제약",261,"PDF"
"2026-09-21","222040","코스맥스엔비티","WI410","건강관리","WI41030","건강관리장비,서비스","G351020","건강관리업체및서비스",316,"PDF"
"2026-09-21","048870","시너지이노베이션","WI410","건강관리","WI41030","건강관리장비,서비스","G351010","건강관리장비와용품",281,"PDF"
"2026-09-21","059210","메타바이오메드","WI410","건강관리","WI41030","건강관리장비,서비스","G351010","건강관리장비와용품",281,"PDF"
"2026-09-21","044820","코스맥스비티아이","WI410","건강관리","WI41030","건강관리장비,서비스","G351020","건강관리업체및서비스",316,"PDF"
"2026-09-21","102460","이연제약","WI410","건강관리","WI41010","제약","G352020","제약",261,"PDF"
"2026-09-21","494120","큐리오시스","WI410","건강관리","WI41020","생명과학","G352030","생명과학도구및서비스",262,"PDF"
"2026-09-21","394420","리센스메디컬","WI410","건강관리","WI41030","건강관리장비,서비스","G351010","건강관리장비와용품",281,"PDF"
"2026-09-21","179290","엠아이텍","WI410","건강관리","WI41030","건강관리장비,서비스","G351010","건강관리장비와용품",281,"PDF"
"2026-09-21","340450","지씨지놈","WI410","건강관리","WI41020","생명과학","G352030","생명과학도구및서비스",262,"PDF"
"2026-09-21","235980","메드팩토","WI410","건강관리","WI41010","제약","G352020","제약",261,"PDF"
"2026-09-21","049960","쎌바이오텍","WI410","건강관리","WI41020","생명과학","G352010","생물공학",286,"PDF"
"2026-09-21","032620","GC메디아이","WI410","건강관리","WI41030","건강관리장비,서비스","G351030","건강관리기술",288,"PDF"
"2026-09-21","056090","시지메드텍","WI410","건강관리","WI41030","건강관리장비,서비스","G351010","건강관리장비와용품",281,"PDF"
"2026-09-21","387690","레메디","WI410","건강관리","WI41030","건강관리장비,서비스","G351010","건강관리장비와용품",281,"PDF"
"2026-09-21","066700","테라젠이텍스","WI410","건강관리","WI41010","제약","G352020","제약",261,"PDF"
"2026-09-21","011040","경동제약","WI410","건강관리","WI41010","제약","G352020","제약",261,"PDF"
"2026-09-21","176750","듀켐바이오","WI410","건강관리","WI41010","제약","G352020","제약",261,"PDF"
"2026-09-21","185490","아이진","WI410","건강관리","WI41020","생명과학","G352010","생물공학",286,"PDF"
"2026-09-21","002390","한독","WI410","건강관리","WI41010","제약","G352020","제약",261,"PDF"
"2026-09-21","048530","인트론바이오","WI410","건강관리","WI41020","생명과학","G352030","생명과학도구및서비스",262,"PDF"
"2026-09-21","0088M0","메쥬","WI410","건강관리","WI41030","건강관리장비,서비스","G351010","건강관리장비와용품",281,"PDF"
"2026-09-21","074430","아미노로직스","WI410","건강관리","WI41010","제약","G352020","제약",261,"PDF"
"2026-09-21","226400","오스테오닉","WI410","건강관리","WI41030","건강관리장비,서비스","G351010","건강관리장비와용품",281,"PDF"
"2026-09-21","380550","뉴로핏","WI410","건강관리","WI41030","건강관리장비,서비스","G351030","건강관리기술",288,"PDF"
"2026-09-21","092040","아미코젠","WI410","건강관리","WI41020","생명과학","G352010","생물공학",286,"PDF"
"2026-09-21","299660","셀리드","WI410","건강관리","WI41020","생명과학","G352010","생물공학",286,"PDF"
"2026-09-21","214680","디알텍","WI410","건강관리","WI41030","건강관리장비,서비스","G351010","건강관리장비와용품",281,"PDF"
"2026-09-21","106190","하이텍팜","WI410","건강관리","WI41010","제약","G352020","제약",261,"PDF"
"2026-09-21","293480","하나제약","WI410","건강관리","WI41010","제약","G352020","제약",261,"PDF"
"2026-09-21","240550","동방메디컬","WI410","건강관리","WI41030","건강관리장비,서비스","G351010","건강관리장비와용품",281,"PDF"
"2026-09-21","131030","옵투스제약","WI410","건강관리","WI41010","제약","G352020","제약",261,"PDF"
"2026-09-21","307750","국전","WI410","건강관리","WI41010","제약","G352020","제약",261,"PDF"
"2026-09-21","083790","CG인바이츠","WI410","건강관리","WI41020","생명과학","G352030","생명과학도구및서비스",262,"PDF"
"2026-09-21","006620","동구바이오제약","WI410","건강관리","WI41010","제약","G352020","제약",261,"PDF"
"2026-09-21","253840","수젠텍","WI410","건강관리","WI41030","건강관리장비,서비스","G351010","건강관리장비와용품",281,"PDF"
"2026-09-21","099750","이지케어텍","WI410","건강관리","WI41030","건강관리장비,서비스","G351030","건강관리기술",288,"PDF"
"2026-09-21","338220","뷰노","WI410","건강관리","WI41030","건강관리장비,서비스","G351030","건강관리기술",288,"PDF"
"2026-09-21","035610","솔본","WI410","건강관리","WI41030","건강관리장비,서비스","G351030","건강관리기술",288,"PDF"
"2026-09-21","271980","제일약품","WI410","건강관리","WI41010","제약","G352020","제약",261,"PDF"
"2026-09-21","004720","팜젠사이언스","WI410","건강관리","WI41010","제약","G352020","제약",261,"PDF"
"2026-09-21","065170","비엘팜텍","WI410","건강관리","WI41030","건강관리장비,서비스","G351020","건강관리업체및서비스",316,"PDF"
"2026-09-21","072020","중앙백신","WI410","건강관리","WI41010","제약","G352020","제약",261,"PDF"
"2026-09-21","334970","프레스티지바이오로직스","WI410","건강관리","WI41010","제약","G352020","제약",261,"PDF"
"2026-09-21","228670","레이","WI410","건강관리","WI41030","건강관리장비,서비스","G351010","건강관리장비와용품",281,"PDF"
"2026-09-21","302550","리메드","WI410","건강관리","WI41030","건강관리장비,서비스","G351010","건강관리장비와용품",281,"PDF"
"2026-09-21","205470","휴마시스","WI410","건강관리","WI41020","생명과학","G352030","생명과학도구및서비스",262,"PDF"
"2026-09-21","204840","지엘팜텍","WI410","건강관리","WI41010","제약","G352020","제약",261,"PDF"
"2026-09-21","067370","선바이오","WI410","건강관리","WI41020","생명과학","G352010","생물공학",286,"PDF"
"2026-09-21","001540","안국약품","WI410","건강관리","WI41010","제약","G352020","제약",261,"PDF"
"2026-09-21","060590","씨티씨바이오","WI410","건강관리","WI41010","제약","G352020","제약",261,"PDF"
"2026-09-21","041910","폴라리스AI파마","WI410","건강관리","WI41010","제약","G352020","제약",261,"PDF"
"2026-09-21","100700","세운메디칼","WI410","건강관리","WI41030","건강관리장비,서비스","G351010","건강관리장비와용품",281,"PDF"
"2026-09-21","251120","바이오에프디엔씨","WI410","건강관리","WI41020","생명과학","G352010","생물공학",286,"PDF"
"2026-09-21","388870","파로스아이바이오","WI410","건강관리","WI41020","생명과학","G352010","생물공학",286,"PDF"
"2026-09-21","054050","NH농우바이오","WI410","건강관리","WI41020","생명과학","G352010","생물공학",286,"PDF"
"2026-09-21","439580","블루엠텍","WI410","건강관리","WI41030","건강관리장비,서비스","G351020","건강관리업체및서비스",316,"PDF"
"2026-09-21","389030","지니너스","WI410","건강관리","WI41020","생명과학","G352010","생물공학",286,"PDF"
"2026-09-21","065510","휴비츠","WI410","건강관리","WI41030","건강관리장비,서비스","G351010","건강관리장비와용품",281,"PDF"
"2026-09-21","214390","경보제약","WI410","건강관리","WI41010","제약","G352020","제약",261,"PDF"
"2026-09-21","054670","대한뉴팜","WI410","건강관리","WI41010","제약","G352020","제약",261,"PDF"
"2026-09-21","012790","신일제약","WI410","건강관리","WI41010","제약","G352020","제약",261,"PDF"
"2026-09-21","290660","다이나믹솔루션","WI410","건강관리","WI41030","건강관리장비,서비스","G351010","건강관리장비와용품",281,"PDF"
"2026-09-21","460940","피앤에스로보틱스","WI410","건강관리","WI41030","건강관리장비,서비스","G351010","건강관리장비와용품",281,"PDF"
"2026-09-21","003120","일성아이에스","WI410","건강관리","WI41010","제약","G352020","제약",261,"PDF"
"2026-09-21","063160","종근당바이오","WI410","건강관리","WI41010","제약","G352020","제약",261,"PDF"
"2026-09-21","002720","국제약품","WI410","건강관리","WI41010","제약","G352020","제약",261,"PDF"
"2026-09-21","203400","에이비온","WI410","건강관리","WI41010","제약","G352020","제약",261,"PDF"
"2026-09-21","330350","위더스제약","WI410","건강관리","WI41010","제약","G352020","제약",261,"PDF"
"2026-09-21","032850","비트컴퓨터","WI410","건강관리","WI41030","건강관리장비,서비스","G351030","건강관리기술",288,"PDF"
"2026-09-21","217330","싸이토젠","WI410","건강관리","WI41030","건강관리장비,서비스","G351020","건강관리업체및서비스",316,"PDF"
"2026-09-21","104540","코렌텍","WI410","건강관리","WI41030","건강관리장비,서비스","G351010","건강관리장비와용품",281,"PDF"
"2026-09-21","365660","레몬헬스케어","WI410","건강관리","WI41030","건강관리장비,서비스","G351020","건강관리업체및서비스",316,"PDF"
"2026-09-21","046210","HLB파나진","WI410","건강관리","WI41020","생명과학","G352030","생명과학도구및서비스",262,"PDF"
"2026-09-21","317690","퀀타매트릭스","WI410","건강관리","WI41020","생명과학","G352030","생명과학도구및서비스",262,"PDF"
"2026-09-21","303360","프로티아","WI410","건강관리","WI41030","건강관리장비,서비스","G351010","건강관리장비와용품",281,"PDF"
"2026-09-21","153710","옵티팜","WI410","건강관리","WI41010","제약","G352020","제약",261,"PDF"
"2026-09-21","078140","대봉엘에스","WI410","건강관리","WI41010","제약","G352020","제약",261,"PDF"
"2026-09-21","061250","화일약품","WI410","건강관리","WI41010","제약","G352020","제약",261,"PDF"
"2026-09-21","007370","진양제약","WI410","건강관리","WI41010","제약","G352020","제약",261,"PDF"
"2026-09-21","199550","레이저옵텍","WI410","건강관리","WI41030","건강관리장비,서비스","G351010","건강관리장비와용품",281,"PDF"
"2026-09-21","179530","애드바이오텍","WI410","건강관리","WI41010","제약","G352020","제약",261,"PDF"
"2026-09-21","246960","SCL사이언스","WI410","건강관리","WI41030","건강관리장비,서비스","G351020","건강관리업체및서비스",316,"PDF"
"2026-09-21","187420","HLB제넥스","WI410","건강관리","WI41020","생명과학","G352010","생물공학",286,"PDF"
"2026-09-21","348150","고바이오랩","WI410","건강관리","WI41030","건강관리장비,서비스","G351020","건강관리업체및서비스",316,"PDF"
"2026-09-21","0007J0","인벤테라","WI410","건강관리","WI41010","제약","G352020","제약",261,"PDF"
"2026-09-21","464490","쿼드메디슨","WI410","건강관리","WI41020","생명과학","G352010","생물공학",286,"PDF"
"2026-09-21","000230","일동홀딩스","WI410","건강관리","WI41010","제약","G352020","제약",261,"PDF"
"2026-09-21","456070","이엔셀","WI410","건강관리","WI41010","제약","G352020","제약",261,"PDF"
"2026-09-21","228850","레이언스","WI410","건강관리","WI41030","건강관리장비,서비스","G351010","건강관리장비와용품",281,"PDF"
"2026-09-21","000220","유유제약","WI410","건강관리","WI41010","제약","G352020","제약",261,"PDF"
"2026-09-21","384470","코어라인소프트","WI410","건강관리","WI41030","건강관리장비,서비스","G351030","건강관리기술",288,"PDF"
"2026-09-21","222110","팬젠","WI410","건강관리","WI41020","생명과학","G352010","생물공학",286,"PDF"
"2026-09-21","036220","오상헬스케어","WI410","건강관리","WI41020","생명과학","G352030","생명과학도구및서비스",262,"PDF"
"2026-09-21","002630","오리엔트바이오","WI410","건강관리","WI41020","생명과학","G352010","생물공학",286,"PDF"
"2026-09-21","208370","셀바스헬스케어","WI410","건강관리","WI41030","건강관리장비,서비스","G351010","건강관리장비와용품",281,"PDF"
"2026-09-21","002210","동성제약","WI410","건강관리","WI41010","제약","G352020","제약",261,"PDF"
"2026-09-21","372910","한컴라이프케어","WI410","건강관리","WI41030","건강관리장비,서비스","G351010","건강관리장비와용품",281,"PDF"
"2026-09-21","191420","테고사이언스","WI410","건강관리","WI41020","생명과학","G352010","생물공학",286,"PDF"
"2026-09-21","068330","일신바이오","WI410","건강관리","WI41020","생명과학","G352030","생명과학도구및서비스",262,"PDF"
"2026-09-21","142280","녹십자엠에스","WI410","건강관리","WI41030","건강관리장비,서비스","G351010","건강관리장비와용품",281,"PDF"
"2026-09-21","014950","삼익제약","WI410","건강관리","WI41010","제약","G352020","제약",261,"PDF"
"2026-09-21","002800","신신제약","WI410","건강관리","WI41010","제약","G352020","제약",261,"PDF"
"2026-09-21","114450","그린생명과학","WI410","건강관리","WI41010","제약","G352020","제약",261,"PDF"
"2026-09-21","017180","명문제약","WI410","건강관리","WI41010","제약","G352020","제약",261,"PDF"
"2026-09-21","278650","HLB바이오스텝","WI410","건강관리","WI41020","생명과학","G352030","생명과학도구및서비스",262,"PDF"
"2026-09-21","053950","경남제약","WI410","건강관리","WI41010","제약","G352020","제약",261,"PDF"
"2026-09-21","149980","하이로닉","WI410","건강관리","WI41030","건강관리장비,서비스","G351010","건강관리장비와용품",281,"PDF"
"2026-09-21","460470","아이빔테크놀로지","WI410","건강관리","WI41020","생명과학","G352030","생명과학도구및서비스",262,"PDF"
"2026-09-21","263690","디알젬","WI410","건강관리","WI41030","건강관리장비,서비스","G351010","건강관리장비와용품",281,"PDF"
"2026-09-21","032300","한국파마","WI410","건강관리","WI41010","제약","G352020","제약",261,"PDF"
"2026-09-21","261200","덴티스","WI410","건강관리","WI41030","건강관리장비,서비스","G351010","건강관리장비와용품",281,"PDF"
"2026-09-21","229000","젠큐릭스","WI410","건강관리","WI41030","건강관리장비,서비스","G351010","건강관리장비와용품",281,"PDF"
"2026-09-21","086060","진바이오텍","WI410","건강관리","WI41010","제약","G352020","제약",261,"PDF"
"2026-09-21","382150","온코크로스","WI410","건강관리","WI41020","생명과학","G352030","생명과학도구및서비스",262,"PDF"
"2026-09-21","002620","제일파마홀딩스","WI410","건강관리","WI41010","제약","G352020","제약",261,"PDF"
"2026-09-21","0010V0","제이피아이헬스케어","WI410","건강관리","WI41030","건강관리장비,서비스","G351010","건강관리장비와용품",281,"PDF"
"2026-09-21","007460","에이프로젠","WI410","건강관리","WI41010","제약","G352020","제약",261,"PDF"
"2026-09-21","263700","케어랩스","WI410","건강관리","WI41030","건강관리장비,서비스","G351020","건강관리업체및서비스",316,"PDF"
"2026-09-21","122310","제노레이","WI410","건강관리","WI41030","건강관리장비,서비스","G351010","건강관리장비와용품",281,"PDF"
"2026-09-21","086040","바이오톡스텍","WI410","건강관리","WI41020","생명과학","G352030","생명과학도구및서비스",262,"PDF"
"2026-09-21","303810","동국생명과학","WI410","건강관리","WI41030","건강관리장비,서비스","G351010","건강관리장비와용품",281,"PDF"
"2026-09-21","009300","삼아제약","WI410","건강관리","WI41010","제약","G352020","제약",261,"PDF"
"2026-09-21","109820","진매트릭스","WI410","건강관리","WI41020","생명과학","G352010","생물공학",286,"PDF"
"2026-09-21","307280","원바이오젠","WI410","건강관리","WI41030","건강관리장비,서비스","G351010","건강관리장비와용품",281,"PDF"
"2026-09-21","223250","드림씨아이에스","WI410","건강관리","WI41010","제약","G352020","제약",261,"PDF"
"2026-09-21","299170","더블유에스아이","WI410","건강관리","WI41010","제약","G352020","제약",261,"PDF"
"2026-09-21","038070","서린바이오","WI410","건강관리","WI41020","생명과학","G352010","생물공학",286,"PDF"
"2026-09-21","226330","신테카바이오","WI410","건강관리","WI41030","건강관리장비,서비스","G351020","건강관리업체및서비스",316,"PDF"
"2026-09-21","461030","아이엠비디엑스","WI410","건강관리","WI41020","생명과학","G352030","생명과학도구및서비스",262,"PDF"
"2026-09-21","357230","에이치피오","WI410","건강관리","WI41030","건강관리장비,서비스","G351020","건강관리업체및서비스",316,"PDF"
"2026-09-21","004080","신흥","WI410","건강관리","WI41030","건강관리장비,서비스","G351010","건강관리장비와용품",281,"PDF"
"2026-09-21","363250","진시스템","WI410","건강관리","WI41030","건강관리장비,서비스","G351010","건강관리장비와용품",281,"PDF"
"2026-09-21","476040","오가노이드사이언스","WI410","건강관리","WI41020","생명과학","G352010","생물공학",286,"PDF"
"2026-09-21","238120","얼라인드","WI410","건강관리","WI41020","생명과학","G352030","생명과학도구및서비스",262,"PDF"
"2026-09-21","043710","코스리거글로벌","WI410","건강관리","WI41030","건강관리장비,서비스","G351020","건강관리업체및서비스",316,"PDF"
"2026-09-21","215380","콜마바이오텍","WI410","건강관리","WI41020","생명과학","G352030","생명과학도구및서비스",262,"PDF"
"2026-09-21","044960","이글벳","WI410","건강관리","WI41010","제약","G352020","제약",261,"PDF"
"2026-09-21","0156T0","에이치엘지노믹스","WI410","건강관리","WI41010","제약","G352020","제약",261,"PDF"
"2026-09-21","347740","피엔케이피부임상연구센타","WI410","건강관리","WI41020","생명과학","G352030","생명과학도구및서비스",262,"PDF"
"2026-09-21","260660","알리코제약","WI410","건강관리","WI41010","제약","G352020","제약",261,"PDF"
"2026-09-21","387570","파인메딕스","WI410","건강관리","WI41030","건강관리장비,서비스","G351010","건강관리장비와용품",281,"PDF"
"2026-09-21","221800","지구홀딩스","WI410","건강관리","WI41030","건강관리장비,서비스","G351020","건강관리업체및서비스",316,"PDF"
"2026-09-21","115480","씨유메디칼","WI410","건강관리","WI41030","건강관리장비,서비스","G351010","건강관리장비와용품",281,"PDF"
"2026-09-21","291650","츌립앤사이언스","WI410","건강관리","WI41020","생명과학","G352030","생명과학도구및서비스",262,"PDF"
"2026-09-21","314140","알피바이오","WI410","건강관리","WI41010","제약","G352020","제약",261,"PDF"
"2026-09-21","006140","피제이전자","WI410","건강관리","WI41030","건강관리장비,서비스","G351010","건강관리장비와용품",281,"PDF"
"2026-09-21","348080","큐라티스","WI410","건강관리","WI41020","생명과학","G352010","생물공학",286,"PDF"
"2026-09-21","225220","제놀루션","WI410","건강관리","WI41030","건강관리장비,서비스","G351010","건강관리장비와용품",281,"PDF"
"2026-09-21","388610","지에프씨생명과학","WI410","건강관리","WI41020","생명과학","G352010","생물공학",286,"PDF"
"2026-09-21","118000","메타케어","WI410","건강관리","WI41010","제약","G352020","제약",261,"PDF"
"2026-09-21","188260","세니젠","WI410","건강관리","WI41030","건강관리장비,서비스","G351010","건강관리장비와용품",281,"PDF"
"2026-09-21","200780","비씨월드제약","WI410","건강관리","WI41010","제약","G352020","제약",261,"PDF"
"2026-09-21","014570","고려제약","WI410","건강관리","WI41010","제약","G352020","제약",261,"PDF"
"2026-09-21","058110","멕아이씨에스","WI410","건강관리","WI41030","건강관리장비,서비스","G351010","건강관리장비와용품",281,"PDF"
"2026-09-21","311690","CJ 바이오사이언스","WI410","건강관리","WI41020","생명과학","G352030","생명과학도구및서비스",262,"PDF"
"2026-09-21","131220","대한과학","WI410","건강관리","WI41020","생명과학","G352030","생명과학도구및서비스",262,"PDF"
"2026-09-21","200230","텔콘RF제약","WI410","건강관리","WI41010","제약","G352020","제약",261,"PDF"
"2026-09-21","462510","라메디텍","WI410","건강관리","WI41030","건강관리장비,서비스","G351010","건강관리장비와용품",281,"PDF"
"2026-09-21","450330","하스","WI410","건강관리","WI41030","건강관리장비,서비스","G351010","건강관리장비와용품",281,"PDF"
"2026-09-21","270870","뉴트리","WI410","건강관리","WI41030","건강관리장비,서비스","G351020","건강관리업체및서비스",316,"PDF"
"2026-09-21","354200","엔젠바이오","WI410","건강관리","WI41020","생명과학","G352030","생명과학도구및서비스",262,"PDF"
"2026-09-21","238200","비피도","WI410","건강관리","WI41030","건강관리장비,서비스","G351020","건강관리업체및서비스",316,"PDF"
"2026-09-21","154030","아시아종묘","WI410","건강관리","WI41020","생명과학","G352010","생물공학",286,"PDF"
"2026-09-21","464280","티디에스팜","WI410","건강관리","WI41010","제약","G352020","제약",261,"PDF"
"2026-09-21","018620","우진비앤지","WI410","건강관리","WI41010","제약","G352020","제약",261,"PDF"
"2026-09-21","373110","엑셀세라퓨틱스","WI410","건강관리","WI41020","생명과학","G352010","생물공학",286,"PDF"
"2026-09-21","036480","대성미생물","WI410","건강관리","WI41010","제약","G352020","제약",261,"PDF"
"2026-09-21","383930","디티앤씨알오","WI410","건강관리","WI41020","생명과학","G352030","생명과학도구및서비스",262,"PDF"
"2026-09-21","034940","조아제약","WI410","건강관리","WI41010","제약","G352020","제약",261,"PDF"
"2026-09-21","398120","에스지헬스케어","WI410","건강관리","WI41030","건강관리장비,서비스","G351010","건강관리장비와용품",281,"PDF"
"2026-09-21","353190","휴럼","WI410","건강관리","WI41030","건강관리장비,서비스","G351020","건강관리업체및서비스",316,"PDF"
"2026-09-21","419540","비스토스","WI410","건강관리","WI41030","건강관리장비,서비스","G351010","건강관리장비와용품",281,"PDF"
"2026-09-21","003060","에이프로젠바이오로직스","WI410","건강관리","WI41010","제약","G352020","제약",261,"PDF"
"2026-09-21","377220","프롬바이오","WI410","건강관리","WI41030","건강관리장비,서비스","G351020","건강관리업체및서비스",316,"PDF"
"2026-09-21","432980","엠에프씨","WI410","건강관리","WI41010","제약","G352020","제약",261,"PDF"
"2026-09-21","304840","피플바이오","WI410","건강관리","WI41030","건강관리장비,서비스","G351010","건강관리장비와용품",281,"PDF"
"2026-09-21","335810","프리시젼바이오","WI410","건강관리","WI41020","생명과학","G352030","생명과학도구및서비스",262,"PDF"
"2026-09-21","239610","에이치엘사이언스","WI410","건강관리","WI41030","건강관리장비,서비스","G351020","건강관리업체및서비스",316,"PDF"
"2026-09-21","018680","서울제약","WI410","건강관리","WI41010","제약","G352020","제약",261,"PDF"
"2026-09-21","318010","팜스빌","WI410","건강관리","WI41030","건강관리장비,서비스","G351020","건강관리업체및서비스",316,"PDF"
"2026-09-21","471820","셀로맥스사이언스","WI410","건강관리","WI41010","제약","G352020","제약",261,"PDF"
"2026-09-21","359090","씨엔알리서치","WI410","건강관리","WI41010","제약","G352020","제약",261,"PDF"
"2026-09-21","305090","마이크로디지탈","WI410","건강관리","WI41030","건강관리장비,서비스","G351010","건강관리장비와용품",281,"PDF"
"2026-09-21","405000","플라즈맵","WI410","건강관리","WI41030","건강관리장비,서비스","G351010","건강관리장비와용품",281,"PDF"
"2026-09-21","109960","앱토크롬","WI410","건강관리","WI41010","제약","G352020","제약",261,"PDF"
"2026-09-21","123840","뉴온","WI410","건강관리","WI41030","건강관리장비,서비스","G351020","건강관리업체및서비스",316,"PDF"
"2026-09-21","219750","한국비티비","WI410","건강관리","WI41030","건강관리장비,서비스","G351010","건강관리장비와용품",281,"PDF"
"2026-09-21","105560","KB금융","WI500","은행","WI50010","은행","G401010","은행",301,"PDF"
"2026-09-21","055550","신한지주","WI500","은행","WI50010","은행","G401010","은행",301,"PDF"
"2026-09-21","086790","하나금융지주","WI500","은행","WI50010","은행","G401010","은행",301,"PDF"
"2026-09-21","316140","우리금융지주","WI500","은행","WI50010","은행","G401010","은행",301,"PDF"
"2026-09-21","323410","카카오뱅크","WI500","은행","WI50010","은행","G401010","은행",301,"PDF"
"2026-09-21","024110","기업은행","WI500","은행","WI50010","은행","G401010","은행",301,"PDF"
"2026-09-21","175330","JB금융지주","WI500","은행","WI50010","은행","G401010","은행",301,"PDF"
"2026-09-21","138930","BNK금융지주","WI500","은행","WI50010","은행","G401010","은행",301,"PDF"
"2026-09-21","139130","iM금융지주","WI500","은행","WI50010","은행","G401010","은행",301,"PDF"
"2026-09-21","279570","케이뱅크","WI500","은행","WI50010","은행","G401010","은행",301,"PDF"
"2026-09-21","029780","삼성카드","WI500","은행","WI50020","기타금융","G403030","카드",337,"PDF"
"2026-09-21","204620","글로벌텍스프리","WI500","은행","WI50020","기타금융","G403040","기타금융",319,"PDF"
"2026-09-21","041190","우리기술투자","WI500","은행","WI50020","기타금융","G403020","창업투자",277,"PDF"
"2026-09-21","100790","미래에셋벤처투자","WI500","은행","WI50020","기타금융","G403020","창업투자",277,"PDF"
"2026-09-21","026890","스틱인베스트먼트","WI500","은행","WI50020","기타금융","G403020","창업투자",277,"PDF"
"2026-09-21","034830","한국토지신탁","WI500","은행","WI50020","기타금융","G405020","부동산",280,"PDF"
"2026-09-21","241520","DSC인베스트먼트","WI500","은행","WI50020","기타금융","G403020","창업투자",277,"PDF"
"2026-09-21","123890","한국자산신탁","WI500","은행","WI50020","기타금융","G405020","부동산",280,"PDF"
"2026-09-21","027360","아주IB투자","WI500","은행","WI50020","기타금융","G403020","창업투자",277,"PDF"
"2026-09-21","289080","SV인베스트먼트","WI500","은행","WI50020","기타금융","G403020","창업투자",277,"PDF"
"2026-09-21","006220","제주은행","WI500","은행","WI50010","은행","G401010","은행",301,"PDF"
"2026-09-21","038540","상상인","WI500","은행","WI50020","기타금융","G403040","기타금융",319,"PDF"
"2026-09-21","021080","에이티넘인베스트","WI500","은행","WI50020","기타금융","G403020","창업투자",277,"PDF"
"2026-09-21","210980","SK디앤디","WI500","은행","WI50020","기타금융","G405020","부동산",280,"PDF"
"2026-09-21","019550","SBI인베스트먼트","WI500","은행","WI50020","기타금융","G403020","창업투자",277,"PDF"
"2026-09-21","293580","나우IB","WI500","은행","WI50020","기타금융","G403020","창업투자",277,"PDF"
"2026-09-21","023760","한국캐피탈","WI500","은행","WI50020","기타금융","G403040","기타금융",319,"PDF"
"2026-09-21","246690","TS인베스트먼트","WI500","은행","WI50020","기타금융","G403020","창업투자",277,"PDF"
"2026-09-21","033560","블루콤","WI500","은행","WI50020","기타금융","G405020","부동산",280,"PDF"
"2026-09-21","307930","컴퍼니케이","WI500","은행","WI50020","기타금융","G403020","창업투자",277,"PDF"
"2026-09-21","007330","푸른저축은행","WI500","은행","WI50020","기타금융","G403040","기타금융",319,"PDF"
"2026-09-21","027830","대성창투","WI500","은행","WI50020","기타금융","G403020","창업투자",277,"PDF"
"2026-09-21","330730","스톤브릿지벤처스","WI500","은행","WI50020","기타금융","G403020","창업투자",277,"PDF"
"2026-09-21","452300","캡스톤파트너스","WI500","은행","WI50020","기타금융","G403020","창업투자",277,"PDF"
"2026-09-21","440290","HB인베스트먼트","WI500","은행","WI50020","기타금융","G403020","창업투자",277,"PDF"
"2026-09-21","016600","큐캐피탈","WI500","은행","WI50020","기타금융","G403020","창업투자",277,"PDF"
"2026-09-21","309960","LB인베스트먼트","WI500","은행","WI50020","기타금융","G403020","창업투자",277,"PDF"
"2026-09-21","019570","GMI벤처","WI500","은행","WI50020","기타금융","G403020","창업투자",277,"PDF"
"2026-09-21","021880","메이슨캐피탈","WI500","은행","WI50020","기타금융","G403040","기타금융",319,"PDF"
"2026-09-21","277070","린드먼아시아","WI500","은행","WI50020","기타금융","G403020","창업투자",277,"PDF"
"2026-09-21","001000","신라섬유","WI500","은행","WI50020","기타금융","G405020","부동산",280,"PDF"
"2026-09-21","138040","메리츠금융지주","WI510","증권","WI51010","증권","G402010","증권",321,"PDF"
"2026-09-21","006800","미래에셋증권","WI510","증권","WI51010","증권","G402010","증권",321,"PDF"
"2026-09-21","071050","한국금융지주","WI510","증권","WI51010","증권","G402010","증권",321,"PDF"
"2026-09-21","016360","삼성증권","WI510","증권","WI51010","증권","G402010","증권",321,"PDF"
"2026-09-21","039490","키움증권","WI510","증권","WI51010","증권","G402010","증권",321,"PDF"
"2026-09-21","005940","NH투자증권","WI510","증권","WI51010","증권","G402010","증권",321,"PDF"
"2026-09-21","023590","다우기술","WI510","증권","WI51010","증권","G402010","증권",321,"PDF"
"2026-09-21","003540","대신증권","WI510","증권","WI51010","증권","G402010","증권",321,"PDF"
"2026-09-21","001720","신영증권","WI510","증권","WI51010","증권","G402010","증권",321,"PDF"
"2026-09-21","003530","한화투자증권","WI510","증권","WI51010","증권","G402010","증권",321,"PDF"
"2026-09-21","001510","SK증권","WI510","증권","WI51010","증권","G402010","증권",321,"PDF"
"2026-09-21","003470","유안타증권","WI510","증권","WI51010","증권","G402010","증권",321,"PDF"
"2026-09-21","001200","유진투자증권","WI510","증권","WI51010","증권","G402010","증권",321,"PDF"
"2026-09-21","001500","현대차증권","WI510","증권","WI51010","증권","G402010","증권",321,"PDF"
"2026-09-21","032190","다우데이타","WI510","증권","WI51010","증권","G402010","증권",321,"PDF"
"2026-09-21","016610","DB증권","WI510","증권","WI51010","증권","G402010","증권",321,"PDF"
"2026-09-21","001750","한양증권","WI510","증권","WI51010","증권","G402010","증권",321,"PDF"
"2026-09-21","030210","다올투자증권","WI510","증권","WI51010","증권","G402010","증권",321,"PDF"
"2026-09-21","064820","케이프","WI510","증권","WI51010","증권","G402010","증권",321,"PDF"
"2026-09-21","030610","교보증권","WI510","증권","WI51010","증권","G402010","증권",321,"PDF"
"2026-09-21","001270","부국증권","WI510","증권","WI51010","증권","G402010","증권",321,"PDF"
"2026-09-21","078020","LS증권","WI510","증권","WI51010","증권","G402010","증권",321,"PDF"
"2026-09-21","003460","유화증권","WI510","증권","WI51010","증권","G402010","증권",321,"PDF"
"2026-09-21","000680","LS네트웍스","WI510","증권","WI51010","증권","G402010","증권",321,"PDF"
"2026-09-21","001290","상상인증권","WI510","증권","WI51010","증권","G402010","증권",321,"PDF"
"2026-09-21","190650","코리아에셋투자증권","WI510","증권","WI51010","증권","G402010","증권",321,"PDF"
"2026-09-21","032830","삼성생명","WI520","보험","WI52010","보험","G404020","생명보험",330,"PDF"
"2026-09-21","000810","삼성화재","WI520","보험","WI52010","보험","G404010","손해보험",315,"PDF"
"2026-09-21","005830","DB손해보험","WI520","보험","WI52010","보험","G404010","손해보험",315,"PDF"
"2026-09-21","001450","현대해상","WI520","보험","WI52010","보험","G404010","손해보험",315,"PDF"
"2026-09-21","088350","한화생명","WI520","보험","WI52010","보험","G404020","생명보험",330,"PDF"
"2026-09-21","003690","코리안리","WI520","보험","WI52010","보험","G404010","손해보험",315,"PDF"
"2026-09-21","085620","미래에셋생명","WI520","보험","WI52010","보험","G404020","생명보험",330,"PDF"
"2026-09-21","031210","서울보증보험","WI520","보험","WI52010","보험","G404010","손해보험",315,"PDF"
"2026-09-21","000370","한화손해보험","WI520","보험","WI52010","보험","G404010","손해보험",315,"PDF"
"2026-09-21","211050","인카금융서비스","WI520","보험","WI52010","보험","G404010","손해보험",315,"PDF"
"2026-09-21","244920","에이플러스에셋","WI520","보험","WI52010","보험","G404010","손해보험",315,"PDF"
"2026-09-21","000400","롯데손해보험","WI520","보험","WI52010","보험","G404010","손해보험",315,"PDF"
"2026-09-21","000540","흥국화재","WI520","보험","WI52010","보험","G404010","손해보험",315,"PDF"
"2026-09-21","035420","NAVER","WI600","소프트웨어","WI60010","소프트웨어","G502050","양방향미디어와서비스",300,"BRIDGE:G451010"
"2026-09-21","035720","카카오","WI600","소프트웨어","WI60010","소프트웨어","G502050","양방향미디어와서비스",300,"BRIDGE:G451010"
"2026-09-21","018260","삼성에스디에스","WI600","소프트웨어","WI60010","소프트웨어","G451020","IT서비스",267,"PDF"
"2026-09-21","259960","크래프톤","WI600","소프트웨어","WI60020","게임소프트웨어","G502040","게임엔터테인먼트",263,"BRIDGE:G451035"
"2026-09-21","036570","NC","WI600","소프트웨어","WI60020","게임소프트웨어","G502040","게임엔터테인먼트",263,"BRIDGE:G451035"
"2026-09-21","064400","LG씨엔에스","WI600","소프트웨어","WI60010","소프트웨어","G451020","IT서비스",267,"PDF"
"2026-09-21","307950","현대오토에버","WI600","소프트웨어","WI60010","소프트웨어","G451020","IT서비스",267,"PDF"
"2026-09-21","377300","카카오페이","WI600","소프트웨어","WI60010","소프트웨어","G451020","IT서비스",267,"PDF"
"2026-09-21","263750","펄어비스","WI600","소프트웨어","WI60020","게임소프트웨어","G502040","게임엔터테인먼트",263,"BRIDGE:G451035"
"2026-09-21","022100","포스코DX","WI600","소프트웨어","WI60010","소프트웨어","G451020","IT서비스",267,"PDF"
"2026-09-21","251270","넷마블","WI600","소프트웨어","WI60020","게임소프트웨어","G502040","게임엔터테인먼트",263,"BRIDGE:G451035"
"2026-09-21","462870","시프트업","WI600","소프트웨어","WI60020","게임소프트웨어","G502040","게임엔터테인먼트",263,"BRIDGE:G451035"
"2026-09-21","181710","NHN","WI600","소프트웨어","WI60010","소프트웨어","G451020","IT서비스",267,"PDF"
"2026-09-21","192080","더블유게임즈","WI600","소프트웨어","WI60020","게임소프트웨어","G502040","게임엔터테인먼트",263,"BRIDGE:G451035"
"2026-09-21","124500","아이티센글로벌","WI600","소프트웨어","WI60010","소프트웨어","G451020","IT서비스",267,"PDF"
"2026-09-21","293490","카카오게임즈","WI600","소프트웨어","WI60020","게임소프트웨어","G502040","게임엔터테인먼트",263,"BRIDGE:G451035"
"2026-09-21","079940","가비아","WI600","소프트웨어","WI60010","소프트웨어","G451020","IT서비스",267,"PDF"
"2026-09-21","093320","케이아이엔엑스","WI600","소프트웨어","WI60010","소프트웨어","G451020","IT서비스",267,"PDF"
"2026-09-21","064260","다날","WI600","소프트웨어","WI60010","소프트웨어","G451020","IT서비스",267,"PDF"
"2026-09-21","112040","위메이드","WI600","소프트웨어","WI60020","게임소프트웨어","G502040","게임엔터테인먼트",263,"BRIDGE:G451035"
"2026-09-21","060250","NHN KCP","WI600","소프트웨어","WI60010","소프트웨어","G451020","IT서비스",267,"PDF"
"2026-09-21","067160","SOOP","WI600","소프트웨어","WI60010","소프트웨어","G502050","양방향미디어와서비스",300,"BRIDGE:G451010"
"2026-09-21","053800","안랩","WI600","소프트웨어","WI60010","소프트웨어","G451030","소프트웨어",287,"PDF"
"2026-09-21","052400","코나아이","WI600","소프트웨어","WI60010","소프트웨어","G451020","IT서비스",267,"PDF"
"2026-09-21","042000","카페24","WI600","소프트웨어","WI60010","소프트웨어","G451020","IT서비스",267,"PDF"
"2026-09-21","225570","넥슨게임즈","WI600","소프트웨어","WI60020","게임소프트웨어","G502040","게임엔터테인먼트",263,"BRIDGE:G451035"
"2026-09-21","078340","컴투스","WI600","소프트웨어","WI60020","게임소프트웨어","G502040","게임엔터테인먼트",263,"BRIDGE:G451035"
"2026-09-21","030520","한컴","WI600","소프트웨어","WI60010","소프트웨어","G451030","소프트웨어",287,"PDF"
"2026-09-21","486990","노타","WI600","소프트웨어","WI60010","소프트웨어","G451020","IT서비스",267,"PDF"
"2026-09-21","477850","마키나락스","WI600","소프트웨어","WI60010","소프트웨어","G451030","소프트웨어",287,"PDF"
"2026-09-21","356680","엑스게이트","WI600","소프트웨어","WI60010","소프트웨어","G451030","소프트웨어",287,"PDF"
"2026-09-21","294570","쿠콘","WI600","소프트웨어","WI60010","소프트웨어","G451020","IT서비스",267,"PDF"
"2026-09-21","376300","디어유","WI600","소프트웨어","WI60010","소프트웨어","G502050","양방향미디어와서비스",300,"BRIDGE:G451010"
"2026-09-21","034310","NICE","WI600","소프트웨어","WI60010","소프트웨어","G451020","IT서비스",267,"PDF"
"2026-09-21","069080","웹젠","WI600","소프트웨어","WI60020","게임소프트웨어","G502040","게임엔터테인먼트",263,"BRIDGE:G451035"
"2026-09-21","095660","네오위즈","WI600","소프트웨어","WI60020","게임소프트웨어","G502040","게임엔터테인먼트",263,"BRIDGE:G451035"
"2026-09-21","234340","헥토파이낸셜","WI600","소프트웨어","WI60010","소프트웨어","G451020","IT서비스",267,"PDF"
"2026-09-21","012030","DB","WI600","소프트웨어","WI60010","소프트웨어","G451020","IT서비스",267,"PDF"
"2026-09-21","304100","솔트룩스","WI600","소프트웨어","WI60010","소프트웨어","G451020","IT서비스",267,"PDF"
"2026-09-21","020120","키다리스튜디오","WI600","소프트웨어","WI60010","소프트웨어","G502050","양방향미디어와서비스",300,"BRIDGE:G451010"
"2026-09-21","035600","KG이니시스","WI600","소프트웨어","WI60010","소프트웨어","G451020","IT서비스",267,"PDF"
"2026-09-21","298830","슈어소프트테크","WI600","소프트웨어","WI60010","소프트웨어","G451030","소프트웨어",287,"PDF"
"2026-09-21","194480","데브시스터즈","WI600","소프트웨어","WI60020","게임소프트웨어","G502040","게임엔터테인먼트",263,"BRIDGE:G451035"
"2026-09-21","205500","넥써쓰","WI600","소프트웨어","WI60020","게임소프트웨어","G502040","게임엔터테인먼트",263,"BRIDGE:G451035"
"2026-09-21","058970","엠로","WI600","소프트웨어","WI60010","소프트웨어","G451030","소프트웨어",287,"PDF"
"2026-09-21","452450","피아이이","WI600","소프트웨어","WI60010","소프트웨어","G451020","IT서비스",267,"PDF"
"2026-09-21","214180","헥토이노베이션","WI600","소프트웨어","WI60010","소프트웨어","G451020","IT서비스",267,"PDF"
"2026-09-21","035510","신세계 I&C","WI600","소프트웨어","WI60010","소프트웨어","G451020","IT서비스",267,"PDF"
"2026-09-21","475040","스트라드비젼","WI600","소프트웨어","WI60010","소프트웨어","G451030","소프트웨어",287,"PDF"
"2026-09-21","064850","에프앤가이드","WI600","소프트웨어","WI60010","소프트웨어","G451020","IT서비스",267,"PDF"
"2026-09-21","094480","갤럭시아머니트리","WI600","소프트웨어","WI60010","소프트웨어","G451020","IT서비스",267,"PDF"
"2026-09-21","300080","플리토","WI600","소프트웨어","WI60010","소프트웨어","G502050","양방향미디어와서비스",300,"BRIDGE:G451010"
"2026-09-21","462860","더즌","WI600","소프트웨어","WI60010","소프트웨어","G451020","IT서비스",267,"PDF"
"2026-09-21","402030","코난테크놀로지","WI600","소프트웨어","WI60010","소프트웨어","G451030","소프트웨어",287,"PDF"
"2026-09-21","053300","한국정보인증","WI600","소프트웨어","WI60010","소프트웨어","G451020","IT서비스",267,"PDF"
"2026-09-21","488280","에스투더블유","WI600","소프트웨어","WI60010","소프트웨어","G451020","IT서비스",267,"PDF"
"2026-09-21","204610","티쓰리","WI600","소프트웨어","WI60020","게임소프트웨어","G502040","게임엔터테인먼트",263,"BRIDGE:G451035"
"2026-09-21","101730","위메이드맥스","WI600","소프트웨어","WI60020","게임소프트웨어","G502040","게임엔터테인먼트",263,"BRIDGE:G451035"
"2026-09-21","263860","지니언스","WI600","소프트웨어","WI60010","소프트웨어","G451030","소프트웨어",287,"PDF"
"2026-09-21","242040","나무AX","WI600","소프트웨어","WI60010","소프트웨어","G451020","IT서비스",267,"PDF"
"2026-09-21","286940","롯데이노베이트","WI600","소프트웨어","WI60010","소프트웨어","G451020","IT서비스",267,"PDF"
"2026-09-21","158430","아톤","WI600","소프트웨어","WI60010","소프트웨어","G451030","소프트웨어",287,"PDF"
"2026-09-21","0007C0","아크릴","WI600","소프트웨어","WI60010","소프트웨어","G451020","IT서비스",267,"PDF"
"2026-09-21","163730","핑거","WI600","소프트웨어","WI60010","소프트웨어","G451020","IT서비스",267,"PDF"
"2026-09-21","189330","씨이랩","WI600","소프트웨어","WI60010","소프트웨어","G451020","IT서비스",267,"PDF"
"2026-09-21","357880","SKAI","WI600","소프트웨어","WI60010","소프트웨어","G451020","IT서비스",267,"PDF"
"2026-09-21","201490","미투온","WI600","소프트웨어","WI60020","게임소프트웨어","G502040","게임엔터테인먼트",263,"BRIDGE:G451035"
"2026-09-21","046440","KG파이낸셜","WI600","소프트웨어","WI60010","소프트웨어","G451020","IT서비스",267,"PDF"
"2026-09-21","234300","에스트래픽","WI600","소프트웨어","WI60010","소프트웨어","G451020","IT서비스",267,"PDF"
"2026-09-21","042420","네오위즈홀딩스","WI600","소프트웨어","WI60020","게임소프트웨어","G502040","게임엔터테인먼트",263,"BRIDGE:G451035"
"2026-09-21","086960","MDS테크","WI600","소프트웨어","WI60010","소프트웨어","G451030","소프트웨어",287,"PDF"
"2026-09-21","029480","광무","WI600","소프트웨어","WI60010","소프트웨어","G451020","IT서비스",267,"PDF"
"2026-09-21","250060","모비스","WI600","소프트웨어","WI60010","소프트웨어","G451030","소프트웨어",287,"PDF"
"2026-09-21","089230","THE E&M","WI600","소프트웨어","WI60010","소프트웨어","G502050","양방향미디어와서비스",300,"BRIDGE:G451010"
"2026-09-21","047560","이스트소프트","WI600","소프트웨어","WI60010","소프트웨어","G451030","소프트웨어",287,"PDF"
"2026-09-21","443670","에스피소프트","WI600","소프트웨어","WI60010","소프트웨어","G451020","IT서비스",267,"PDF"
"2026-09-21","058630","엠게임","WI600","소프트웨어","WI60020","게임소프트웨어","G502040","게임엔터테인먼트",263,"BRIDGE:G451035"
"2026-09-21","136540","윈스테크넷","WI600","소프트웨어","WI60010","소프트웨어","G451030","소프트웨어",287,"PDF"
"2026-09-21","042510","라온시큐어","WI600","소프트웨어","WI60010","소프트웨어","G451030","소프트웨어",287,"PDF"
"2026-09-21","217270","넵튠","WI600","소프트웨어","WI60020","게임소프트웨어","G502040","게임엔터테인먼트",263,"BRIDGE:G451035"
"2026-09-21","322180","LS티라유텍","WI600","소프트웨어","WI60010","소프트웨어","G451020","IT서비스",267,"PDF"
"2026-09-21","094860","네오리진","WI600","소프트웨어","WI60020","게임소프트웨어","G502040","게임엔터테인먼트",263,"BRIDGE:G451035"
"2026-09-21","377480","마음AI","WI600","소프트웨어","WI60010","소프트웨어","G451020","IT서비스",267,"PDF"
"2026-09-21","041460","한국전자인증","WI600","소프트웨어","WI60010","소프트웨어","G451020","IT서비스",267,"PDF"
"2026-09-21","205100","엑셈","WI600","소프트웨어","WI60010","소프트웨어","G451030","소프트웨어",287,"PDF"
"2026-09-21","042500","링네트","WI600","소프트웨어","WI60010","소프트웨어","G451020","IT서비스",267,"PDF"
"2026-09-21","053580","웹케시","WI600","소프트웨어","WI60010","소프트웨어","G451030","소프트웨어",287,"PDF"
"2026-09-21","307870","비투엔","WI600","소프트웨어","WI60010","소프트웨어","G451020","IT서비스",267,"PDF"
"2026-09-21","063080","컴투스홀딩스","WI600","소프트웨어","WI60020","게임소프트웨어","G502040","게임엔터테인먼트",263,"BRIDGE:G451035"
"2026-09-21","031820","아이티센씨티에스","WI600","소프트웨어","WI60010","소프트웨어","G451020","IT서비스",267,"PDF"
"2026-09-21","040350","크레오에스지","WI600","소프트웨어","WI60010","소프트웨어","G451020","IT서비스",267,"PDF"
"2026-09-21","134580","탑코미디어","WI600","소프트웨어","WI60010","소프트웨어","G502050","양방향미디어와서비스",300,"BRIDGE:G451010"
"2026-09-21","052460","아이크래프트","WI600","소프트웨어","WI60010","소프트웨어","G451020","IT서비스",267,"PDF"
"2026-09-21","072130","유엔젤","WI600","소프트웨어","WI60010","소프트웨어","G451020","IT서비스",267,"PDF"
"2026-09-21","038680","에스넷","WI600","소프트웨어","WI60010","소프트웨어","G451020","IT서비스",267,"PDF"
"2026-09-21","347860","알체라","WI600","소프트웨어","WI60010","소프트웨어","G451030","소프트웨어",287,"PDF"
"2026-09-21","096250","와이즈넛","WI600","소프트웨어","WI60010","소프트웨어","G451030","소프트웨어",287,"PDF"
"2026-09-21","033130","디지틀조선","WI600","소프트웨어","WI60010","소프트웨어","G451020","IT서비스",267,"PDF"
"2026-09-21","067000","조이시티","WI600","소프트웨어","WI60020","게임소프트웨어","G502040","게임엔터테인먼트",263,"BRIDGE:G451035"
"2026-09-21","040160","누리플렉스","WI600","소프트웨어","WI60010","소프트웨어","G451020","IT서비스",267,"PDF"
"2026-09-21","340810","시선AI","WI600","소프트웨어","WI60010","소프트웨어","G451030","소프트웨어",287,"PDF"
"2026-09-21","352910","오비고","WI600","소프트웨어","WI60010","소프트웨어","G451030","소프트웨어",287,"PDF"
"2026-09-21","173130","오파스넷","WI600","소프트웨어","WI60010","소프트웨어","G451020","IT서비스",267,"PDF"
"2026-09-21","483350","딜리셔스","WI600","소프트웨어","WI60010","소프트웨어","G451020","IT서비스",267,"PDF"
"2026-09-21","067920","이글루","WI600","소프트웨어","WI60010","소프트웨어","G451020","IT서비스",267,"PDF"
"2026-09-21","315640","딥노이드","WI600","소프트웨어","WI60010","소프트웨어","G451020","IT서비스",267,"PDF"
"2026-09-21","131370","알서포트","WI600","소프트웨어","WI60010","소프트웨어","G451030","소프트웨어",287,"PDF"
"2026-09-21","039980","폴라리스AI","WI600","소프트웨어","WI60010","소프트웨어","G451020","IT서비스",267,"PDF"
"2026-09-21","123420","위메이드플레이","WI600","소프트웨어","WI60020","게임소프트웨어","G502040","게임엔터테인먼트",263,"BRIDGE:G451035"
"2026-09-21","115310","인포바인","WI600","소프트웨어","WI60010","소프트웨어","G451020","IT서비스",267,"PDF"
"2026-09-21","033230","인성정보","WI600","소프트웨어","WI60010","소프트웨어","G451020","IT서비스",267,"PDF"
"2026-09-21","115500","케이씨에스","WI600","소프트웨어","WI60010","소프트웨어","G451020","IT서비스",267,"PDF"
"2026-09-21","010280","아이티센엔텍","WI600","소프트웨어","WI60010","소프트웨어","G451020","IT서비스",267,"PDF"
"2026-09-21","039420","케이엘넷","WI600","소프트웨어","WI60010","소프트웨어","G451020","IT서비스",267,"PDF"
"2026-09-21","053350","이니텍","WI600","소프트웨어","WI60010","소프트웨어","G451030","소프트웨어",287,"PDF"
"2026-09-21","463020","뉴엔AI","WI600","소프트웨어","WI60010","소프트웨어","G451020","IT서비스",267,"PDF"
"2026-09-21","025770","한국정보통신","WI600","소프트웨어","WI60010","소프트웨어","G451020","IT서비스",267,"PDF"
"2026-09-21","150900","파수AI","WI600","소프트웨어","WI60010","소프트웨어","G451030","소프트웨어",287,"PDF"
"2026-09-21","072770","멤레이비티","WI600","소프트웨어","WI60010","소프트웨어","G451020","IT서비스",267,"PDF"
"2026-09-21","214270","FSN","WI600","소프트웨어","WI60010","소프트웨어","G502050","양방향미디어와서비스",300,"BRIDGE:G451010"
"2026-09-21","192250","케이사인","WI600","소프트웨어","WI60010","소프트웨어","G451030","소프트웨어",287,"PDF"
"2026-09-21","065440","이루온","WI600","소프트웨어","WI60010","소프트웨어","G451020","IT서비스",267,"PDF"
"2026-09-21","411080","샌즈랩","WI600","소프트웨어","WI60010","소프트웨어","G451030","소프트웨어",287,"PDF"
"2026-09-21","100030","인지소프트","WI600","소프트웨어","WI60010","소프트웨어","G451030","소프트웨어",287,"PDF"
"2026-09-21","032790","엠젠솔루션","WI600","소프트웨어","WI60010","소프트웨어","G451020","IT서비스",267,"PDF"
"2026-09-21","053980","오상자이엘","WI600","소프트웨어","WI60010","소프트웨어","G451030","소프트웨어",287,"PDF"
"2026-09-21","049470","비트플래닛","WI600","소프트웨어","WI60010","소프트웨어","G451030","소프트웨어",287,"PDF"
"2026-09-21","060850","영림원소프트랩","WI600","소프트웨어","WI60010","소프트웨어","G451030","소프트웨어",287,"PDF"
"2026-09-21","443250","레뷰코퍼레이션","WI600","소프트웨어","WI60010","소프트웨어","G502050","양방향미디어와서비스",300,"BRIDGE:G451010"
"2026-09-21","219420","링크제니시스","WI600","소프트웨어","WI60010","소프트웨어","G451030","소프트웨어",287,"PDF"
"2026-09-21","199480","뱅크웨어글로벌","WI600","소프트웨어","WI60010","소프트웨어","G451020","IT서비스",267,"PDF"
"2026-09-21","263800","데이타솔루션","WI600","소프트웨어","WI60010","소프트웨어","G451020","IT서비스",267,"PDF"
"2026-09-21","408470","한패스","WI600","소프트웨어","WI60010","소프트웨어","G451020","IT서비스",267,"PDF"
"2026-09-21","020180","대신정보통신","WI600","소프트웨어","WI60010","소프트웨어","G451020","IT서비스",267,"PDF"
"2026-09-21","045510","정원엔시스","WI600","소프트웨어","WI60010","소프트웨어","G451020","IT서비스",267,"PDF"
"2026-09-21","267850","아시아나IDT","WI600","소프트웨어","WI60010","소프트웨어","G451020","IT서비스",267,"PDF"
"2026-09-21","393210","토마토시스템","WI600","소프트웨어","WI60010","소프트웨어","G451020","IT서비스",267,"PDF"
"2026-09-21","075130","플랜티넷","WI600","소프트웨어","WI60010","소프트웨어","G451030","소프트웨어",287,"PDF"
"2026-09-21","317530","에피소드컴퍼니","WI600","소프트웨어","WI60010","소프트웨어","G502050","양방향미디어와서비스",300,"BRIDGE:G451010"
"2026-09-21","434480","모니터랩","WI600","소프트웨어","WI60010","소프트웨어","G451030","소프트웨어",287,"PDF"
"2026-09-21","301300","바이브컴퍼니","WI600","소프트웨어","WI60010","소프트웨어","G451030","소프트웨어",287,"PDF"
"2026-09-21","300120","라온피플","WI600","소프트웨어","WI60010","소프트웨어","G451030","소프트웨어",287,"PDF"
"2026-09-21","050960","수산아이앤티","WI600","소프트웨어","WI60010","소프트웨어","G451030","소프트웨어",287,"PDF"
"2026-09-21","462980","아이지넷","WI600","소프트웨어","WI60010","소프트웨어","G451020","IT서비스",267,"PDF"
"2026-09-21","446840","지슨","WI600","소프트웨어","WI60010","소프트웨어","G451030","소프트웨어",287,"PDF"
"2026-09-21","258790","소프트캠프","WI600","소프트웨어","WI60010","소프트웨어","G451030","소프트웨어",287,"PDF"
"2026-09-21","131090","시큐브","WI600","소프트웨어","WI60010","소프트웨어","G451030","소프트웨어",287,"PDF"
"2026-09-21","052790","액토즈소프트","WI600","소프트웨어","WI60020","게임소프트웨어","G502040","게임엔터테인먼트",263,"BRIDGE:G451035"
"2026-09-21","189690","포시에스","WI600","소프트웨어","WI60010","소프트웨어","G451030","소프트웨어",287,"PDF"
"2026-09-21","466410","사이냅소프트","WI600","소프트웨어","WI60010","소프트웨어","G451030","소프트웨어",287,"PDF"
"2026-09-21","296640","이노에이엑스","WI600","소프트웨어","WI60010","소프트웨어","G451030","소프트웨어",287,"PDF"
"2026-09-21","064480","브리지텍","WI600","소프트웨어","WI60010","소프트웨어","G451020","IT서비스",267,"PDF"
"2026-09-21","067010","이씨에스","WI600","소프트웨어","WI60010","소프트웨어","G451020","IT서비스",267,"PDF"
"2026-09-21","184230","SGA솔루션즈","WI600","소프트웨어","WI60010","소프트웨어","G451030","소프트웨어",287,"PDF"
"2026-09-21","139670","키네마스터","WI600","소프트웨어","WI60010","소프트웨어","G451030","소프트웨어",287,"PDF"
"2026-09-21","007120","미래아이앤지","WI600","소프트웨어","WI60010","소프트웨어","G451020","IT서비스",267,"PDF"
"2026-09-21","069410","엔텔스","WI600","소프트웨어","WI60010","소프트웨어","G451020","IT서비스",267,"PDF"
"2026-09-21","408920","메쎄이상","WI600","소프트웨어","WI60010","소프트웨어","G502050","양방향미디어와서비스",300,"BRIDGE:G451010"
"2026-09-21","039290","인포뱅크","WI600","소프트웨어","WI60010","소프트웨어","G451020","IT서비스",267,"PDF"
"2026-09-21","261520","이지스","WI600","소프트웨어","WI60010","소프트웨어","G451020","IT서비스",267,"PDF"
"2026-09-21","057680","티사이언티픽","WI600","소프트웨어","WI60010","소프트웨어","G451020","IT서비스",267,"PDF"
"2026-09-21","444530","심플랫폼","WI600","소프트웨어","WI60010","소프트웨어","G451020","IT서비스",267,"PDF"
"2026-09-21","052600","한네트","WI600","소프트웨어","WI60010","소프트웨어","G451020","IT서비스",267,"PDF"
"2026-09-21","078000","텔코웨어","WI600","소프트웨어","WI60010","소프트웨어","G451030","소프트웨어",287,"PDF"
"2026-09-21","099390","브레인즈컴퍼니","WI600","소프트웨어","WI60010","소프트웨어","G451030","소프트웨어",287,"PDF"
"2026-09-21","220180","폴라리스AI핸디","WI600","소프트웨어","WI60010","소프트웨어","G451030","소프트웨어",287,"PDF"
"2026-09-21","088340","유라클","WI600","소프트웨어","WI60010","소프트웨어","G451030","소프트웨어",287,"PDF"
"2026-09-21","207760","미스터블루","WI600","소프트웨어","WI60010","소프트웨어","G502050","양방향미디어와서비스",300,"BRIDGE:G451010"
"2026-09-21","417860","오브젠","WI600","소프트웨어","WI60010","소프트웨어","G451030","소프트웨어",287,"PDF"
"2026-09-21","047080","한빛소프트","WI600","소프트웨어","WI60020","게임소프트웨어","G502040","게임엔터테인먼트",263,"BRIDGE:G451035"
"2026-09-21","038530","케이바이오랩스","WI600","소프트웨어","WI60010","소프트웨어","G451020","IT서비스",267,"PDF"
"2026-09-21","232830","아이티센피엔에스","WI600","소프트웨어","WI60010","소프트웨어","G451020","IT서비스",267,"PDF"
"2026-09-21","413640","비아이매트릭스","WI600","소프트웨어","WI60010","소프트웨어","G451020","IT서비스",267,"PDF"
"2026-09-21","367000","플래티어","WI600","소프트웨어","WI60010","소프트웨어","G451020","IT서비스",267,"PDF"
"2026-09-21","419120","산돌","WI600","소프트웨어","WI60010","소프트웨어","G451030","소프트웨어",287,"PDF"
"2026-09-21","039310","세중","WI600","소프트웨어","WI60010","소프트웨어","G451030","소프트웨어",287,"PDF"
"2026-09-21","032680","소프트센","WI600","소프트웨어","WI60010","소프트웨어","G451020","IT서비스",267,"PDF"
"2026-09-21","023770","플레이위드","WI600","소프트웨어","WI60020","게임소프트웨어","G502040","게임엔터테인먼트",263,"BRIDGE:G451035"
"2026-09-21","054220","비츠로시스","WI600","소프트웨어","WI60010","소프트웨어","G451020","IT서비스",267,"PDF"
"2026-09-21","068100","케이웨더","WI600","소프트웨어","WI60010","소프트웨어","G451020","IT서비스",267,"PDF"
"2026-09-21","197140","디지캡","WI600","소프트웨어","WI60010","소프트웨어","G451030","소프트웨어",287,"PDF"
"2026-09-21","148780","비큐AI","WI600","소프트웨어","WI60010","소프트웨어","G451030","소프트웨어",287,"PDF"
"2026-09-21","431190","케이쓰리아이","WI600","소프트웨어","WI60010","소프트웨어","G451020","IT서비스",267,"PDF"
"2026-09-21","262840","아이퀘스트","WI600","소프트웨어","WI60010","소프트웨어","G451020","IT서비스",267,"PDF"
"2026-09-21","430690","한싹","WI600","소프트웨어","WI60010","소프트웨어","G451030","소프트웨어",287,"PDF"
"2026-09-21","336060","웨이버스","WI600","소프트웨어","WI60010","소프트웨어","G451020","IT서비스",267,"PDF"
"2026-09-21","348030","모비릭스","WI600","소프트웨어","WI60020","게임소프트웨어","G502040","게임엔터테인먼트",263,"BRIDGE:G451035"
"2026-09-21","331520","밸로프","WI600","소프트웨어","WI60020","게임소프트웨어","G502040","게임엔터테인먼트",263,"BRIDGE:G451035"
"2026-09-21","355390","크라우드웍스","WI600","소프트웨어","WI60010","소프트웨어","G451020","IT서비스",267,"PDF"
"2026-09-21","303530","이노뎁","WI600","소프트웨어","WI60010","소프트웨어","G451020","IT서비스",267,"PDF"
"2026-09-21","290270","휴네시온","WI600","소프트웨어","WI60010","소프트웨어","G451030","소프트웨어",287,"PDF"
"2026-09-21","333050","이노테나","WI600","소프트웨어","WI60010","소프트웨어","G451020","IT서비스",267,"PDF"
"2026-09-21","289220","자이언트스텝","WI600","소프트웨어","WI60010","소프트웨어","G502050","양방향미디어와서비스",300,"BRIDGE:G451010"
"2026-09-21","356890","싸이버원","WI600","소프트웨어","WI60010","소프트웨어","G451020","IT서비스",267,"PDF"
"2026-09-21","065370","위세아이텍","WI600","소프트웨어","WI60010","소프트웨어","G451030","소프트웨어",287,"PDF"
"2026-09-21","274400","이노시뮬레이션","WI600","소프트웨어","WI60010","소프트웨어","G451030","소프트웨어",287,"PDF"
"2026-09-21","391710","코닉오토메이션","WI600","소프트웨어","WI60010","소프트웨어","G451020","IT서비스",267,"PDF"
"2026-09-21","438700","버넥트","WI600","소프트웨어","WI60010","소프트웨어","G451030","소프트웨어",287,"PDF"
"2026-09-21","016670","디모아","WI600","소프트웨어","WI60010","소프트웨어","G451030","소프트웨어",287,"PDF"
"2026-09-21","153460","네이블","WI600","소프트웨어","WI60010","소프트웨어","G451030","소프트웨어",287,"PDF"
"2026-09-21","275630","에스에스알","WI600","소프트웨어","WI60010","소프트웨어","G451030","소프트웨어",287,"PDF"
"2026-09-21","279600","미디어젠","WI600","소프트웨어","WI60010","소프트웨어","G451020","IT서비스",267,"PDF"
"2026-09-21","424760","벨로크","WI600","소프트웨어","WI60010","소프트웨어","G451020","IT서비스",267,"PDF"
"2026-09-21","351330","이삭엔지니어링","WI600","소프트웨어","WI60010","소프트웨어","G451020","IT서비스",267,"PDF"
"2026-09-21","450520","인스웨이브","WI600","소프트웨어","WI60010","소프트웨어","G451030","소프트웨어",287,"PDF"
"2026-09-21","417180","핑거스토리","WI600","소프트웨어","WI60010","소프트웨어","G502050","양방향미디어와서비스",300,"BRIDGE:G451010"
"2026-09-21","208350","지란지교시큐리티","WI600","소프트웨어","WI60010","소프트웨어","G451030","소프트웨어",287,"PDF"
"2026-09-21","372800","아이티아이즈","WI600","소프트웨어","WI60010","소프트웨어","G451020","IT서비스",267,"PDF"
"2026-09-21","328380","솔트웨어","WI600","소프트웨어","WI60010","소프트웨어","G451020","IT서비스",267,"PDF"
"2026-09-21","067730","로지시스","WI600","소프트웨어","WI60010","소프트웨어","G451020","IT서비스",267,"PDF"
"2026-09-21","373170","엠아이큐브솔루션","WI600","소프트웨어","WI60010","소프트웨어","G451020","IT서비스",267,"PDF"
"2026-09-21","465480","인스피언","WI600","소프트웨어","WI60010","소프트웨어","G451020","IT서비스",267,"PDF"
"2026-09-21","290090","트윔","WI600","소프트웨어","WI60010","소프트웨어","G451030","소프트웨어",287,"PDF"
"2026-09-21","169330","엠브레인","WI600","소프트웨어","WI60010","소프트웨어","G451020","IT서비스",267,"PDF"
"2026-09-21","290560","파라택시스이더리움","WI600","소프트웨어","WI60010","소프트웨어","G451030","소프트웨어",287,"PDF"
"2026-09-21","070590","인티큐브","WI600","소프트웨어","WI60010","소프트웨어","G451020","IT서비스",267,"PDF"
"2026-09-21","009150","삼성전기","WI610","IT하드웨어","WI61040","전자장비,사무용전자제품","G452030","전자장비와기기",282,"PDF"
"2026-09-21","011070","LG이노텍","WI610","IT하드웨어","WI61040","전자장비,사무용전자제품","G452030","전자장비와기기",282,"PDF"
"2026-09-21","353200","대덕전자","WI610","IT하드웨어","WI61040","전자장비,사무용전자제품","G452030","전자장비와기기",282,"PDF"
"2026-09-21","222800","심텍","WI610","IT하드웨어","WI61040","전자장비,사무용전자제품","G452030","전자장비와기기",282,"PDF"
"2026-09-21","010170","대한광통신","WI610","IT하드웨어","WI61010","통신장비","G452010","통신장비",294,"PDF"
"2026-09-21","489790","한화비전","WI610","IT하드웨어","WI61010","통신장비","G452010","통신장비",294,"PDF"
"2026-09-21","098460","고영","WI610","IT하드웨어","WI61040","전자장비,사무용전자제품","G452030","전자장비와기기",282,"PDF"
"2026-09-21","020150","롯데에너지머티리얼즈","WI610","IT하드웨어","WI61040","전자장비,사무용전자제품","G452030","전자장비와기기",282,"PDF"
"2026-09-21","140860","파크시스템스","WI610","IT하드웨어","WI61040","전자장비,사무용전자제품","G452030","전자장비와기기",282,"PDF"
"2026-09-21","323280","태성","WI610","IT하드웨어","WI61040","전자장비,사무용전자제품","G452030","전자장비와기기",282,"PDF"
"2026-09-21","078600","대주전자재료","WI610","IT하드웨어","WI61040","전자장비,사무용전자제품","G452030","전자장비와기기",282,"PDF"
"2026-09-21","218410","RFHIC","WI610","IT하드웨어","WI61010","통신장비","G452010","통신장비",294,"PDF"
"2026-09-21","007810","코리아써키트","WI610","IT하드웨어","WI61040","전자장비,사무용전자제품","G452030","전자장비와기기",282,"PDF"
"2026-09-21","161580","필옵틱스","WI610","IT하드웨어","WI61040","전자장비,사무용전자제품","G452030","전자장비와기기",282,"PDF"
"2026-09-21","189300","인텔리안테크","WI610","IT하드웨어","WI61010","통신장비","G452010","통신장비",294,"PDF"
"2026-09-21","248070","솔루엠","WI610","IT하드웨어","WI61040","전자장비,사무용전자제품","G452030","전자장비와기기",282,"PDF"
"2026-09-21","050890","쏠리드","WI610","IT하드웨어","WI61010","통신장비","G452010","통신장비",294,"PDF"
"2026-09-21","090460","비에이치","WI610","IT하드웨어","WI61040","전자장비,사무용전자제품","G452030","전자장비와기기",282,"PDF"
"2026-09-21","032500","케이엠더블유","WI610","IT하드웨어","WI61010","통신장비","G452010","통신장비",294,"PDF"
"2026-09-21","204270","제이앤티씨","WI610","IT하드웨어","WI61020","핸드셋","G452015","핸드셋",292,"PDF"
"2026-09-21","031330","에스에이엠티","WI610","IT하드웨어","WI61040","전자장비,사무용전자제품","G452030","전자장비와기기",282,"PDF"
"2026-09-21","033240","자화전자","WI610","IT하드웨어","WI61010","통신장비","G452010","통신장비",294,"PDF"
"2026-09-21","004710","한솔테크닉스","WI610","IT하드웨어","WI61040","전자장비,사무용전자제품","G452030","전자장비와기기",282,"PDF"
"2026-09-21","025320","시노펙스","WI610","IT하드웨어","WI61020","핸드셋","G452015","핸드셋",292,"PDF"
"2026-09-21","089010","켐트로닉스","WI610","IT하드웨어","WI61040","전자장비,사무용전자제품","G452030","전자장비와기기",282,"PDF"
"2026-09-21","000670","영풍","WI610","IT하드웨어","WI61020","핸드셋","G452015","핸드셋",292,"PDF"
"2026-09-21","336370","솔루스첨단소재","WI610","IT하드웨어","WI61040","전자장비,사무용전자제품","G452030","전자장비와기기",282,"PDF"
"2026-09-21","192650","드림텍","WI610","IT하드웨어","WI61020","핸드셋","G452015","핸드셋",292,"PDF"
"2026-09-21","332570","PS일렉트로닉스","WI610","IT하드웨어","WI61020","핸드셋","G452015","핸드셋",292,"PDF"
"2026-09-21","368770","파이버프로","WI610","IT하드웨어","WI61040","전자장비,사무용전자제품","G452030","전자장비와기기",282,"PDF"
"2026-09-21","046970","우리로","WI610","IT하드웨어","WI61030","컴퓨터","G452020","컴퓨터와주변기기",293,"PDF"
"2026-09-21","008060","대덕","WI610","IT하드웨어","WI61040","전자장비,사무용전자제품","G452030","전자장비와기기",282,"PDF"
"2026-09-21","236200","슈프리마","WI610","IT하드웨어","WI61040","전자장비,사무용전자제품","G452030","전자장비와기기",282,"PDF"
"2026-09-21","069540","빛과전자","WI610","IT하드웨어","WI61010","통신장비","G452010","통신장비",294,"PDF"
"2026-09-21","441270","파인엠텍","WI610","IT하드웨어","WI61020","핸드셋","G452015","핸드셋",292,"PDF"
"2026-09-21","037460","삼지전자","WI610","IT하드웨어","WI61010","통신장비","G452010","통신장비",294,"PDF"
"2026-09-21","052710","아모텍","WI610","IT하드웨어","WI61020","핸드셋","G452015","핸드셋",292,"PDF"
"2026-09-21","097520","엠씨넥스","WI610","IT하드웨어","WI61020","핸드셋","G452015","핸드셋",292,"PDF"
"2026-09-21","138080","오이솔루션","WI610","IT하드웨어","WI61010","통신장비","G452010","통신장비",294,"PDF"
"2026-09-21","060720","KH바텍","WI610","IT하드웨어","WI61020","핸드셋","G452015","핸드셋",292,"PDF"
"2026-09-21","456010","아이씨티케이","WI610","IT하드웨어","WI61010","통신장비","G452010","통신장비",294,"PDF"
"2026-09-21","091700","파트론","WI610","IT하드웨어","WI61020","핸드셋","G452015","핸드셋",292,"PDF"
"2026-09-21","168360","펨트론","WI610","IT하드웨어","WI61040","전자장비,사무용전자제품","G452030","전자장비와기기",282,"PDF"
"2026-09-21","073490","LIG아큐버","WI610","IT하드웨어","WI61010","통신장비","G452010","통신장비",294,"PDF"
"2026-09-21","049070","인탑스","WI610","IT하드웨어","WI61020","핸드셋","G452015","핸드셋",292,"PDF"
"2026-09-21","290550","디케이티","WI610","IT하드웨어","WI61020","핸드셋","G452015","핸드셋",292,"PDF"
"2026-09-21","017900","광전자","WI610","IT하드웨어","WI61040","전자장비,사무용전자제품","G452030","전자장비와기기",282,"PDF"
"2026-09-21","049630","재영솔루텍","WI610","IT하드웨어","WI61020","핸드셋","G452015","핸드셋",292,"PDF"
"2026-09-21","029530","신도리코","WI610","IT하드웨어","WI61040","전자장비,사무용전자제품","G452040","사무용전자제품",338,"PDF"
"2026-09-21","464080","에스오에스랩","WI610","IT하드웨어","WI61040","전자장비,사무용전자제품","G452030","전자장비와기기",282,"PDF"
"2026-09-21","190510","나무가","WI610","IT하드웨어","WI61020","핸드셋","G452015","핸드셋",292,"PDF"
"2026-09-21","089980","상아프론테크","WI610","IT하드웨어","WI61040","전자장비,사무용전자제품","G452030","전자장비와기기",282,"PDF"
"2026-09-21","114190","강원에너지","WI610","IT하드웨어","WI61040","전자장비,사무용전자제품","G452030","전자장비와기기",282,"PDF"
"2026-09-21","126700","하이비젼시스템","WI610","IT하드웨어","WI61020","핸드셋","G452015","핸드셋",292,"PDF"
"2026-09-21","148150","세경하이테크","WI610","IT하드웨어","WI61020","핸드셋","G452015","핸드셋",292,"PDF"
"2026-09-21","192410","오늘이엔엠","WI610","IT하드웨어","WI61010","통신장비","G452010","통신장비",294,"PDF"
"2026-09-21","065680","우주일렉트로","WI610","IT하드웨어","WI61020","핸드셋","G452015","핸드셋",292,"PDF"
"2026-09-21","264850","이랜시스","WI610","IT하드웨어","WI61040","전자장비,사무용전자제품","G452030","전자장비와기기",282,"PDF"
"2026-09-21","230240","에치에프알","WI610","IT하드웨어","WI61010","통신장비","G452010","통신장비",294,"PDF"
"2026-09-21","122990","와이솔","WI610","IT하드웨어","WI61020","핸드셋","G452015","핸드셋",292,"PDF"
"2026-09-21","054210","이랜텍","WI610","IT하드웨어","WI61020","핸드셋","G452015","핸드셋",292,"PDF"
"2026-09-21","192440","슈피겐코리아","WI610","IT하드웨어","WI61020","핸드셋","G452015","핸드셋",292,"PDF"
"2026-09-21","051980","중앙첨단소재","WI610","IT하드웨어","WI61010","통신장비","G452010","통신장비",294,"PDF"
"2026-09-21","211270","AP위성","WI610","IT하드웨어","WI61010","통신장비","G452010","통신장비",294,"PDF"
"2026-09-21","264450","유비쿼스","WI610","IT하드웨어","WI61010","통신장비","G452010","통신장비",294,"PDF"
"2026-09-21","091440","한울소재과학","WI610","IT하드웨어","WI61010","통신장비","G452010","통신장비",294,"PDF"
"2026-09-21","011690","와이투솔루션","WI610","IT하드웨어","WI61040","전자장비,사무용전자제품","G452030","전자장비와기기",282,"PDF"
"2026-09-21","446540","메가터치","WI610","IT하드웨어","WI61040","전자장비,사무용전자제품","G452030","전자장비와기기",282,"PDF"
"2026-09-21","299030","하나기술","WI610","IT하드웨어","WI61040","전자장비,사무용전자제품","G452030","전자장비와기기",282,"PDF"
"2026-09-21","317770","엑스페릭스","WI610","IT하드웨어","WI61040","전자장비,사무용전자제품","G452030","전자장비와기기",282,"PDF"
"2026-09-21","051370","인터플렉스","WI610","IT하드웨어","WI61040","전자장비,사무용전자제품","G452030","전자장비와기기",282,"PDF"
"2026-09-21","004770","써니전자","WI610","IT하드웨어","WI61040","전자장비,사무용전자제품","G452030","전자장비와기기",282,"PDF"
"2026-09-21","039560","다산네트웍스","WI610","IT하드웨어","WI61010","통신장비","G452010","통신장비",294,"PDF"
"2026-09-21","047310","파워로직스","WI610","IT하드웨어","WI61020","핸드셋","G452015","핸드셋",292,"PDF"
"2026-09-21","088800","에이스테크","WI610","IT하드웨어","WI61010","통신장비","G452010","통신장비",294,"PDF"
"2026-09-21","389020","자람테크놀로지","WI610","IT하드웨어","WI61010","통신장비","G452010","통신장비",294,"PDF"
"2026-09-21","061090","세나테크놀로지","WI610","IT하드웨어","WI61010","통신장비","G452010","통신장비",294,"PDF"
"2026-09-21","290740","액트로","WI610","IT하드웨어","WI61020","핸드셋","G452015","핸드셋",292,"PDF"
"2026-09-21","396300","HT로보틱스","WI610","IT하드웨어","WI61040","전자장비,사무용전자제품","G452030","전자장비와기기",282,"PDF"
"2026-09-21","321370","센서뷰","WI610","IT하드웨어","WI61010","통신장비","G452010","통신장비",294,"PDF"
"2026-09-21","091120","이엠텍","WI610","IT하드웨어","WI61020","핸드셋","G452015","핸드셋",292,"PDF"
"2026-09-21","372170","윤성에프앤씨","WI610","IT하드웨어","WI61040","전자장비,사무용전자제품","G452030","전자장비와기기",282,"PDF"
"2026-09-21","115440","우리넷","WI610","IT하드웨어","WI61010","통신장비","G452010","통신장비",294,"PDF"
"2026-09-21","109740","디에스케이","WI610","IT하드웨어","WI61040","전자장비,사무용전자제품","G452030","전자장비와기기",282,"PDF"
"2026-09-21","143160","아이디스","WI610","IT하드웨어","WI61040","전자장비,사무용전자제품","G452030","전자장비와기기",282,"PDF"
"2026-09-21","045970","코아시아","WI610","IT하드웨어","WI61020","핸드셋","G452015","핸드셋",292,"PDF"
"2026-09-21","076610","해성옵틱스","WI610","IT하드웨어","WI61020","핸드셋","G452015","핸드셋",292,"PDF"
"2026-09-21","417010","나노팀","WI610","IT하드웨어","WI61040","전자장비,사무용전자제품","G452030","전자장비와기기",282,"PDF"
"2026-09-21","388790","라이콤","WI610","IT하드웨어","WI61010","통신장비","G452010","통신장비",294,"PDF"
"2026-09-21","049520","유아이엘","WI610","IT하드웨어","WI61020","핸드셋","G452015","핸드셋",292,"PDF"
"2026-09-21","044990","에이치엔에스하이텍","WI610","IT하드웨어","WI61040","전자장비,사무용전자제품","G452030","전자장비와기기",282,"PDF"
"2026-09-21","094840","슈프리마에이치큐","WI610","IT하드웨어","WI61040","전자장비,사무용전자제품","G452030","전자장비와기기",282,"PDF"
"2026-09-21","078070","유비쿼스홀딩스","WI610","IT하드웨어","WI61010","통신장비","G452010","통신장비",294,"PDF"
"2026-09-21","0011A0","액스비스","WI610","IT하드웨어","WI61040","전자장비,사무용전자제품","G452030","전자장비와기기",282,"PDF"
"2026-09-21","062970","한국첨단소재","WI610","IT하드웨어","WI61010","통신장비","G452010","통신장비",294,"PDF"
"2026-09-21","085670","뉴프렉스","WI610","IT하드웨어","WI61040","전자장비,사무용전자제품","G452030","전자장비와기기",282,"PDF"
"2026-09-21","209640","와이제이링크","WI610","IT하드웨어","WI61040","전자장비,사무용전자제품","G452030","전자장비와기기",282,"PDF"
"2026-09-21","045660","에이텍","WI610","IT하드웨어","WI61030","컴퓨터","G452020","컴퓨터와주변기기",293,"PDF"
"2026-09-21","090470","제이스로보틱스","WI610","IT하드웨어","WI61040","전자장비,사무용전자제품","G452030","전자장비와기기",282,"PDF"
"2026-09-21","320000","한울반도체","WI610","IT하드웨어","WI61040","전자장비,사무용전자제품","G452030","전자장비와기기",282,"PDF"
"2026-09-21","084850","아이티엠반도체","WI610","IT하드웨어","WI61040","전자장비,사무용전자제품","G452030","전자장비와기기",282,"PDF"
"2026-09-21","049080","기가레인","WI610","IT하드웨어","WI61010","통신장비","G452010","통신장비",294,"PDF"
"2026-09-21","082210","옵트론텍","WI610","IT하드웨어","WI61040","전자장비,사무용전자제품","G452030","전자장비와기기",282,"PDF"
"2026-09-21","070300","퀀텀레일","WI610","IT하드웨어","WI61020","핸드셋","G452015","핸드셋",292,"PDF"
"2026-09-21","072950","빛샘전자","WI610","IT하드웨어","WI61040","전자장비,사무용전자제품","G452030","전자장비와기기",282,"PDF"
"2026-09-21","054800","아이디스홀딩스","WI610","IT하드웨어","WI61030","컴퓨터","G452020","컴퓨터와주변기기",293,"PDF"
"2026-09-21","093190","빅솔론","WI610","IT하드웨어","WI61030","컴퓨터","G452020","컴퓨터와주변기기",293,"PDF"
"2026-09-21","331380","포커스에이아이","WI610","IT하드웨어","WI61040","전자장비,사무용전자제품","G452030","전자장비와기기",282,"PDF"
"2026-09-21","277880","티에스아이","WI610","IT하드웨어","WI61040","전자장비,사무용전자제품","G452030","전자장비와기기",282,"PDF"
"2026-09-21","347000","센코","WI610","IT하드웨어","WI61040","전자장비,사무용전자제품","G452030","전자장비와기기",282,"PDF"
"2026-09-21","123010","MSDI","WI610","IT하드웨어","WI61020","핸드셋","G452015","핸드셋",292,"PDF"
"2026-09-21","285490","노바텍","WI610","IT하드웨어","WI61020","핸드셋","G452015","핸드셋",292,"PDF"
"2026-09-21","093920","서원인텍","WI610","IT하드웨어","WI61020","핸드셋","G452015","핸드셋",292,"PDF"
"2026-09-21","049550","잉크테크","WI610","IT하드웨어","WI61030","컴퓨터","G452020","컴퓨터와주변기기",293,"PDF"
"2026-09-21","417790","트루엔","WI610","IT하드웨어","WI61040","전자장비,사무용전자제품","G452030","전자장비와기기",282,"PDF"
"2026-09-21","100590","머큐리","WI610","IT하드웨어","WI61010","통신장비","G452010","통신장비",294,"PDF"
"2026-09-21","069510","에스텍","WI610","IT하드웨어","WI61040","전자장비,사무용전자제품","G452030","전자장비와기기",282,"PDF"
"2026-09-21","055490","테이팩스","WI610","IT하드웨어","WI61040","전자장비,사무용전자제품","G452030","전자장비와기기",282,"PDF"
"2026-09-21","039010","현대에이치티","WI610","IT하드웨어","WI61010","통신장비","G452010","통신장비",294,"PDF"
"2026-09-21","094940","푸른로보틱스","WI610","IT하드웨어","WI61030","컴퓨터","G452020","컴퓨터와주변기기",293,"PDF"
"2026-09-21","061040","알에프텍","WI610","IT하드웨어","WI61020","핸드셋","G452015","핸드셋",292,"PDF"
"2026-09-21","262260","에이프로","WI610","IT하드웨어","WI61040","전자장비,사무용전자제품","G452030","전자장비와기기",282,"PDF"
"2026-09-21","081180","쎄크","WI610","IT하드웨어","WI61040","전자장비,사무용전자제품","G452030","전자장비와기기",282,"PDF"
"2026-09-21","493330","지에프아이","WI610","IT하드웨어","WI61040","전자장비,사무용전자제품","G452030","전자장비와기기",282,"PDF"
"2026-09-21","053450","세코닉스","WI610","IT하드웨어","WI61040","전자장비,사무용전자제품","G452030","전자장비와기기",282,"PDF"
"2026-09-21","004920","씨아이테크","WI610","IT하드웨어","WI61030","컴퓨터","G452020","컴퓨터와주변기기",293,"PDF"
"2026-09-21","370090","퓨런티어","WI610","IT하드웨어","WI61040","전자장비,사무용전자제품","G452030","전자장비와기기",282,"PDF"
"2026-09-21","088280","쏘닉스","WI610","IT하드웨어","WI61020","핸드셋","G452015","핸드셋",292,"PDF"
"2026-09-21","056360","코위버","WI610","IT하드웨어","WI61010","통신장비","G452010","통신장비",294,"PDF"
"2026-09-21","049480","오픈베이스","WI610","IT하드웨어","WI61030","컴퓨터","G452020","컴퓨터와주변기기",293,"PDF"
"2026-09-21","092300","현우산업","WI610","IT하드웨어","WI61040","전자장비,사무용전자제품","G452030","전자장비와기기",282,"PDF"
"2026-09-21","179900","유티아이","WI610","IT하드웨어","WI61020","핸드셋","G452015","핸드셋",292,"PDF"
"2026-09-21","238090","앤디포스","WI610","IT하드웨어","WI61020","핸드셋","G452015","핸드셋",292,"PDF"
"2026-09-21","340360","다보링크","WI610","IT하드웨어","WI61010","통신장비","G452010","통신장비",294,"PDF"
"2026-09-21","224110","에이텍모빌리티","WI610","IT하드웨어","WI61030","컴퓨터","G452020","컴퓨터와주변기기",293,"PDF"
"2026-09-21","347890","엠엑스온","WI610","IT하드웨어","WI61040","전자장비,사무용전자제품","G452030","전자장비와기기",282,"PDF"
"2026-09-21","355690","에이텀","WI610","IT하드웨어","WI61040","전자장비,사무용전자제품","G452030","전자장비와기기",282,"PDF"
"2026-09-21","487400","케이앤에스아이앤씨","WI610","IT하드웨어","WI61010","통신장비","G452010","통신장비",294,"PDF"
"2026-09-21","033320","제이씨현시스템","WI610","IT하드웨어","WI61030","컴퓨터","G452020","컴퓨터와주변기기",293,"PDF"
"2026-09-21","373200","엑스플러스","WI610","IT하드웨어","WI61020","핸드셋","G452015","핸드셋",292,"PDF"
"2026-09-21","066670","디티씨","WI610","IT하드웨어","WI61020","핸드셋","G452015","핸드셋",292,"PDF"
"2026-09-21","129890","앱코","WI610","IT하드웨어","WI61030","컴퓨터","G452020","컴퓨터와주변기기",293,"PDF"
"2026-09-21","459550","알트","WI610","IT하드웨어","WI61020","핸드셋","G452015","핸드셋",292,"PDF"
"2026-09-21","170790","파이오링크","WI610","IT하드웨어","WI61010","통신장비","G452010","통신장비",294,"PDF"
"2026-09-21","011230","삼화전자","WI610","IT하드웨어","WI61040","전자장비,사무용전자제품","G452030","전자장비와기기",282,"PDF"
"2026-09-21","046310","백금T&A","WI610","IT하드웨어","WI61010","통신장비","G452010","통신장비",294,"PDF"
"2026-09-21","072990","에이치시티","WI610","IT하드웨어","WI61040","전자장비,사무용전자제품","G452030","전자장비와기기",282,"PDF"
"2026-09-21","109080","옵티시스","WI610","IT하드웨어","WI61010","통신장비","G452010","통신장비",294,"PDF"
"2026-09-21","065130","탑엔지니어링","WI610","IT하드웨어","WI61020","핸드셋","G452015","핸드셋",292,"PDF"
"2026-09-21","225190","LK삼양","WI610","IT하드웨어","WI61040","전자장비,사무용전자제품","G452030","전자장비와기기",282,"PDF"
"2026-09-21","360070","탑머티리얼","WI610","IT하드웨어","WI61040","전자장비,사무용전자제품","G452030","전자장비와기기",282,"PDF"
"2026-09-21","333620","엔시스","WI610","IT하드웨어","WI61040","전자장비,사무용전자제품","G452030","전자장비와기기",282,"PDF"
"2026-09-21","050110","캠시스","WI610","IT하드웨어","WI61020","핸드셋","G452015","핸드셋",292,"PDF"
"2026-09-21","263600","덕우전자","WI610","IT하드웨어","WI61020","핸드셋","G452015","핸드셋",292,"PDF"
"2026-09-21","357580","아모센스","WI610","IT하드웨어","WI61020","핸드셋","G452015","핸드셋",292,"PDF"
"2026-09-21","177900","쓰리에이로직스","WI610","IT하드웨어","WI61010","통신장비","G452010","통신장비",294,"PDF"
"2026-09-21","096690","에이루트","WI610","IT하드웨어","WI61030","컴퓨터","G452020","컴퓨터와주변기기",293,"PDF"
"2026-09-21","290670","대보마그네틱","WI610","IT하드웨어","WI61040","전자장비,사무용전자제품","G452030","전자장비와기기",282,"PDF"
"2026-09-21","096630","에스코넥","WI610","IT하드웨어","WI61020","핸드셋","G452015","핸드셋",292,"PDF"
"2026-09-21","148250","알엔투테크놀로지","WI610","IT하드웨어","WI61010","통신장비","G452010","통신장비",294,"PDF"
"2026-09-21","332370","아이디피","WI610","IT하드웨어","WI61030","컴퓨터","G452020","컴퓨터와주변기기",293,"PDF"
"2026-09-21","060540","에스에이티","WI610","IT하드웨어","WI61020","핸드셋","G452015","핸드셋",292,"PDF"
"2026-09-21","254120","자비스","WI610","IT하드웨어","WI61040","전자장비,사무용전자제품","G452030","전자장비와기기",282,"PDF"
"2026-09-21","035460","기산텔레콤","WI610","IT하드웨어","WI61010","통신장비","G452010","통신장비",294,"PDF"
"2026-09-21","203450","유니온바이오메트릭스","WI610","IT하드웨어","WI61040","전자장비,사무용전자제품","G452030","전자장비와기기",282,"PDF"
"2026-09-21","060230","제이케이시냅스","WI610","IT하드웨어","WI61040","전자장비,사무용전자제품","G452030","전자장비와기기",282,"PDF"
"2026-09-21","208710","포톤","WI610","IT하드웨어","WI61020","핸드셋","G452015","핸드셋",292,"PDF"
"2026-09-21","196450","코아시아씨엠","WI610","IT하드웨어","WI61020","핸드셋","G452015","핸드셋",292,"PDF"
"2026-09-21","360350","코셈","WI610","IT하드웨어","WI61040","전자장비,사무용전자제품","G452030","전자장비와기기",282,"PDF"
"2026-09-21","081580","성우전자","WI610","IT하드웨어","WI61020","핸드셋","G452015","핸드셋",292,"PDF"
"2026-09-21","318020","포인트모바일","WI610","IT하드웨어","WI61040","전자장비,사무용전자제품","G452030","전자장비와기기",282,"PDF"
"2026-09-21","051380","피씨디렉트","WI610","IT하드웨어","WI61030","컴퓨터","G452020","컴퓨터와주변기기",293,"PDF"
"2026-09-21","054090","삼진엘앤디","WI610","IT하드웨어","WI61040","전자장비,사무용전자제품","G452030","전자장비와기기",282,"PDF"
"2026-09-21","263810","상신전자","WI610","IT하드웨어","WI61040","전자장비,사무용전자제품","G452030","전자장비와기기",282,"PDF"
"2026-09-21","193250","링크드","WI610","IT하드웨어","WI61020","핸드셋","G452015","핸드셋",292,"PDF"
"2026-09-21","031310","아이즈비전","WI610","IT하드웨어","WI61010","통신장비","G452010","통신장비",294,"PDF"
"2026-09-21","037950","엘컴텍","WI610","IT하드웨어","WI61040","전자장비,사무용전자제품","G452030","전자장비와기기",282,"PDF"
"2026-09-21","459100","위츠","WI610","IT하드웨어","WI61020","핸드셋","G452015","핸드셋",292,"PDF"
"2026-09-21","258610","케일럼","WI610","IT하드웨어","WI61020","핸드셋","G452015","핸드셋",292,"PDF"
"2026-09-21","364950","에이아이코리아","WI610","IT하드웨어","WI61040","전자장비,사무용전자제품","G452030","전자장비와기기",282,"PDF"
"2026-09-21","015710","코콤","WI610","IT하드웨어","WI61010","통신장비","G452010","통신장비",294,"PDF"
"2026-09-21","317120","라닉스","WI610","IT하드웨어","WI61010","통신장비","G452010","통신장비",294,"PDF"
"2026-09-21","271830","팸텍","WI610","IT하드웨어","WI61020","핸드셋","G452015","핸드셋",292,"PDF"
"2026-09-21","198080","캐프","WI610","IT하드웨어","WI61020","핸드셋","G452015","핸드셋",292,"PDF"
"2026-09-21","187270","신화콘텍","WI610","IT하드웨어","WI61020","핸드셋","G452015","핸드셋",292,"PDF"
"2026-09-21","073540","에프알텍","WI610","IT하드웨어","WI61010","통신장비","G452010","통신장비",294,"PDF"
"2026-09-21","083640","인콘","WI610","IT하드웨어","WI61040","전자장비,사무용전자제품","G452030","전자장비와기기",282,"PDF"
"2026-09-21","016920","카스","WI610","IT하드웨어","WI61040","전자장비,사무용전자제품","G452030","전자장비와기기",282,"PDF"
"2026-09-21","091340","S&K폴리텍","WI610","IT하드웨어","WI61040","전자장비,사무용전자제품","G452030","전자장비와기기",282,"PDF"
"2026-09-21","115610","이미지스","WI610","IT하드웨어","WI61020","핸드셋","G452015","핸드셋",292,"PDF"
"2026-09-21","376290","씨유테크","WI610","IT하드웨어","WI61020","핸드셋","G452015","핸드셋",292,"PDF"
"2026-09-21","368600","아이씨에이치","WI610","IT하드웨어","WI61040","전자장비,사무용전자제품","G452030","전자장비와기기",282,"PDF"
"2026-09-21","027040","서울전자통신","WI610","IT하드웨어","WI61040","전자장비,사무용전자제품","G452030","전자장비와기기",282,"PDF"
"2026-09-21","131180","딜리","WI610","IT하드웨어","WI61030","컴퓨터","G452020","컴퓨터와주변기기",293,"PDF"
"2026-09-21","089150","케이씨티","WI610","IT하드웨어","WI61030","컴퓨터","G452020","컴퓨터와주변기기",293,"PDF"
"2026-09-21","187220","디티앤씨","WI610","IT하드웨어","WI61040","전자장비,사무용전자제품","G452030","전자장비와기기",282,"PDF"
"2026-09-21","043360","디지아이","WI610","IT하드웨어","WI61030","컴퓨터","G452020","컴퓨터와주변기기",293,"PDF"
"2026-09-21","455180","케이지에이","WI610","IT하드웨어","WI61040","전자장비,사무용전자제품","G452030","전자장비와기기",282,"PDF"
"2026-09-21","065650","하이퍼코퍼레이션","WI610","IT하드웨어","WI61030","컴퓨터","G452020","컴퓨터와주변기기",293,"PDF"
"2026-09-21","101140","인바이오젠","WI610","IT하드웨어","WI61040","전자장비,사무용전자제품","G452030","전자장비와기기",282,"PDF"
"2026-09-21","017250","인터엠","WI610","IT하드웨어","WI61040","전자장비,사무용전자제품","G452030","전자장비와기기",282,"PDF"
"2026-09-21","361670","삼영에스앤씨","WI610","IT하드웨어","WI61040","전자장비,사무용전자제품","G452030","전자장비와기기",282,"PDF"
"2026-09-21","140430","카티스","WI610","IT하드웨어","WI61010","통신장비","G452010","통신장비",294,"PDF"
"2026-09-21","065690","파커스","WI610","IT하드웨어","WI61030","컴퓨터","G452020","컴퓨터와주변기기",293,"PDF"
"2026-09-21","032960","동일기연","WI610","IT하드웨어","WI61040","전자장비,사무용전자제품","G452030","전자장비와기기",282,"PDF"
"2026-09-21","127980","화인써키트","WI610","IT하드웨어","WI61040","전자장비,사무용전자제품","G452030","전자장비와기기",282,"PDF"
"2026-09-21","033200","모아텍","WI610","IT하드웨어","WI61040","전자장비,사무용전자제품","G452030","전자장비와기기",282,"PDF"
"2026-09-21","005930","삼성전자","WI620","반도체","WI62010","반도체","G453010","반도체와반도체장비",278,"PDF"
"2026-09-21","000660","SK하이닉스","WI620","반도체","WI62010","반도체","G453010","반도체와반도체장비",278,"PDF"
"2026-09-21","402340","SK스퀘어","WI620","반도체","WI62010","반도체","G453010","반도체와반도체장비",278,"PDF"
"2026-09-21","042700","한미반도체","WI620","반도체","WI62010","반도체","G453010","반도체와반도체장비",278,"PDF"
"2026-09-21","036930","주성엔지니어링","WI620","반도체","WI62010","반도체","G453010","반도체와반도체장비",278,"PDF"
"2026-09-21","007660","이수페타시스","WI620","반도체","WI62010","반도체","G453010","반도체와반도체장비",278,"PDF"
"2026-09-21","039030","이오테크닉스","WI620","반도체","WI62010","반도체","G453010","반도체와반도체장비",278,"PDF"
"2026-09-21","240810","원익IPS","WI620","반도체","WI62010","반도체","G453010","반도체와반도체장비",278,"PDF"
"2026-09-21","403870","HPSP","WI620","반도체","WI62010","반도체","G453010","반도체와반도체장비",278,"PDF"
"2026-09-21","058470","리노공업","WI620","반도체","WI62010","반도체","G453010","반도체와반도체장비",278,"PDF"
"2026-09-21","000990","DB하이텍","WI620","반도체","WI62010","반도체","G453010","반도체와반도체장비",278,"PDF"
"2026-09-21","440110","파두","WI620","반도체","WI62010","반도체","G453010","반도체와반도체장비",278,"PDF"
"2026-09-21","319660","피에스케이","WI620","반도체","WI62010","반도체","G453010","반도체와반도체장비",278,"PDF"
"2026-09-21","080220","제주반도체","WI620","반도체","WI62010","반도체","G453010","반도체와반도체장비",278,"PDF"
"2026-09-21","095340","ISC","WI620","반도체","WI62010","반도체","G453010","반도체와반도체장비",278,"PDF"
"2026-09-21","084370","유진테크","WI620","반도체","WI62010","반도체","G453010","반도체와반도체장비",278,"PDF"
"2026-09-21","067310","하나마이크론","WI620","반도체","WI62010","반도체","G453010","반도체와반도체장비",278,"PDF"
"2026-09-21","095610","테스","WI620","반도체","WI62010","반도체","G453010","반도체와반도체장비",278,"PDF"
"2026-09-21","357780","솔브레인","WI620","반도체","WI62010","반도체","G453010","반도체와반도체장비",278,"PDF"
"2026-09-21","005290","동진쎄미켐","WI620","반도체","WI62010","반도체","G453010","반도체와반도체장비",278,"PDF"
"2026-09-21","064760","티씨케이","WI620","반도체","WI62010","반도체","G453010","반도체와반도체장비",278,"PDF"
"2026-09-21","089030","테크윙","WI620","반도체","WI62010","반도체","G453010","반도체와반도체장비",278,"PDF"
"2026-09-21","089970","브이엠","WI620","반도체","WI62010","반도체","G453010","반도체와반도체장비",278,"PDF"
"2026-09-21","131290","티에스이","WI620","반도체","WI62010","반도체","G453010","반도체와반도체장비",278,"PDF"
"2026-09-21","031980","피에스케이홀딩스","WI620","반도체","WI62010","반도체","G453010","반도체와반도체장비",278,"PDF"
"2026-09-21","131970","두산테스나","WI620","반도체","WI62010","반도체","G453010","반도체와반도체장비",278,"PDF"
"2026-09-21","030530","원익홀딩스","WI620","반도체","WI62010","반도체","G453010","반도체와반도체장비",278,"PDF"
"2026-09-21","183300","코미코","WI620","반도체","WI62010","반도체","G453010","반도체와반도체장비",278,"PDF"
"2026-09-21","101490","에스앤에스텍","WI620","반도체","WI62010","반도체","G453010","반도체와반도체장비",278,"PDF"
"2026-09-21","083450","GST","WI620","반도체","WI62010","반도체","G453010","반도체와반도체장비",278,"PDF"
"2026-09-21","356860","티엘비","WI620","반도체","WI62010","반도체","G453010","반도체와반도체장비",278,"PDF"
"2026-09-21","281820","케이씨텍","WI620","반도체","WI62010","반도체","G453010","반도체와반도체장비",278,"PDF"
"2026-09-21","166090","하나머티리얼즈","WI620","반도체","WI62010","반도체","G453010","반도체와반도체장비",278,"PDF"
"2026-09-21","003160","디아이","WI620","반도체","WI62010","반도체","G453010","반도체와반도체장비",278,"PDF"
"2026-09-21","036540","SFA반도체","WI620","반도체","WI62010","반도체","G453010","반도체와반도체장비",278,"PDF"
"2026-09-21","064290","인텍플러스","WI620","반도체","WI62010","반도체","G453010","반도체와반도체장비",278,"PDF"
"2026-09-21","195870","해성디에스","WI620","반도체","WI62010","반도체","G453010","반도체와반도체장비",278,"PDF"
"2026-09-21","059090","미코","WI620","반도체","WI62010","반도체","G453010","반도체와반도체장비",278,"PDF"
"2026-09-21","388210","씨엠티엑스","WI620","반도체","WI62010","반도체","G453010","반도체와반도체장비",278,"PDF"
"2026-09-21","094170","동운아나텍","WI620","반도체","WI62010","반도체","G453010","반도체와반도체장비",278,"PDF"
"2026-09-21","122640","예스티","WI620","반도체","WI62010","반도체","G453010","반도체와반도체장비",278,"PDF"
"2026-09-21","232140","와이씨","WI620","반도체","WI62010","반도체","G453010","반도체와반도체장비",278,"PDF"
"2026-09-21","074600","원익QnC","WI620","반도체","WI62010","반도체","G453010","반도체와반도체장비",278,"PDF"
"2026-09-21","036810","에프에스티","WI620","반도체","WI62010","반도체","G453010","반도체와반도체장비",278,"PDF"
"2026-09-21","252990","샘씨엔에스","WI620","반도체","WI62010","반도체","G453010","반도체와반도체장비",278,"PDF"
"2026-09-21","033640","네패스","WI620","반도체","WI62010","반도체","G453010","반도체와반도체장비",278,"PDF"
"2026-09-21","420770","기가비스","WI620","반도체","WI62010","반도체","G453010","반도체와반도체장비",278,"PDF"
"2026-09-21","102710","이엔에프테크놀로지","WI620","반도체","WI62010","반도체","G453010","반도체와반도체장비",278,"PDF"
"2026-09-21","098120","마이크로컨텍솔","WI620","반도체","WI62010","반도체","G453010","반도체와반도체장비",278,"PDF"
"2026-09-21","080580","오킨스전자","WI620","반도체","WI62010","반도체","G453010","반도체와반도체장비",278,"PDF"
"2026-09-21","082270","젬백스","WI620","반도체","WI62010","반도체","G453010","반도체와반도체장비",278,"PDF"
"2026-09-21","024850","HLB이노베이션","WI620","반도체","WI62010","반도체","G453010","반도체와반도체장비",278,"PDF"
"2026-09-21","101160","월덱스","WI620","반도체","WI62010","반도체","G453010","반도체와반도체장비",278,"PDF"
"2026-09-21","053610","프로텍","WI620","반도체","WI62010","반도체","G453010","반도체와반도체장비",278,"PDF"
"2026-09-21","490470","세미파이브","WI620","반도체","WI62010","반도체","G453010","반도체와반도체장비",278,"PDF"
"2026-09-21","045100","한양이엔지","WI620","반도체","WI62010","반도체","G453010","반도체와반도체장비",278,"PDF"
"2026-09-21","200710","에이디테크놀로지","WI620","반도체","WI62010","반도체","G453010","반도체와반도체장비",278,"PDF"
"2026-09-21","011930","신성이엔지","WI620","반도체","WI62010","반도체","G453010","반도체와반도체장비",278,"PDF"
"2026-09-21","417840","저스템","WI620","반도체","WI62010","반도체","G453010","반도체와반도체장비",278,"PDF"
"2026-09-21","399720","가온칩스","WI620","반도체","WI62010","반도체","G453010","반도체와반도체장비",278,"PDF"
"2026-09-21","219130","타이거일렉","WI620","반도체","WI62010","반도체","G453010","반도체와반도체장비",278,"PDF"
"2026-09-21","425420","티에프이","WI620","반도체","WI62010","반도체","G453010","반도체와반도체장비",278,"PDF"
"2026-09-21","092870","엑시콘","WI620","반도체","WI62010","반도체","G453010","반도체와반도체장비",278,"PDF"
"2026-09-21","170920","엘티씨","WI620","반도체","WI62010","반도체","G453010","반도체와반도체장비",278,"PDF"
"2026-09-21","253590","네오셈","WI620","반도체","WI62010","반도체","G453010","반도체와반도체장비",278,"PDF"
"2026-09-21","348210","넥스틴","WI620","반도체","WI62010","반도체","G453010","반도체와반도체장비",278,"PDF"
"2026-09-21","144960","뉴파워프라즈마","WI620","반도체","WI62010","반도체","G453010","반도체와반도체장비",278,"PDF"
"2026-09-21","114810","한솔아이원스","WI620","반도체","WI62010","반도체","G453010","반도체와반도체장비",278,"PDF"
"2026-09-21","089890","코세스","WI620","반도체","WI62010","반도체","G453010","반도체와반도체장비",278,"PDF"
"2026-09-21","452430","사피엔반도체","WI620","반도체","WI62010","반도체","G453010","반도체와반도체장비",278,"PDF"
"2026-09-21","039440","에스티아이","WI620","반도체","WI62010","반도체","G453010","반도체와반도체장비",278,"PDF"
"2026-09-21","061970","LB세미콘","WI620","반도체","WI62010","반도체","G453010","반도체와반도체장비",278,"PDF"
"2026-09-21","241770","메카로","WI620","반도체","WI62010","반도체","G453010","반도체와반도체장비",278,"PDF"
"2026-09-21","029460","케이씨","WI620","반도체","WI62010","반도체","G453010","반도체와반도체장비",278,"PDF"
"2026-09-21","033160","엠케이전자","WI620","반도체","WI62010","반도체","G453010","반도체와반도체장비",278,"PDF"
"2026-09-21","077360","덕산하이메탈","WI620","반도체","WI62010","반도체","G453010","반도체와반도체장비",278,"PDF"
"2026-09-21","036200","유니셈","WI620","반도체","WI62010","반도체","G453010","반도체와반도체장비",278,"PDF"
"2026-09-21","394280","오픈엣지테크놀로지","WI620","반도체","WI62010","반도체","G453010","반도체와반도체장비",278,"PDF"
"2026-09-21","079370","제우스","WI620","반도체","WI62010","반도체","G453010","반도체와반도체장비",278,"PDF"
"2026-09-21","330860","네패스아크","WI620","반도체","WI62010","반도체","G453010","반도체와반도체장비",278,"PDF"
"2026-09-21","086390","유니테스트","WI620","반도체","WI62010","반도체","G453010","반도체와반도체장비",278,"PDF"
"2026-09-21","110990","디아이티","WI620","반도체","WI62010","반도체","G453010","반도체와반도체장비",278,"PDF"
"2026-09-21","445090","에이직랜드","WI620","반도체","WI62010","반도체","G453010","반도체와반도체장비",278,"PDF"
"2026-09-21","093520","매커스","WI620","반도체","WI62010","반도체","G453010","반도체와반도체장비",278,"PDF"
"2026-09-21","272110","케이엔제이","WI620","반도체","WI62010","반도체","G453010","반도체와반도체장비",278,"PDF"
"2026-09-21","317330","덕산테코피아","WI620","반도체","WI62010","반도체","G453010","반도체와반도체장비",278,"PDF"
"2026-09-21","119830","아이텍","WI620","반도체","WI62010","반도체","G453010","반도체와반도체장비",278,"PDF"
"2026-09-21","160980","싸이맥스","WI620","반도체","WI62010","반도체","G453010","반도체와반도체장비",278,"PDF"
"2026-09-21","425040","티이엠씨","WI620","반도체","WI62010","반도체","G453010","반도체와반도체장비",278,"PDF"
"2026-09-21","094360","칩스앤미디어","WI620","반도체","WI62010","반도체","G453010","반도체와반도체장비",278,"PDF"
"2026-09-21","112290","와이씨켐","WI620","반도체","WI62010","반도체","G453010","반도체와반도체장비",278,"PDF"
"2026-09-21","093640","케이알엠","WI620","반도체","WI62010","반도체","G453010","반도체와반도체장비",278,"PDF"
"2026-09-21","078350","한양디지텍","WI620","반도체","WI62010","반도체","G453010","반도체와반도체장비",278,"PDF"
"2026-09-21","032580","피델릭스","WI620","반도체","WI62010","반도체","G453010","반도체와반도체장비",278,"PDF"
"2026-09-21","200470","에이팩트","WI620","반도체","WI62010","반도체","G453010","반도체와반도체장비",278,"PDF"
"2026-09-21","083310","엘오티베큠","WI620","반도체","WI62010","반도체","G453010","반도체와반도체장비",278,"PDF"
"2026-09-21","382800","지앤비에스 에코","WI620","반도체","WI62010","반도체","G453010","반도체와반도체장비",278,"PDF"
"2026-09-21","054450","텔레칩스","WI620","반도체","WI62010","반도체","G453010","반도체와반도체장비",278,"PDF"
"2026-09-21","036710","심텍홀딩스","WI620","반도체","WI62010","반도체","G453010","반도체와반도체장비",278,"PDF"
"2026-09-21","226590","엠디바이스","WI620","반도체","WI62010","반도체","G453010","반도체와반도체장비",278,"PDF"
"2026-09-21","432720","퀄리타스반도체","WI620","반도체","WI62010","반도체","G453010","반도체와반도체장비",278,"PDF"
"2026-09-21","102120","어보브반도체","WI620","반도체","WI62010","반도체","G453010","반도체와반도체장비",278,"PDF"
"2026-09-21","142210","유니트론텍","WI620","반도체","WI62010","반도체","G453010","반도체와반도체장비",278,"PDF"
"2026-09-21","418420","라온텍","WI620","반도체","WI62010","반도체","G453010","반도체와반도체장비",278,"PDF"
"2026-09-21","092070","디엔에프","WI620","반도체","WI62010","반도체","G453010","반도체와반도체장비",278,"PDF"
"2026-09-21","077500","유니퀘스트","WI620","반도체","WI62010","반도체","G453010","반도체와반도체장비",278,"PDF"
"2026-09-21","264660","씨앤지하이테크","WI620","반도체","WI62010","반도체","G453010","반도체와반도체장비",278,"PDF"
"2026-09-21","059120","아진엑스텍","WI620","반도체","WI62010","반도체","G453010","반도체와반도체장비",278,"PDF"
"2026-09-21","482630","삼양엔씨켐","WI620","반도체","WI62010","반도체","G453010","반도체와반도체장비",278,"PDF"
"2026-09-21","025560","미래산업","WI620","반도체","WI62010","반도체","G453010","반도체와반도체장비",278,"PDF"
"2026-09-21","232680","라온로보틱스","WI620","반도체","WI62010","반도체","G453010","반도체와반도체장비",278,"PDF"
"2026-09-21","355150","코스텍시스","WI620","반도체","WI62010","반도체","G453010","반도체와반도체장비",278,"PDF"
"2026-09-21","052860","아이앤씨","WI620","반도체","WI62010","반도체","G453010","반도체와반도체장비",278,"PDF"
"2026-09-21","172670","에이엘티","WI620","반도체","WI62010","반도체","G453010","반도체와반도체장비",278,"PDF"
"2026-09-21","092220","KEC","WI620","반도체","WI62010","반도체","G453010","반도체와반도체장비",278,"PDF"
"2026-09-21","041520","이엘씨","WI620","반도체","WI62010","반도체","G453010","반도체와반도체장비",278,"PDF"
"2026-09-21","445180","퓨릿","WI620","반도체","WI62010","반도체","G453010","반도체와반도체장비",278,"PDF"
"2026-09-21","405100","큐알티","WI620","반도체","WI62010","반도체","G453010","반도체와반도체장비",278,"PDF"
"2026-09-21","412350","레이저쎌","WI620","반도체","WI62010","반도체","G453010","반도체와반도체장비",278,"PDF"
"2026-09-21","071280","로체시스템즈","WI620","반도체","WI62010","반도체","G453010","반도체와반도체장비",278,"PDF"
"2026-09-21","489500","엘케이켐","WI620","반도체","WI62010","반도체","G453010","반도체와반도체장비",278,"PDF"
"2026-09-21","254490","미래반도체","WI620","반도체","WI62010","반도체","G453010","반도체와반도체장비",278,"PDF"
"2026-09-21","322310","오로스테크놀로지","WI620","반도체","WI62010","반도체","G453010","반도체와반도체장비",278,"PDF"
"2026-09-21","117670","알파칩스","WI620","반도체","WI62010","반도체","G453010","반도체와반도체장비",278,"PDF"
"2026-09-21","396270","넥스트칩","WI620","반도체","WI62010","반도체","G453010","반도체와반도체장비",278,"PDF"
"2026-09-21","402490","그린리소스","WI620","반도체","WI62010","반도체","G453010","반도체와반도체장비",278,"PDF"
"2026-09-21","105330","케이엔더블유","WI620","반도체","WI62010","반도체","G453010","반도체와반도체장비",278,"PDF"
"2026-09-21","146320","비씨엔씨","WI620","반도체","WI62010","반도체","G453010","반도체와반도체장비",278,"PDF"
"2026-09-21","052900","KX하이텍","WI620","반도체","WI62010","반도체","G453010","반도체와반도체장비",278,"PDF"
"2026-09-21","066310","큐에스아이","WI620","반도체","WI62010","반도체","G453010","반도체와반도체장비",278,"PDF"
"2026-09-21","417500","제이아이테크","WI620","반도체","WI62010","반도체","G453010","반도체와반도체장비",278,"PDF"
"2026-09-21","217190","제너셈","WI620","반도체","WI62010","반도체","G453010","반도체와반도체장비",278,"PDF"
"2026-09-21","396470","워트","WI620","반도체","WI62010","반도체","G453010","반도체와반도체장비",278,"PDF"
"2026-09-21","241790","티이엠씨씨엔에스","WI620","반도체","WI62010","반도체","G453010","반도체와반도체장비",278,"PDF"
"2026-09-21","424980","마이크로투나노","WI620","반도체","WI62010","반도체","G453010","반도체와반도체장비",278,"PDF"
"2026-09-21","451220","아이엠티","WI620","반도체","WI62010","반도체","G453010","반도체와반도체장비",278,"PDF"
"2026-09-21","212710","아이에스티이","WI620","반도체","WI62010","반도체","G453010","반도체와반도체장비",278,"PDF"
"2026-09-21","054620","APS","WI620","반도체","WI62010","반도체","G453010","반도체와반도체장비",278,"PDF"
"2026-09-21","0017J0","세미티에스","WI620","반도체","WI62010","반도체","G453010","반도체와반도체장비",278,"PDF"
"2026-09-21","323350","다원넥스뷰","WI620","반도체","WI62010","반도체","G453010","반도체와반도체장비",278,"PDF"
"2026-09-21","348350","위드텍","WI620","반도체","WI62010","반도체","G453010","반도체와반도체장비",278,"PDF"
"2026-09-21","147760","피엠티","WI620","반도체","WI62010","반도체","G453010","반도체와반도체장비",278,"PDF"
"2026-09-21","0155E0","해치텍","WI620","반도체","WI62010","반도체","G453010","반도체와반도체장비",278,"PDF"
"2026-09-21","234030","싸이닉솔루션","WI620","반도체","WI62010","반도체","G453010","반도체와반도체장비",278,"PDF"
"2026-09-21","089790","제이티","WI620","반도체","WI62010","반도체","G453010","반도체와반도체장비",278,"PDF"
"2026-09-21","097800","윈팩","WI620","반도체","WI62010","반도체","G453010","반도체와반도체장비",278,"PDF"
"2026-09-21","140070","서플러스글로벌","WI620","반도체","WI62010","반도체","G453010","반도체와반도체장비",278,"PDF"
"2026-09-21","311320","지오엘리먼트","WI620","반도체","WI62010","반도체","G453010","반도체와반도체장비",278,"PDF"
"2026-09-21","217500","러셀","WI620","반도체","WI62010","반도체","G453010","반도체와반도체장비",278,"PDF"
"2026-09-21","171010","램테크놀러지","WI620","반도체","WI62010","반도체","G453010","반도체와반도체장비",278,"PDF"
"2026-09-21","227950","엔투텍","WI620","반도체","WI62010","반도체","G453010","반도체와반도체장비",278,"PDF"
"2026-09-21","080520","오디텍","WI620","반도체","WI62010","반도체","G453010","반도체와반도체장비",278,"PDF"
"2026-09-21","054940","엑사이엔씨","WI620","반도체","WI62010","반도체","G453010","반도체와반도체장비",278,"PDF"
"2026-09-21","033170","시그네틱스","WI620","반도체","WI62010","반도체","G453010","반도체와반도체장비",278,"PDF"
"2026-09-21","064520","테크엘","WI620","반도체","WI62010","반도체","G453010","반도체와반도체장비",278,"PDF"
"2026-09-21","101400","엔시트론","WI620","반도체","WI62010","반도체","G453010","반도체와반도체장비",278,"PDF"
"2026-09-21","045300","성우테크론","WI620","반도체","WI62010","반도체","G453010","반도체와반도체장비",278,"PDF"
"2026-09-21","087600","픽셀플러스","WI620","반도체","WI62010","반도체","G453010","반도체와반도체장비",278,"PDF"
"2026-09-21","365590","하이딥","WI620","반도체","WI62010","반도체","G453010","반도체와반도체장비",278,"PDF"
"2026-09-21","429270","시지트로닉스","WI620","반도체","WI62010","반도체","G453010","반도체와반도체장비",278,"PDF"
"2026-09-21","306620","지아이에스","WI620","반도체","WI62010","반도체","G453010","반도체와반도체장비",278,"PDF"
"2026-09-21","464500","아이언디바이스","WI620","반도체","WI62010","반도체","G453010","반도체와반도체장비",278,"PDF"
"2026-09-21","452160","제이엔비","WI620","반도체","WI62010","반도체","G453010","반도체와반도체장비",278,"PDF"
"2026-09-21","006400","삼성SDI","WI630","IT가전","WI63020","전기제품","G453520","전기제품",283,"PDF"
"2026-09-21","066570","LG전자","WI630","IT가전","WI63010","전자제품","G453510","전자제품",307,"PDF"
"2026-09-21","373220","LG에너지솔루션","WI630","IT가전","WI63020","전기제품","G453520","전기제품",283,"PDF"
"2026-09-21","247540","에코프로비엠","WI630","IT가전","WI63020","전기제품","G453520","전기제품",283,"PDF"
"2026-09-21","066970","엘앤에프","WI630","IT가전","WI63020","전기제품","G453520","전기제품",283,"PDF"
"2026-09-21","058610","에스피지","WI630","IT가전","WI63020","전기제품","G453520","전기제품",283,"PDF"
"2026-09-21","450080","에코프로머티","WI630","IT가전","WI63020","전기제품","G453520","전기제품",283,"PDF"
"2026-09-21","001820","삼화콘덴서","WI630","IT가전","WI63020","전기제품","G453520","전기제품",283,"PDF"
"2026-09-21","082920","비츠로셀","WI630","IT가전","WI63020","전기제품","G453520","전기제품",283,"PDF"
"2026-09-21","043260","성호전자","WI630","IT가전","WI63020","전기제품","G453520","전기제품",283,"PDF"
"2026-09-21","361610","SK아이이테크놀로지","WI630","IT가전","WI63020","전기제품","G453520","전기제품",283,"PDF"
"2026-09-21","137400","피엔티","WI630","IT가전","WI63020","전기제품","G453520","전기제품",283,"PDF"
"2026-09-21","348370","엔켐","WI630","IT가전","WI63020","전기제품","G453520","전기제품",283,"PDF"
"2026-09-21","417200","LS머트리얼즈","WI630","IT가전","WI63020","전기제품","G453520","전기제품",283,"PDF"
"2026-09-21","222080","SFA넥셀","WI630","IT가전","WI63020","전기제품","G453520","전기제품",283,"PDF"
"2026-09-21","365340","성일하이텍","WI630","IT가전","WI63020","전기제품","G453520","전기제품",283,"PDF"
"2026-09-21","033790","피노","WI630","IT가전","WI63020","전기제품","G453520","전기제품",283,"PDF"
"2026-09-21","278280","천보","WI630","IT가전","WI63020","전기제품","G453520","전기제품",283,"PDF"
"2026-09-21","393890","더블유씨피","WI630","IT가전","WI63020","전기제품","G453520","전기제품",283,"PDF"
"2026-09-21","091580","상신이디피","WI630","IT가전","WI63020","전기제품","G453520","전기제품",283,"PDF"
"2026-09-21","036830","솔브레인홀딩스","WI630","IT가전","WI63020","전기제품","G453520","전기제품",283,"PDF"
"2026-09-21","378340","필에너지","WI630","IT가전","WI63020","전기제품","G453520","전기제품",283,"PDF"
"2026-09-21","009470","삼화전기","WI630","IT가전","WI63020","전기제품","G453520","전기제품",283,"PDF"
"2026-09-21","416180","신성에스티","WI630","IT가전","WI63020","전기제품","G453520","전기제품",283,"PDF"
"2026-09-21","083930","아바코","WI630","IT가전","WI63020","전기제품","G453520","전기제품",283,"PDF"
"2026-09-21","005680","삼영전자","WI630","IT가전","WI63020","전기제품","G453520","전기제품",283,"PDF"
"2026-09-21","382900","범한퓨얼셀","WI630","IT가전","WI63020","전기제품","G453520","전기제품",283,"PDF"
"2026-09-21","267320","나인테크","WI630","IT가전","WI63020","전기제품","G453520","전기제품",283,"PDF"
"2026-09-21","243840","신흥에스이씨","WI630","IT가전","WI63020","전기제품","G453520","전기제품",283,"PDF"
"2026-09-21","042370","비츠로테크","WI630","IT가전","WI63020","전기제품","G453520","전기제품",283,"PDF"
"2026-09-21","217820","원익피앤이","WI630","IT가전","WI63020","전기제품","G453520","전기제품",283,"PDF"
"2026-09-21","259630","엠플러스","WI630","IT가전","WI63020","전기제품","G453520","전기제품",283,"PDF"
"2026-09-21","079960","동양이엔피","WI630","IT가전","WI63020","전기제품","G453520","전기제품",283,"PDF"
"2026-09-21","452190","한빛레이저","WI630","IT가전","WI63020","전기제품","G453520","전기제품",283,"PDF"
"2026-09-21","0011T0","채비","WI630","IT가전","WI63020","전기제품","G453520","전기제품",283,"PDF"
"2026-09-21","008700","아남전자","WI630","IT가전","WI63010","전자제품","G453510","전자제품",307,"PDF"
"2026-09-21","078890","가온그룹","WI630","IT가전","WI63010","전자제품","G453510","전자제품",307,"PDF"
"2026-09-21","079810","APS이노베이션","WI630","IT가전","WI63020","전기제품","G453520","전기제품",283,"PDF"
"2026-09-21","036010","아비코전자","WI630","IT가전","WI63020","전기제품","G453520","전기제품",283,"PDF"
"2026-09-21","126730","코칩","WI630","IT가전","WI63020","전기제품","G453520","전기제품",283,"PDF"
"2026-09-21","037030","파워넷","WI630","IT가전","WI63020","전기제품","G453520","전기제품",283,"PDF"
"2026-09-21","175140","아고스","WI630","IT가전","WI63010","전자제품","G453510","전자제품",307,"PDF"
"2026-09-21","382840","원준","WI630","IT가전","WI63020","전기제품","G453520","전기제품",283,"PDF"
"2026-09-21","302430","이노메트리","WI630","IT가전","WI63020","전기제품","G453520","전기제품",283,"PDF"
"2026-09-21","089850","유비벨록스","WI630","IT가전","WI63010","전자제품","G453510","전자제품",307,"PDF"
"2026-09-21","224060","더코디","WI630","IT가전","WI63020","전기제품","G453520","전기제품",283,"PDF"
"2026-09-21","107600","새빗켐","WI630","IT가전","WI63020","전기제품","G453520","전기제품",283,"PDF"
"2026-09-21","014910","성문전자","WI630","IT가전","WI63020","전기제품","G453520","전기제품",283,"PDF"
"2026-09-21","413390","엠오티","WI630","IT가전","WI63020","전기제품","G453520","전기제품",283,"PDF"
"2026-09-21","032540","TJ미디어","WI630","IT가전","WI63010","전자제품","G453510","전자제품",307,"PDF"
"2026-09-21","002230","피에스텍","WI630","IT가전","WI63020","전기제품","G453520","전기제품",283,"PDF"
"2026-09-21","432470","케이엔에스","WI630","IT가전","WI63020","전기제품","G453520","전기제품",283,"PDF"
"2026-09-21","382480","지아이텍","WI630","IT가전","WI63020","전기제품","G453520","전기제품",283,"PDF"
"2026-09-21","458650","성우","WI630","IT가전","WI63020","전기제품","G453520","전기제품",283,"PDF"
"2026-09-21","084730","팅크웨어","WI630","IT가전","WI63010","전자제품","G453510","전자제품",307,"PDF"
"2026-09-21","452200","민테크","WI630","IT가전","WI63020","전기제품","G453520","전기제품",283,"PDF"
"2026-09-21","273640","와이엠텍","WI630","IT가전","WI63020","전기제품","G453520","전기제품",283,"PDF"
"2026-09-21","042110","에스씨디","WI630","IT가전","WI63020","전기제품","G453520","전기제품",283,"PDF"
"2026-09-21","469750","아이비젼웍스","WI630","IT가전","WI63020","전기제품","G453520","전기제품",283,"PDF"
"2026-09-21","297570","아틀라스링크","WI630","IT가전","WI63010","전자제품","G453510","전자제품",307,"PDF"
"2026-09-21","288620","에스프리즘","WI630","IT가전","WI63020","전기제품","G453520","전기제품",283,"PDF"
"2026-09-21","452400","이닉스","WI630","IT가전","WI63020","전기제품","G453520","전기제품",283,"PDF"
"2026-09-21","148930","에이치와이티씨","WI630","IT가전","WI63020","전기제품","G453520","전기제품",283,"PDF"
"2026-09-21","038950","파인디지털","WI630","IT가전","WI63010","전자제품","G453510","전자제품",307,"PDF"
"2026-09-21","115160","휴맥스","WI630","IT가전","WI63010","전자제품","G453510","전자제품",307,"PDF"
"2026-09-21","032750","삼진","WI630","IT가전","WI63010","전자제품","G453510","전자제품",307,"PDF"
"2026-09-21","257370","피엔티엠에스","WI630","IT가전","WI63020","전기제품","G453520","전기제품",283,"PDF"
"2026-09-21","154040","다산솔루에타","WI630","IT가전","WI63010","전자제품","G453510","전자제품",307,"PDF"
"2026-09-21","377330","이지트로닉스","WI630","IT가전","WI63020","전기제품","G453520","전기제품",283,"PDF"
"2026-09-21","009140","경인전자","WI630","IT가전","WI63010","전자제품","G453510","전자제품",307,"PDF"
"2026-09-21","043590","웰킵스하이텍","WI630","IT가전","WI63020","전기제품","G453520","전기제품",283,"PDF"
"2026-09-21","034220","LG디스플레이","WI640","디스플레이","WI64010","디스플레이패널","G454010","디스플레이 패널",327,"PDF"
"2026-09-21","108320","LX세미콘","WI640","디스플레이","WI64020","디스플레이장비","G454020","디스플레이 장비 및 부품",269,"PDF"
"2026-09-21","213420","덕산네오룩스","WI640","디스플레이","WI64020","디스플레이장비","G454020","디스플레이 장비 및 부품",269,"PDF"
"2026-09-21","046890","서울반도체","WI640","디스플레이","WI64020","디스플레이장비","G454020","디스플레이 장비 및 부품",269,"PDF"
"2026-09-21","171090","선익시스템","WI640","디스플레이","WI64020","디스플레이장비","G454020","디스플레이 장비 및 부품",269,"PDF"
"2026-09-21","272290","이녹스첨단소재","WI640","디스플레이","WI64020","디스플레이장비","G454020","디스플레이 장비 및 부품",269,"PDF"
"2026-09-21","265520","AP시스템","WI640","디스플레이","WI64020","디스플레이장비","G454020","디스플레이 장비 및 부품",269,"PDF"
"2026-09-21","290690","아리바이오홀딩스","WI640","디스플레이","WI64020","디스플레이장비","G454020","디스플레이 장비 및 부품",269,"PDF"
"2026-09-21","095500","미래나노텍","WI640","디스플레이","WI64020","디스플레이장비","G454020","디스플레이 장비 및 부품",269,"PDF"
"2026-09-21","307180","아이엘","WI640","디스플레이","WI64020","디스플레이장비","G454020","디스플레이 장비 및 부품",269,"PDF"
"2026-09-21","123860","아나패스","WI640","디스플레이","WI64020","디스플레이장비","G454020","디스플레이 장비 및 부품",269,"PDF"
"2026-09-21","078150","HB테크놀러지","WI640","디스플레이","WI64020","디스플레이장비","G454020","디스플레이 장비 및 부품",269,"PDF"
"2026-09-21","092190","서울바이오시스","WI640","디스플레이","WI64020","디스플레이장비","G454020","디스플레이 장비 및 부품",269,"PDF"
"2026-09-21","068790","DMS","WI640","디스플레이","WI64020","디스플레이장비","G454020","디스플레이 장비 및 부품",269,"PDF"
"2026-09-21","001210","금호전기","WI640","디스플레이","WI64020","디스플레이장비","G454020","디스플레이 장비 및 부품",269,"PDF"
"2026-09-21","484120","도우인시스","WI640","디스플레이","WI64020","디스플레이장비","G454020","디스플레이 장비 및 부품",269,"PDF"
"2026-09-21","036170","에이치엠넥스","WI640","디스플레이","WI64020","디스플레이장비","G454020","디스플레이 장비 및 부품",269,"PDF"
"2026-09-21","469610","이노테크","WI640","디스플레이","WI64020","디스플레이장비","G454020","디스플레이 장비 및 부품",269,"PDF"
"2026-09-21","187870","디바이스","WI640","디스플레이","WI64020","디스플레이장비","G454020","디스플레이 장비 및 부품",269,"PDF"
"2026-09-21","051360","토비스","WI640","디스플레이","WI64020","디스플레이장비","G454020","디스플레이 장비 및 부품",269,"PDF"
"2026-09-21","149950","아바텍","WI640","디스플레이","WI64020","디스플레이장비","G454020","디스플레이 장비 및 부품",269,"PDF"
"2026-09-21","297890","HB솔루션","WI640","디스플레이","WI64020","디스플레이장비","G454020","디스플레이 장비 및 부품",269,"PDF"
"2026-09-21","351320","넥사다이내믹스","WI640","디스플레이","WI64020","디스플레이장비","G454020","디스플레이 장비 및 부품",269,"PDF"
"2026-09-21","141000","비아트론","WI640","디스플레이","WI64020","디스플레이장비","G454020","디스플레이 장비 및 부품",269,"PDF"
"2026-09-21","052420","오성첨단소재","WI640","디스플레이","WI64020","디스플레이장비","G454020","디스플레이 장비 및 부품",269,"PDF"
"2026-09-21","088130","동아엘텍","WI640","디스플레이","WI64020","디스플레이장비","G454020","디스플레이 장비 및 부품",269,"PDF"
"2026-09-21","049950","미래컴퍼니","WI640","디스플레이","WI64020","디스플레이장비","G454020","디스플레이 장비 및 부품",269,"PDF"
"2026-09-21","052330","코텍","WI640","디스플레이","WI64010","디스플레이패널","G454010","디스플레이 패널",327,"PDF"
"2026-09-21","040910","아이씨디","WI640","디스플레이","WI64020","디스플레이장비","G454020","디스플레이 장비 및 부품",269,"PDF"
"2026-09-21","0218L0","네오뷰","WI640","디스플레이","WI64020","디스플레이장비","G454020","디스플레이 장비 및 부품",269,"PDF"
"2026-09-21","083500","에프엔에스테크","WI640","디스플레이","WI64020","디스플레이장비","G454020","디스플레이 장비 및 부품",269,"PDF"
"2026-09-21","255440","야스","WI640","디스플레이","WI64020","디스플레이장비","G454020","디스플레이 장비 및 부품",269,"PDF"
"2026-09-21","457370","한켐","WI640","디스플레이","WI64020","디스플레이장비","G454020","디스플레이 장비 및 부품",269,"PDF"
"2026-09-21","036090","위지트","WI640","디스플레이","WI64020","디스플레이장비","G454020","디스플레이 장비 및 부품",269,"PDF"
"2026-09-21","419080","엔젯","WI640","디스플레이","WI64020","디스플레이장비","G454020","디스플레이 장비 및 부품",269,"PDF"
"2026-09-21","137080","나래나노텍","WI640","디스플레이","WI64020","디스플레이장비","G454020","디스플레이 장비 및 부품",269,"PDF"
"2026-09-21","143540","영우디에스피","WI640","디스플레이","WI64020","디스플레이장비","G454020","디스플레이 장비 및 부품",269,"PDF"
"2026-09-21","155650","와이엠씨","WI640","디스플레이","WI64020","디스플레이장비","G454020","디스플레이 장비 및 부품",269,"PDF"
"2026-09-21","056700","신화인터텍","WI640","디스플레이","WI64020","디스플레이장비","G454020","디스플레이 장비 및 부품",269,"PDF"
"2026-09-21","059100","아이컴포넌트","WI640","디스플레이","WI64020","디스플레이장비","G454020","디스플레이 장비 및 부품",269,"PDF"
"2026-09-21","038060","루멘스바이오스","WI640","디스플레이","WI64020","디스플레이장비","G454020","디스플레이 장비 및 부품",269,"PDF"
"2026-09-21","082850","우리바이오","WI640","디스플레이","WI64020","디스플레이장비","G454020","디스플레이 장비 및 부품",269,"PDF"
"2026-09-21","020760","일진디스플","WI640","디스플레이","WI64010","디스플레이패널","G454010","디스플레이 패널",327,"PDF"
"2026-09-21","054040","한국컴퓨터","WI640","디스플레이","WI64020","디스플레이장비","G454020","디스플레이 장비 및 부품",269,"PDF"
"2026-09-21","094970","제이엠티","WI640","디스플레이","WI64020","디스플레이장비","G454020","디스플레이 장비 및 부품",269,"PDF"
"2026-09-21","256630","포인트엔지니어링","WI640","디스플레이","WI64020","디스플레이장비","G454020","디스플레이 장비 및 부품",269,"PDF"
"2026-09-21","106240","파인테크닉스","WI640","디스플레이","WI64020","디스플레이장비","G454020","디스플레이 장비 및 부품",269,"PDF"
"2026-09-21","239890","피엔에이치테크","WI640","디스플레이","WI64020","디스플레이장비","G454020","디스플레이 장비 및 부품",269,"PDF"
"2026-09-21","371950","풍원정밀","WI640","디스플레이","WI64020","디스플레이장비","G454020","디스플레이 장비 및 부품",269,"PDF"
"2026-09-21","321260","프로이천","WI640","디스플레이","WI64020","디스플레이장비","G454020","디스플레이 장비 및 부품",269,"PDF"
"2026-09-21","153490","우리이앤엘하루틴","WI640","디스플레이","WI64020","디스플레이장비","G454020","디스플레이 장비 및 부품",269,"PDF"
"2026-09-21","073110","엘엠에스","WI640","디스플레이","WI64020","디스플레이장비","G454020","디스플레이 장비 및 부품",269,"PDF"
"2026-09-21","238490","힘스","WI640","디스플레이","WI64020","디스플레이장비","G454020","디스플레이 장비 및 부품",269,"PDF"
"2026-09-21","063760","이엘피","WI640","디스플레이","WI64020","디스플레이장비","G454020","디스플레이 장비 및 부품",269,"PDF"
"2026-09-21","475660","에스켐","WI640","디스플레이","WI64020","디스플레이장비","G454020","디스플레이 장비 및 부품",269,"PDF"
"2026-09-21","049120","파인디앤씨","WI640","디스플레이","WI64020","디스플레이장비","G454020","디스플레이 장비 및 부품",269,"PDF"
"2026-09-21","177830","파버나인","WI640","디스플레이","WI64020","디스플레이장비","G454020","디스플레이 장비 및 부품",269,"PDF"
"2026-09-21","083470","이엠앤아이","WI640","디스플레이","WI64020","디스플레이장비","G454020","디스플레이 장비 및 부품",269,"PDF"
"2026-09-21","069330","유아이디","WI640","디스플레이","WI64020","디스플레이장비","G454020","디스플레이 장비 및 부품",269,"PDF"
"2026-09-21","347770","핌스","WI640","디스플레이","WI64020","디스플레이장비","G454020","디스플레이 장비 및 부품",269,"PDF"
"2026-09-21","440320","오픈놀","WI640","디스플레이","WI64010","디스플레이패널","G454010","디스플레이 패널",327,"PDF"
"2026-09-21","096870","엘디티","WI640","디스플레이","WI64020","디스플레이장비","G454020","디스플레이 장비 및 부품",269,"PDF"
"2026-09-21","290520","신도기연","WI640","디스플레이","WI64020","디스플레이장비","G454020","디스플레이 장비 및 부품",269,"PDF"
"2026-09-21","009310","참엔지니어링","WI640","디스플레이","WI64020","디스플레이장비","G454020","디스플레이 장비 및 부품",269,"PDF"
"2026-09-21","017670","SK텔레콤","WI700","통신서비스","WI70010","통신서비스","G501020","무선통신서비스",333,"PDF"
"2026-09-21","030200","KT","WI700","통신서비스","WI70010","통신서비스","G501010","다각화된통신서비스",336,"PDF"
"2026-09-21","032640","LG유플러스","WI700","통신서비스","WI70010","통신서비스","G501020","무선통신서비스",333,"PDF"
"2026-09-21","036630","세종텔레콤","WI700","통신서비스","WI70010","통신서비스","G501010","다각화된통신서비스",336,"PDF"
"2026-09-21","065530","와이어블","WI700","통신서비스","WI70010","통신서비스","G501020","무선통신서비스",333,"PDF"
"2026-09-21","015760","한국전력","WI800","유틸리티","WI80010","유틸리티","G551010","전기유틸리티",325,"PDF"
"2026-09-21","052690","한전기술","WI800","유틸리티","WI80010","유틸리티","G551010","전기유틸리티",325,"PDF"
"2026-09-21","036460","한국가스공사","WI800","유틸리티","WI80010","유틸리티","G551020","가스유틸리티",312,"PDF"
"2026-09-21","051600","한전KPS","WI800","유틸리티","WI80010","유틸리티","G551010","전기유틸리티",325,"PDF"
"2026-09-21","018670","SK가스","WI800","유틸리티","WI80010","유틸리티","G551020","가스유틸리티",312,"PDF"
"2026-09-21","130660","한전산업","WI800","유틸리티","WI80010","유틸리티","G551010","전기유틸리티",325,"PDF"
"2026-09-21","017940","E1","WI800","유틸리티","WI80010","유틸리티","G551020","가스유틸리티",312,"PDF"
"2026-09-21","004690","삼천리","WI800","유틸리티","WI80010","유틸리티","G551020","가스유틸리티",312,"PDF"
"2026-09-21","071320","지역난방공사","WI800","유틸리티","WI80010","유틸리티","G551030","복합유틸리티",331,"PDF"
"2026-09-21","015360","INVENI","WI800","유틸리티","WI80010","유틸리티","G551020","가스유틸리티",312,"PDF"
"2026-09-21","453450","그리드위즈","WI800","유틸리티","WI80010","유틸리티","G551010","전기유틸리티",325,"PDF"
"2026-09-21","017390","서울가스","WI800","유틸리티","WI80010","유틸리티","G551020","가스유틸리티",312,"PDF"
"2026-09-21","267290","경동도시가스","WI800","유틸리티","WI80010","유틸리티","G551020","가스유틸리티",312,"PDF"
"2026-09-21","003480","한진중공업홀딩스","WI800","유틸리티","WI80010","유틸리티","G551020","가스유틸리티",312,"PDF"
"2026-09-21","117580","대성에너지","WI800","유틸리티","WI80010","유틸리티","G551020","가스유틸리티",312,"PDF"
"2026-09-21","053050","지에스이","WI800","유틸리티","WI80010","유틸리티","G551020","가스유틸리티",312,"PDF"
"2026-09-21","016710","대성홀딩스","WI800","유틸리티","WI80010","유틸리티","G551020","가스유틸리티",312,"PDF"
"2026-09-21","034590","인천도시가스","WI800","유틸리티","WI80010","유틸리티","G551020","가스유틸리티",312,"PDF"
