base_date,sector_code,sector_name,seq,ticker,company_name,market_cap_mn_krw,weight_pct,cum_weight_pct,cap_factor,applied_shares,wics_sector_code,wics_sector_name,sector_market_cap_mn_krw
"2026-09-11","WI100","에너지",1,"034730","SK",19510477,35.8,35.8,1,33351243,"G10","에너지",54500602
"2026-09-11","WI100","에너지",2,"096770","SK이노베이션",9301961,17.07,52.87,1,64240059,"G10","에너지",54500602
"2026-09-11","WI100","에너지",3,"010950","S-Oil",6248345,11.46,64.33,1,41655633,"G10","에너지",54500602
"2026-09-11","WI100","에너지",4,"078930","GS",5306191,9.74,74.07,1,44589837,"G10","에너지",54500602
"2026-09-11","WI100","에너지",5,"009830","한화솔루션",4222132,7.75,81.81,1,141682297,"G10","에너지",54500602
"2026-09-11","WI100","에너지",6,"336260","두산퓨얼셀",1949617,3.58,85.39,1,39951172,"G10","에너지",54500602
"2026-09-11","WI100","에너지",7,"083650","비에이치아이",1439285,2.64,88.03,1,21042175,"G10","에너지",54500602
"2026-09-11","WI100","에너지",8,"112610","씨에스윈드",1246924,2.29,90.32,1,23615985,"G10","에너지",54500602
"2026-09-11","WI100","에너지",9,"475150","SK이터닉스",990123,1.82,92.14,1,19077522,"G10","에너지",54500602
"2026-09-11","WI100","에너지",10,"322000","HD현대에너지솔루션",674352,1.24,93.37,1,5040000,"G10","에너지",54500602
"2026-09-11","WI100","에너지",11,"100090","SK오션플랜트",483431,0.89,94.26,1,38736439,"G10","에너지",54500602
"2026-09-11","WI100","에너지",12,"006120","SK디스커버리",419811,0.77,95.03,1,7313775,"G10","에너지",54500602
"2026-09-11","WI100","에너지",13,"044490","태웅",362154,0.66,95.7,1,9203395,"G10","에너지",54500602
"2026-09-11","WI100","에너지",14,"005090","SGC에너지",361559,0.66,96.36,1,5907826,"G10","에너지",54500602
"2026-09-11","WI100","에너지",15,"100840","SNT에너지",336145,0.62,96.98,1,8892736,"G10","에너지",54500602
"2026-09-11","WI100","에너지",16,"018000","유니슨",298047,0.55,97.52,1,241333404,"G10","에너지",54500602
"2026-09-11","WI100","에너지",17,"046120","오르비텍",166457,0.31,97.83,1,27422900,"G10","에너지",54500602
"2026-09-11","WI100","에너지",18,"024060","흥구석유",149022,0.27,98.1,1,10200000,"G10","에너지",54500602
"2026-09-11","WI100","에너지",19,"098070","한텍",101692,0.19,98.29,1,4003610,"G10","에너지",54500602
"2026-09-11","WI100","에너지",20,"126720","수산인더스트리",86209,0.16,98.45,1,3857220,"G10","에너지",54500602
"2026-09-11","WI100","에너지",21,"002420","우양피앤엘",83845,0.15,98.6,1,15272263,"G10","에너지",54500602
"2026-09-11","WI100","에너지",22,"128820","대성산업",77443,0.14,98.74,1,18094191,"G10","에너지",54500602
"2026-09-11","WI100","에너지",23,"457550","우진엔텍",76266,0.14,98.88,1,5125426,"G10","에너지",54500602
"2026-09-11","WI100","에너지",24,"0001A0","덕양에너젠",71721,0.13,99.01,1,8150067,"G10","에너지",54500602
"2026-09-11","WI100","에너지",25,"014530","극동유화",69066,0.13,99.14,1,20224263,"G10","에너지",54500602
"2026-09-11","WI100","에너지",26,"389260","대명에너지",57361,0.11,99.25,1,4299918,"G10","에너지",54500602
"2026-09-11","WI100","에너지",27,"270520","앱튼",50394,0.09,99.34,1,15748061,"G10","에너지",54500602
"2026-09-11","WI100","에너지",28,"126880","제이엔케이글로벌",48170,0.09,99.43,1,19229542,"G10","에너지",54500602
"2026-09-11","WI100","에너지",29,"137950","제이씨케미칼",47738,0.09,99.51,1,12024619,"G10","에너지",54500602
"2026-09-11","WI100","에너지",30,"012700","리드코프",43340,0.08,99.59,1,14817065,"G10","에너지",54500602
"2026-09-11","WI100","에너지",31,"100130","동국S&C",36919,0.07,99.66,1,27428640,"G10","에너지",54500602
"2026-09-11","WI100","에너지",32,"282720","금양그린파워",36064,0.07,99.73,1,4726605,"G10","에너지",54500602
"2026-09-11","WI100","에너지",33,"101970","우양에이치씨",34255,0.06,99.79,1,3401702,"G10","에너지",54500602
"2026-09-11","WI100","에너지",34,"136150","원일티엔아이",21305,0.04,99.83,1,2598119,"G10","에너지",54500602
"2026-09-11","WI100","에너지",35,"043200","파루",18498,0.03,99.86,1,15676617,"G10","에너지",54500602
"2026-09-11","WI100","에너지",36,"115530","씨엔플러스",18100,0.03,99.9,1,6350720,"G10","에너지",54500602
"2026-09-11","WI100","에너지",37,"000440","중앙에너비스",17262,0.03,99.93,1,1307697,"G10","에너지",54500602
"2026-09-11","WI100","에너지",38,"038870","에코심플렉스",17141,0.03,99.96,1,8549118,"G10","에너지",54500602
"2026-09-11","WI100","에너지",39,"060900","에이전트AI",16466,0.03,99.99,1,4907839,"G10","에너지",54500602
"2026-09-11","WI100","에너지",40,"065420","에스아이리소스",5317,0.01,100,1,5656245,"G10","에너지",54500602
"2026-09-11","WI110","화학",1,"051910","LG화학",12719328,24.45,24.45,1,46590946,"G15","소재",52022349
"2026-09-11","WI110","화학",2,"086520","에코프로",8136250,15.64,40.09,1,96401067,"G15","소재",52022349
"2026-09-11","WI110","화학",3,"003670","포스코퓨처엠",6098242,11.72,51.81,1,32910101,"G15","소재",52022349
"2026-09-11","WI110","화학",4,"010060","OCI홀딩스",2855612,5.49,57.3,1,13069162,"G15","소재",52022349
"2026-09-11","WI110","화학",5,"011790","SKC",2177564,4.19,61.49,1,24303166,"G15","소재",52022349
"2026-09-11","WI110","화학",6,"011780","금호석유화학",1791025,3.44,64.93,1,14339675,"G15","소재",52022349
"2026-09-11","WI110","화학",7,"014680","한솔케미칼",1683870,3.24,68.17,1,8419348,"G15","소재",52022349
"2026-09-11","WI110","화학",8,"011170","롯데케미칼",1260805,2.42,70.59,1,19248938,"G15","소재",52022349
"2026-09-11","WI110","화학",9,"457190","이수스페셜티케미컬",1239699,2.38,72.97,1,19340078,"G15","소재",52022349
"2026-09-11","WI110","화학",10,"120110","코오롱인더",1168853,2.25,75.22,1,20363301,"G15","소재",52022349
"2026-09-11","WI110","화학",11,"005070","코스모신소재",934658,1.8,77.02,1,23250199,"G15","소재",52022349
"2026-09-11","WI110","화학",12,"093370","후성",713784,1.37,78.39,1,53627665,"G15","소재",52022349
"2026-09-11","WI110","화학",13,"004000","롯데정밀화학",654869,1.26,79.65,1,14190000,"G15","소재",52022349
"2026-09-11","WI110","화학",14,"005690","파미셀",614837,1.18,80.83,1,54603652,"G15","소재",52022349
"2026-09-11","WI110","화학",15,"000210","DL",587813,1.13,81.96,1,10687500,"G15","소재",52022349
"2026-09-11","WI110","화학",16,"285130","SK케미칼",514725,0.99,82.95,1,9514321,"G15","소재",52022349
"2026-09-11","WI110","화학",17,"121600","나노신소재",422954,0.81,83.76,1,8951399,"G15","소재",52022349
"2026-09-11","WI110","화학",18,"281740","레이크머티리얼즈",401219,0.77,84.53,1,36809106,"G15","소재",52022349
"2026-09-11","WI110","화학",19,"298050","HS효성첨단소재",385500,0.74,85.27,1,2239974,"G15","소재",52022349
"2026-09-11","WI110","화학",20,"456040","OCI",373355,0.72,85.99,1,4655297,"G15","소재",52022349
"2026-09-11","WI110","화학",21,"006650","대한유화",338793,0.65,86.64,1,3315000,"G15","소재",52022349
"2026-09-11","WI110","화학",22,"069260","TKG휴켐스",335818,0.65,87.29,1,20439294,"G15","소재",52022349
"2026-09-11","WI110","화학",23,"002960","한국쉘석유",300794,0.58,87.87,1,598000,"G15","소재",52022349
"2026-09-11","WI110","화학",24,"033500","동성화인텍",292044,0.56,88.43,1,17393906,"G15","소재",52022349
"2026-09-11","WI110","화학",25,"005420","코스모화학",280653,0.54,88.97,1,26501677,"G15","소재",52022349
"2026-09-11","WI110","화학",26,"178920","PI첨단소재",253285,0.49,89.45,1,13508508,"G15","소재",52022349
"2026-09-11","WI110","화학",27,"014830","유니드",225611,0.43,89.89,1,3586828,"G15","소재",52022349
"2026-09-11","WI110","화학",28,"104830","원익머트리얼즈",215824,0.41,90.3,1,6808320,"G15","소재",52022349
"2026-09-11","WI110","화학",29,"003240","태광산업",212303,0.41,90.71,1,233814,"G15","소재",52022349
"2026-09-11","WI110","화학",30,"000070","삼양홀딩스",210305,0.4,91.12,1,3493435,"G15","소재",52022349
"2026-09-11","WI110","화학",31,"007690","국도화학",205720,0.4,91.51,1,5371282,"G15","소재",52022349
"2026-09-11","WI110","화학",32,"002810","삼영무역",205316,0.39,91.91,1,9418143,"G15","소재",52022349
"2026-09-11","WI110","화학",33,"004430","송원산업",179866,0.35,92.25,1,15360000,"G15","소재",52022349
"2026-09-11","WI110","화학",34,"005950","이수화학",179221,0.34,92.6,1,15776501,"G15","소재",52022349
"2026-09-11","WI110","화학",35,"017890","한국알콜",173105,0.33,92.93,1,11783898,"G15","소재",52022349
"2026-09-11","WI110","화학",36,"161000","애경케미칼",167123,0.32,93.25,1,16054073,"G15","소재",52022349
"2026-09-11","WI110","화학",37,"003720","삼영",149427,0.29,93.54,1,24140000,"G15","소재",52022349
"2026-09-11","WI110","화학",38,"002840","미원상사",140243,0.27,93.81,1,1035000,"G15","소재",52022349
"2026-09-11","WI110","화학",39,"017860","DS단석",128112,0.25,94.05,1,10415644,"G15","소재",52022349
"2026-09-11","WI110","화학",40,"025860","남해화학",125469,0.24,94.29,1,20368325,"G15","소재",52022349
"2026-09-11","WI110","화학",41,"001340","PKC",121333,0.23,94.53,1,24315168,"G15","소재",52022349
"2026-09-11","WI110","화학",42,"101360","에코앤드림",117066,0.23,94.75,1,14762474,"G15","소재",52022349
"2026-09-11","WI110","화학",43,"102260","동성케미컬",112106,0.22,94.97,1,29895058,"G15","소재",52022349
"2026-09-11","WI110","화학",44,"027410","BGF",109548,0.21,95.18,1,28715037,"G15","소재",52022349
"2026-09-11","WI110","화학",45,"268280","미원에스씨",108000,0.21,95.39,1,800000,"G15","소재",52022349
"2026-09-11","WI110","화학",46,"003650","미창석유",107030,0.21,95.59,1,817645,"G15","소재",52022349
"2026-09-11","WI110","화학",47,"011500","한농화성",102657,0.2,95.79,1,7818521,"G15","소재",52022349
"2026-09-11","WI110","화학",48,"357550","석경에이티",100432,0.19,95.98,1,3109349,"G15","소재",52022349
"2026-09-11","WI110","화학",49,"298000","효성화학",96456,0.19,96.17,1,1744233,"G15","소재",52022349
"2026-09-11","WI110","화학",50,"220260","켐트로스",86986,0.17,96.33,1,22771159,"G15","소재",52022349
"2026-09-11","WI110","화학",51,"187790","나노",86721,0.17,96.5,1,28065155,"G15","소재",52022349
"2026-09-11","WI110","화학",52,"012610","경인양행",85834,0.16,96.67,1,27466800,"G15","소재",52022349
"2026-09-11","WI110","화학",53,"025000","KPX케미칼",83519,0.16,96.83,1,1488761,"G15","소재",52022349
"2026-09-11","WI110","화학",54,"004090","한국석유",81390,0.16,96.98,1,6600942,"G15","소재",52022349
"2026-09-11","WI110","화학",55,"104480","티케이케미칼",81202,0.16,97.14,1,47265625,"G15","소재",52022349
"2026-09-11","WI110","화학",56,"251370","와이엠티",79114,0.15,97.29,1,10988059,"G15","소재",52022349
"2026-09-11","WI110","화학",57,"092230","KPX홀딩스",78422,0.15,97.44,1,802682,"G15","소재",52022349
"2026-09-11","WI110","화학",58,"066430","아이로보틱스",73648,0.14,97.58,1,35238128,"G15","소재",52022349
"2026-09-11","WI110","화학",59,"126600","BGF에코머티리얼즈",60416,0.12,97.7,1,19457738,"G15","소재",52022349
"2026-09-11","WI110","화학",60,"120240","대정화금",50804,0.1,97.8,1,3451387,"G15","소재",52022349
"2026-09-11","WI110","화학",61,"134380","미원화학",50330,0.1,97.89,1,5058316,"G15","소재",52022349
"2026-09-11","WI110","화학",62,"125210","아모그린텍",49487,0.1,97.99,1,8743298,"G15","소재",52022349
"2026-09-11","WI110","화학",63,"014440","영보화학",44556,0.09,98.08,1,9400000,"G15","소재",52022349
"2026-09-11","WI110","화학",64,"036640","HRS",42430,0.08,98.16,1,8668044,"G15","소재",52022349
"2026-09-11","WI110","화학",65,"083420","그린케미칼",42002,0.08,98.24,1,8880000,"G15","소재",52022349
"2026-09-11","WI110","화학",66,"007590","동방아그로",41942,0.08,98.32,1,7489667,"G15","소재",52022349
"2026-09-11","WI110","화학",67,"002100","경농",41130,0.08,98.4,1,4490192,"G15","소재",52022349
"2026-09-11","WI110","화학",68,"023450","동남합성",39627,0.08,98.47,1,1260000,"G15","소재",52022349
"2026-09-11","WI110","화학",69,"163280","에어레인",37187,0.07,98.54,1,10202308,"G15","소재",52022349
"2026-09-11","WI110","화학",70,"003830","대한화섬",36398,0.07,98.61,1,318720,"G15","소재",52022349
"2026-09-11","WI110","화학",71,"006840","AK홀딩스",32684,0.06,98.68,1,4239219,"G15","소재",52022349
"2026-09-11","WI110","화학",72,"107590","미원홀딩스",31747,0.06,98.74,1,510400,"G15","소재",52022349
"2026-09-11","WI110","화학",73,"014190","원익큐브",30948,0.06,98.8,1,23714697,"G15","소재",52022349
"2026-09-11","WI110","화학",74,"023900","풍국주정",30764,0.06,98.86,1,4032000,"G15","소재",52022349
"2026-09-11","WI110","화학",75,"222420","쎄노텍",27792,0.05,98.91,1,27598558,"G15","소재",52022349
"2026-09-11","WI110","화학",76,"042040","케이피엠테크",27131,0.05,98.96,1,5809563,"G15","소재",52022349
"2026-09-11","WI110","화학",77,"286750","나노실리칸첨단소재",26985,0.05,99.01,1,10729666,"G15","소재",52022349
"2026-09-11","WI110","화학",78,"003780","진양산업",25066,0.05,99.06,1,6370000,"G15","소재",52022349
"2026-09-11","WI110","화학",79,"036670","삼양케이씨아이",24501,0.05,99.11,1,4842090,"G15","소재",52022349
"2026-09-11","WI110","화학",80,"045060","오공",24136,0.05,99.16,1,11520542,"G15","소재",52022349
"2026-09-11","WI110","화학",81,"001550","조비",23823,0.05,99.2,1,2232662,"G15","소재",52022349
"2026-09-11","WI110","화학",82,"163560","동일고무벨트",23185,0.04,99.25,1,4170000,"G15","소재",52022349
"2026-09-11","WI110","화학",83,"006890","태경케미컬",22891,0.04,99.29,1,4524000,"G15","소재",52022349
"2026-09-11","WI110","화학",84,"013000","세우글로벌",22259,0.04,99.33,1,18658270,"G15","소재",52022349
"2026-09-11","WI110","화학",85,"003080","SB성보",21974,0.04,99.38,1,9809800,"G15","소재",52022349
"2026-09-11","WI110","화학",86,"004840","DRB동일",21100,0.04,99.42,1,5203538,"G15","소재",52022349
"2026-09-11","WI110","화학",87,"008370","원풍",20380,0.04,99.46,1,4080000,"G15","소재",52022349
"2026-09-11","WI110","화학",88,"136410","아셈스",20172,0.04,99.49,1,5178979,"G15","소재",52022349
"2026-09-11","WI110","화학",89,"091970","LSK아이로봇",19764,0.04,99.53,1,5048302,"G15","소재",52022349
"2026-09-11","WI110","화학",90,"101240","씨큐브",18976,0.04,99.57,1,5564955,"G15","소재",52022349
"2026-09-11","WI110","화학",91,"097870","효성오앤비",18949,0.04,99.61,1,4160100,"G15","소재",52022349
"2026-09-11","WI110","화학",92,"332290","누보",17092,0.03,99.64,1,19054198,"G15","소재",52022349
"2026-09-11","WI110","화학",93,"352940","인바이오",16926,0.03,99.67,1,7607410,"G15","소재",52022349
"2026-09-11","WI110","화학",94,"010640","진양폴리",15898,0.03,99.7,1,8350000,"G15","소재",52022349
"2026-09-11","WI110","화학",95,"027580","상보",15255,0.03,99.73,1,9469004,"G15","소재",52022349
"2026-09-11","WI110","화학",96,"024070","WISCOM",14735,0.03,99.76,1,7509954,"G15","소재",52022349
"2026-09-11","WI110","화학",97,"318000","KBG",14133,0.03,99.79,1,5244133,"G15","소재",52022349
"2026-09-11","WI110","화학",98,"050760","에스폴리텍",11907,0.02,99.81,1,9964153,"G15","소재",52022349
"2026-09-11","WI110","화학",99,"196700","웹스",11466,0.02,99.83,1,8474844,"G15","소재",52022349
"2026-09-11","WI110","화학",100,"177350","베셀",11222,0.02,99.85,1,7040254,"G15","소재",52022349
"2026-09-11","WI110","화학",101,"000760","이화산업",10508,0.02,99.87,1,756000,"G15","소재",52022349
"2026-09-11","WI110","화학",102,"0010F0","보원케미칼",10453,0.02,99.89,1,4457440,"G15","소재",52022349
"2026-09-11","WI110","화학",103,"115570","스타플렉스",10348,0.02,99.91,1,3832563,"G15","소재",52022349
"2026-09-11","WI110","화학",104,"048830","엔피케이",9740,0.02,99.93,1,9549200,"G15","소재",52022349
"2026-09-11","WI110","화학",105,"007770","한일화학",9631,0.02,99.95,1,1193400,"G15","소재",52022349
"2026-09-11","WI110","화학",106,"051630","진양화학",9240,0.02,99.97,1,6784000,"G15","소재",52022349
"2026-09-11","WI110","화학",107,"221980","케이디켐",8603,0.02,99.98,1,928004,"G15","소재",52022349
"2026-09-11","WI110","화학",108,"285800","진영",7185,0.01,100,1,1509388,"G15","소재",52022349
"2026-09-11","WI110","화학",109,"006380","카프로",1014,0,100,1,8449999,"G15","소재",52022349
"2026-09-11","WI200","비철금속",1,"010130","고려아연",12304615,69.03,69.03,1,10436484,"G15","소재",17825780
"2026-09-11","WI200","비철금속",2,"103140","풍산",1346567,7.55,76.58,1,17375052,"G15","소재",17825780
"2026-09-11","WI200","비철금속",3,"006110","삼아알미늄",578805,3.25,79.83,1,9679011,"G15","소재",17825780
"2026-09-11","WI200","비철금속",4,"295310","에이치브이엠",379789,2.13,81.96,1,7879434,"G15","소재",17825780
"2026-09-11","WI200","비철금속",5,"005810","풍산홀딩스",262445,1.47,83.43,1,7064473,"G15","소재",17825780
"2026-09-11","WI200","비철금속",6,"251970","펌텍코리아",235699,1.32,84.75,1,4464000,"G15","소재",17825780
"2026-09-11","WI200","비철금속",7,"008730","율촌화학",162073,0.91,85.66,1,10416000,"G15","소재",17825780
"2026-09-11","WI200","비철금속",8,"002310","아세아제지",134160,0.75,86.42,1,15385308,"G15","소재",17825780
"2026-09-11","WI200","비철금속",9,"058430","포스코스틸리온",125517,0.7,87.12,1,25800000,"G15","소재",17825780
"2026-09-11","WI200","비철금속",10,"213500","한솔제지",122354,0.69,87.81,1,16184391,"G15","소재",17825780
"2026-09-11","WI200","비철금속",11,"014820","동원시스템즈",99266,0.56,88.36,1,4638605,"G15","소재",17825780
"2026-09-11","WI200","비철금속",12,"004560","현대비앤지스틸",97548,0.55,88.91,1,8142557,"G15","소재",17825780
"2026-09-11","WI200","비철금속",13,"008350","남선알미늄",96590,0.54,89.45,1,90355363,"G15","소재",17825780
"2026-09-11","WI200","비철금속",14,"256940","킵스파마",86063,0.48,89.93,1,15259391,"G15","소재",17825780
"2026-09-11","WI200","비철금속",15,"009160","SIMPAC",79017,0.44,90.38,1,16342742,"G15","소재",17825780
"2026-09-11","WI200","비철금속",16,"001780","알루코",77658,0.44,90.81,1,48415066,"G15","소재",17825780
"2026-09-11","WI200","비철금속",17,"025820","이구산업",71282,0.4,91.21,1,16386580,"G15","소재",17825780
"2026-09-11","WI200","비철금속",18,"016590","신대양제지",65186,0.37,91.58,1,6447651,"G15","소재",17825780
"2026-09-11","WI200","비철금속",19,"018470","조일알미늄",64842,0.36,91.94,1,13929489,"G15","소재",17825780
"2026-09-11","WI200","비철금속",20,"054920","한컴위드",63370,0.36,92.3,1,16083736,"G15","소재",17825780
"2026-09-11","WI200","비철금속",21,"034810","해성산업",62633,0.35,92.65,1,10421450,"G15","소재",17825780
"2026-09-11","WI200","비철금속",22,"081000","일진다이아",61993,0.35,93,1,6249309,"G15","소재",17825780
"2026-09-11","WI200","비철금속",23,"014580","태경비케이",55845,0.31,93.31,1,14619043,"G15","소재",17825780
"2026-09-11","WI200","비철금속",24,"012800","대창",55639,0.31,93.62,1,46481654,"G15","소재",17825780
"2026-09-11","WI200","비철금속",25,"023600","삼보판지",51323,0.29,93.91,1,5602905,"G15","소재",17825780
"2026-09-11","WI200","비철금속",26,"015890","태경산업",51139,0.29,94.2,1,10522350,"G15","소재",17825780
"2026-09-11","WI200","비철금속",27,"032560","황금에스티",43323,0.24,94.44,1,7820000,"G15","소재",17825780
"2026-09-11","WI200","비철금속",28,"078130","국일제지",42909,0.24,94.68,1,12401464,"G15","소재",17825780
"2026-09-11","WI200","비철금속",29,"000180","성창기업지주",42855,0.24,94.92,1,8370192,"G15","소재",17825780
"2026-09-11","WI200","비철금속",30,"012320","경동인베스트",42149,0.24,95.16,1,898708,"G15","소재",17825780
"2026-09-11","WI200","비철금속",31,"024090","디씨엠",38779,0.22,95.38,1,3306000,"G15","소재",17825780
"2026-09-11","WI200","비철금속",32,"002200","한국수출포장",38525,0.22,95.59,1,13399976,"G15","소재",17825780
"2026-09-11","WI200","비철금속",33,"081150","티플랙스",37582,0.21,95.8,1,14075673,"G15","소재",17825780
"2026-09-11","WI200","비철금속",34,"272550","삼양패키징",37181,0.21,96.01,1,3767101,"G15","소재",17825780
"2026-09-11","WI200","비철금속",35,"004250","NPC",36292,0.2,96.21,1,12117600,"G15","소재",17825780
"2026-09-11","WI200","비철금속",36,"009580","무림P&P",32992,0.19,96.4,1,20581546,"G15","소재",17825780
"2026-09-11","WI200","비철금속",37,"021050","서원",32261,0.18,96.58,1,28959499,"G15","소재",17825780
"2026-09-11","WI200","비철금속",38,"011280","태림포장",31087,0.17,96.76,1,19825663,"G15","소재",17825780
"2026-09-11","WI200","비철금속",39,"004780","대륙제관",30944,0.17,96.93,1,7315471,"G15","소재",17825780
"2026-09-11","WI200","비철금속",40,"462520","조선내화",30373,0.17,97.1,1,2371033,"G15","소재",17825780
"2026-09-11","WI200","비철금속",41,"017650","대림제지",29548,0.17,97.26,1,2723350,"G15","소재",17825780
"2026-09-11","WI200","비철금속",42,"000480","CR홀딩스",29443,0.17,97.43,1,6564668,"G15","소재",17825780
"2026-09-11","WI200","비철금속",43,"009200","무림페이퍼",28462,0.16,97.59,1,19140282,"G15","소재",17825780
"2026-09-11","WI200","비철금속",44,"004540","깨끗한나라",27998,0.16,97.75,1,22344415,"G15","소재",17825780
"2026-09-11","WI200","비철금속",45,"460870","에스엠씨지",26901,0.15,97.9,1,9835918,"G15","소재",17825780
"2026-09-11","WI200","비철금속",46,"155660","DSR",26843,0.15,98.05,1,6080000,"G15","소재",17825780
"2026-09-11","WI200","비철금속",47,"128660","피제이메탈",26163,0.15,98.2,1,8929212,"G15","소재",17825780
"2026-09-11","WI200","비철금속",48,"037370","EG",24745,0.14,98.33,1,6554978,"G15","소재",17825780
"2026-09-11","WI200","비철금속",49,"006740","블루산업개발",22329,0.13,98.46,1,4344200,"G15","소재",17825780
"2026-09-11","WI200","비철금속",50,"009460","한창제지",20022,0.11,98.57,1,7527208,"G15","소재",17825780
"2026-09-11","WI200","비철금속",51,"004450","삼화왕관",19409,0.11,98.68,1,710945,"G15","소재",17825780
"2026-09-11","WI200","비철금속",52,"016100","리더스코스메틱",17053,0.1,98.78,1,13752643,"G15","소재",17825780
"2026-09-11","WI200","비철금속",53,"002870","신풍",16735,0.09,98.87,1,15381828,"G15","소재",17825780
"2026-09-11","WI200","비철금속",54,"009730","이렘",16481,0.09,98.96,1,6539912,"G15","소재",17825780
"2026-09-11","WI200","비철금속",55,"008870","금비",15893,0.09,99.05,1,390000,"G15","소재",17825780
"2026-09-11","WI200","비철금속",56,"010040","한국내화",15839,0.09,99.14,1,9856094,"G15","소재",17825780
"2026-09-11","WI200","비철금속",57,"027970","한국제지",15659,0.09,99.23,1,5704521,"G15","소재",17825780
"2026-09-11","WI200","비철금속",58,"079170","한창산업",14071,0.08,99.31,1,2288000,"G15","소재",17825780
"2026-09-11","WI200","비철금속",59,"075970","동국알앤에스",13923,0.08,99.39,1,8648000,"G15","소재",17825780
"2026-09-11","WI200","비철금속",60,"014970","삼륭물산",13847,0.08,99.46,1,2965000,"G15","소재",17825780
"2026-09-11","WI200","비철금속",61,"001560","제일연마",12298,0.07,99.53,1,1368000,"G15","소재",17825780
"2026-09-11","WI200","비철금속",62,"037230","한국팩키지",12157,0.07,99.6,1,8344091,"G15","소재",17825780
"2026-09-11","WI200","비철금속",63,"009620","삼보산업",12009,0.07,99.67,1,13803707,"G15","소재",17825780
"2026-09-11","WI200","비철금속",64,"263920","휴엠앤씨",11668,0.07,99.73,1,3629339,"G15","소재",17825780
"2026-09-11","WI200","비철금속",65,"001020","페이퍼코리아",10366,0.06,99.79,1,4627566,"G15","소재",17825780
"2026-09-11","WI200","비철금속",66,"001810","무림SP",10265,0.06,99.85,1,8633625,"G15","소재",17825780
"2026-09-11","WI200","비철금속",67,"005820","원림",9436,0.05,99.9,1,666411,"G15","소재",17825780
"2026-09-11","WI200","비철금속",68,"049830","승일",8956,0.05,99.95,1,1410385,"G15","소재",17825780
"2026-09-11","WI200","비철금속",69,"054410","케이피티유",8592,0.05,100,1,2519635,"G15","소재",17825780
"2026-09-11","WI210","철강",1,"005490","POSCO홀딩스",21438002,76.14,76.14,1,64185636,"G15","소재",28154394
"2026-09-11","WI210","철강",2,"004020","현대제철",2824780,10.03,86.18,1,84070844,"G15","소재",28154394
"2026-09-11","WI210","철강",3,"001430","세아베스틸지주",535135,1.9,88.08,1,12910362,"G15","소재",28154394
"2026-09-11","WI210","철강",4,"460860","동국제강",337890,1.2,89.28,1,32741291,"G15","소재",28154394
"2026-09-11","WI210","철강",5,"009520","포스코엠텍",262815,0.93,90.21,1,20404924,"G15","소재",28154394
"2026-09-11","WI210","철강",6,"016380","KG스틸",218029,0.77,90.99,1,39003469,"G15","소재",28154394
"2026-09-11","WI210","철강",7,"002710","TCC스틸",207245,0.74,91.72,1,17563176,"G15","소재",28154394
"2026-09-11","WI210","철강",8,"306200","세아제강",166587,0.59,92.31,1,1106157,"G15","소재",28154394
"2026-09-11","WI210","철강",9,"002240","고려제강",148867,0.53,92.84,1,8640000,"G15","소재",28154394
"2026-09-11","WI210","철강",10,"003030","세아제강지주",146378,0.52,93.36,1,1366746,"G15","소재",28154394
"2026-09-11","WI210","철강",11,"092790","넥스틸",138346,0.49,93.85,1,9620740,"G15","소재",28154394
"2026-09-11","WI210","철강",12,"058650","세아홀딩스",130551,0.46,94.32,1,975714,"G15","소재",28154394
"2026-09-11","WI210","철강",13,"005010","휴스틸",114624,0.41,94.73,1,28655918,"G15","소재",28154394
"2026-09-11","WI210","철강",14,"001230","동국홀딩스",112937,0.4,95.13,1,54427700,"G15","소재",28154394
"2026-09-11","WI210","철강",15,"001940","KISCO홀딩스",109513,0.39,95.52,1,4252914,"G15","소재",28154394
"2026-09-11","WI210","철강",16,"460850","동국씨엠",103007,0.37,95.88,1,19733112,"G15","소재",28154394
"2026-09-11","WI210","철강",17,"084010","대한제강",93659,0.33,96.21,1,10655194,"G15","소재",28154394
"2026-09-11","WI210","철강",18,"008970","KBI동양철관",89385,0.32,96.53,1,75749842,"G15","소재",28154394
"2026-09-11","WI210","철강",19,"001080","만호제강",75848,0.27,96.8,1,18962078,"G15","소재",28154394
"2026-09-11","WI210","철강",20,"104700","한국철강",72794,0.26,97.06,1,7654500,"G15","소재",28154394
"2026-09-11","WI210","철강",21,"000970","한국주철관",69852,0.25,97.31,1,10488230,"G15","소재",28154394
"2026-09-11","WI210","철강",22,"005160","동국산업",62001,0.22,97.53,1,24410016,"G15","소재",28154394
"2026-09-11","WI210","철강",23,"053260","금강철강",48618,0.17,97.7,1,6177600,"G15","소재",28154394
"2026-09-11","WI210","철강",24,"009190","대양금속",42337,0.15,97.85,1,33869431,"G15","소재",28154394
"2026-09-11","WI210","철강",25,"004890","동일산업",38255,0.14,97.99,1,1067094,"G15","소재",28154394
"2026-09-11","WI210","철강",26,"069730","DSR제강",37397,0.13,98.12,1,7056000,"G15","소재",28154394
"2026-09-11","WI210","철강",27,"002220","한일철강",34013,0.12,98.24,1,10678984,"G15","소재",28154394
"2026-09-11","WI210","철강",28,"007280","한국특강",31692,0.11,98.35,1,13177408,"G15","소재",28154394
"2026-09-11","WI210","철강",29,"071090","하이스틸",30985,0.11,98.46,1,9489991,"G15","소재",28154394
"2026-09-11","WI210","철강",30,"025550","한국선재",30505,0.11,98.57,1,14287842,"G15","소재",28154394
"2026-09-11","WI210","철강",31,"139990","아주스틸",30276,0.11,98.68,1,13951949,"G15","소재",28154394
"2026-09-11","WI210","철강",32,"017480","삼현철강",30052,0.11,98.79,1,6177156,"G15","소재",28154394
"2026-09-11","WI210","철강",33,"162300","신스틸",30029,0.11,98.89,1,10782559,"G15","소재",28154394
"2026-09-11","WI210","철강",34,"039240","경남스틸",28074,0.1,98.99,1,14568986,"G15","소재",28154394
"2026-09-11","WI210","철강",35,"037760","쎄니트",26628,0.09,99.09,1,11164863,"G15","소재",28154394
"2026-09-11","WI210","철강",36,"120030","조선선재",26348,0.09,99.18,1,314412,"G15","소재",28154394
"2026-09-11","WI210","철강",37,"133820","화인베스틸",26275,0.09,99.27,1,25609006,"G15","소재",28154394
"2026-09-11","WI210","철강",38,"008420","문배철강",24524,0.09,99.36,1,11071892,"G15","소재",28154394
"2026-09-11","WI210","철강",39,"026940","부국철강",21197,0.08,99.44,1,9400000,"G15","소재",28154394
"2026-09-11","WI210","철강",40,"012620","원일특강",16964,0.06,99.5,1,2420000,"G15","소재",28154394
"2026-09-11","WI210","철강",41,"048470","대동스틸",16704,0.06,99.56,1,5790000,"G15","소재",28154394
"2026-09-11","WI210","철강",42,"026910","광진실업",15930,0.06,99.61,1,4519145,"G15","소재",28154394
"2026-09-11","WI210","철강",43,"140520","대창스틸",14717,0.05,99.66,1,7388235,"G15","소재",28154394
"2026-09-11","WI210","철강",44,"023790","동일스틸럭스",14309,0.05,99.71,1,8887469,"G15","소재",28154394
"2026-09-11","WI210","철강",45,"012160","영흥",14186,0.05,99.77,1,6404488,"G15","소재",28154394
"2026-09-11","WI210","철강",46,"025890","한국주강",12357,0.04,99.81,1,4680738,"G15","소재",28154394
"2026-09-11","WI210","철강",47,"000590","CS홀딩스",12284,0.04,99.85,1,184717,"G15","소재",28154394
"2026-09-11","WI210","철강",48,"263770","유에스티",10883,0.04,99.89,1,6636048,"G15","소재",28154394
"2026-09-11","WI210","철강",49,"060380","동양에스텍",10716,0.04,99.93,1,8471000,"G15","소재",28154394
"2026-09-11","WI210","철강",50,"002690","동일제강",10692,0.04,99.97,1,7308129,"G15","소재",28154394
"2026-09-11","WI210","철강",51,"021040","대호특수강",9201,0.03,100,1,9767148,"G15","소재",28154394
"2026-09-11","WI220","건설",1,"000720","현대건설",9764230,25.43,25.43,1,72381247,"G20","산업재",38397855
"2026-09-11","WI220","건설",2,"028050","삼성E&A",7696920,20.05,45.47,1,150920000,"G20","산업재",38397855
"2026-09-11","WI220","건설",3,"047040","대우건설",3923017,10.22,55.69,1,197235666,"G20","산업재",38397855
"2026-09-11","WI220","건설",4,"006360","GS건설",2438217,6.35,62.04,1,63330302,"G20","산업재",38397855
"2026-09-11","WI220","건설",5,"375500","DL이앤씨",2357138,6.14,68.18,1,27472472,"G20","산업재",38397855
"2026-09-11","WI220","건설",6,"002380","KCC",1960770,5.11,73.29,1,4038661,"G20","산업재",38397855
"2026-09-11","WI220","건설",7,"294870","IPARK현대산업개발",884410,2.3,75.59,1,35589958,"G20","산업재",38397855
"2026-09-11","WI220","건설",8,"097230","HJ중공업",736349,1.92,77.51,1,46050625,"G20","산업재",38397855
"2026-09-11","WI220","건설",9,"012630","HDC",696857,1.81,79.32,1,24494105,"G20","산업재",38397855
"2026-09-11","WI220","건설",10,"060370","LS마린솔루션",556814,1.45,80.77,1,17238821,"G20","산업재",38397855
"2026-09-11","WI220","건설",11,"300720","한일시멘트",354047,0.92,81.69,1,21328110,"G20","산업재",38397855
"2026-09-11","WI220","건설",12,"009240","한샘",324121,0.84,82.54,1,8236874,"G20","산업재",38397855
"2026-09-11","WI220","건설",13,"038500","삼표시멘트",265528,0.69,83.23,1,37770707,"G20","산업재",38397855
"2026-09-11","WI220","건설",14,"002990","금호건설",263085,0.69,83.91,1,17884787,"G20","산업재",38397855
"2026-09-11","WI220","건설",15,"344820","KCC글라스",224394,0.58,84.5,1,9103191,"G20","산업재",38397855
"2026-09-11","WI220","건설",16,"010780","아이에스동서",206254,0.54,85.04,1,13078853,"G20","산업재",38397855
"2026-09-11","WI220","건설",17,"108670","LX하우시스",203898,0.53,85.57,1,5918662,"G20","산업재",38397855
"2026-09-11","WI220","건설",18,"053690","한미글로벌",188377,0.49,86.06,1,7999011,"G20","산업재",38397855
"2026-09-11","WI220","건설",19,"317400","자이에스앤디",184550,0.48,86.54,1,16288658,"G20","산업재",38397855
"2026-09-11","WI220","건설",20,"003300","한일홀딩스",172326,0.45,86.99,1,9557747,"G20","산업재",38397855
"2026-09-11","WI220","건설",21,"002030","아세아",163802,0.43,87.41,1,741186,"G20","산업재",38397855
"2026-09-11","WI220","건설",22,"009410","태영건설",141570,0.37,87.78,1,83325221,"G20","산업재",38397855
"2026-09-11","WI220","건설",23,"023410","유진기업",135831,0.35,88.14,1,40974757,"G20","산업재",38397855
"2026-09-11","WI220","건설",24,"004980","성신양회",131786,0.34,88.48,1,15935447,"G20","산업재",38397855
"2026-09-11","WI220","건설",25,"000390","SP삼화",128441,0.33,88.81,1,19314462,"G20","산업재",38397855
"2026-09-11","WI220","건설",26,"183190","아세아시멘트",127158,0.33,89.15,1,11872829,"G20","산업재",38397855
"2026-09-11","WI220","건설",27,"255220","SG",125186,0.33,89.47,1,103888678,"G20","산업재",38397855
"2026-09-11","WI220","건설",28,"036190","금화피에스시",123015,0.32,89.79,1,3540000,"G20","산업재",38397855
"2026-09-11","WI220","건설",29,"013580","계룡건설",122979,0.32,90.11,1,5358544,"G20","산업재",38397855
"2026-09-11","WI220","건설",30,"002150","도화엔지니어링",122903,0.32,90.43,1,22929600,"G20","산업재",38397855
"2026-09-11","WI220","건설",31,"094820","일진파워",120437,0.31,90.75,1,9650373,"G20","산업재",38397855
"2026-09-11","WI220","건설",32,"035890","서희건설",118325,0.31,91.05,1,49821248,"G20","산업재",38397855
"2026-09-11","WI220","건설",33,"011560","세보엠이씨",113994,0.3,91.35,1,4739889,"G20","산업재",38397855
"2026-09-11","WI220","건설",34,"013890","지누스",94790,0.25,91.6,1,12278455,"G20","산업재",38397855
"2026-09-11","WI220","건설",35,"418550","제이오",88695,0.23,91.83,1,18250073,"G20","산업재",38397855
"2026-09-11","WI220","건설",36,"004960","한신공영",88422,0.23,92.06,1,7289542,"G20","산업재",38397855
"2026-09-11","WI220","건설",37,"005960","동부건설",81305,0.21,92.27,1,9867065,"G20","산업재",38397855
"2026-09-11","WI220","건설",38,"000860","강남제비스코",80517,0.21,92.48,1,6370000,"G20","산업재",38397855
"2026-09-11","WI220","건설",39,"016800","퍼시스",78919,0.21,92.69,1,2875000,"G20","산업재",38397855
"2026-09-11","WI220","건설",40,"090350","노루페인트",77184,0.2,92.89,1,9600000,"G20","산업재",38397855
"2026-09-11","WI220","건설",41,"025900","동화기업",76443,0.2,93.09,1,10617029,"G20","산업재",38397855
"2026-09-11","WI220","건설",42,"066620","국보디자인",75173,0.2,93.28,1,2925000,"G20","산업재",38397855
"2026-09-11","WI220","건설",43,"000320","노루홀딩스",73116,0.19,93.47,1,4386079,"G20","산업재",38397855
"2026-09-11","WI220","건설",44,"028100","동아지질",72760,0.19,93.66,1,4039962,"G20","산업재",38397855
"2026-09-11","WI220","건설",45,"002460","HS화성",70352,0.18,93.84,1,6496000,"G20","산업재",38397855
"2026-09-11","WI220","건설",46,"014280","금강공업",70339,0.18,94.03,1,15544559,"G20","산업재",38397855
"2026-09-11","WI220","건설",47,"011370","서한",69592,0.18,94.21,1,17959285,"G20","산업재",38397855
"2026-09-11","WI220","건설",48,"037350","성도이엔지",69123,0.18,94.39,1,9430200,"G20","산업재",38397855
"2026-09-11","WI220","건설",49,"079430","현대리바트",67644,0.18,94.57,1,11465095,"G20","산업재",38397855
"2026-09-11","WI220","건설",50,"013120","동원개발",66689,0.17,94.74,1,30874754,"G20","산업재",38397855
"2026-09-11","WI220","건설",51,"018310","삼목에스폼",63857,0.17,94.91,1,4410000,"G20","산업재",38397855
"2026-09-11","WI220","건설",52,"475230","엔알비",62087,0.16,95.07,1,5558328,"G20","산업재",38397855
"2026-09-11","WI220","건설",53,"109610","에스와이",59402,0.15,95.22,1,30322588,"G20","산업재",38397855
"2026-09-11","WI220","건설",54,"001520","동양",58566,0.15,95.37,1,54632236,"G20","산업재",38397855
"2026-09-11","WI220","건설",55,"002780","진흥기업",53417,0.14,95.51,1,7419058,"G20","산업재",38397855
"2026-09-11","WI220","건설",56,"039570","HDC랩스",51157,0.13,95.65,1,6748976,"G20","산업재",38397855
"2026-09-11","WI220","건설",57,"026150","특수건설",49890,0.13,95.78,1,12808821,"G20","산업재",38397855
"2026-09-11","WI220","건설",58,"007210","벽산",49294,0.13,95.9,1,34640800,"G20","산업재",38397855
"2026-09-11","WI220","건설",59,"014790","HL D&I",48849,0.13,96.03,1,19307886,"G20","산업재",38397855
"2026-09-11","WI220","건설",60,"066980","한성크린텍",47683,0.12,96.16,1,31725009,"G20","산업재",38397855
"2026-09-11","WI220","건설",61,"003800","에이스침대",47144,0.12,96.28,1,1441700,"G20","산업재",38397855
"2026-09-11","WI220","건설",62,"365330","에스와이스틸텍",46271,0.12,96.4,1,28597469,"G20","산업재",38397855
"2026-09-11","WI220","건설",63,"013700","까뮤이앤씨",46203,0.12,96.52,1,27485381,"G20","산업재",38397855
"2026-09-11","WI220","건설",64,"079650","서산",45824,0.12,96.64,1,6400000,"G20","산업재",38397855
"2026-09-11","WI220","건설",65,"010960","삼호개발",42483,0.11,96.75,1,13748399,"G20","산업재",38397855
"2026-09-11","WI220","건설",66,"037440","희림",42302,0.11,96.86,1,10024182,"G20","산업재",38397855
"2026-09-11","WI220","건설",67,"058730","다스코",41622,0.11,96.97,1,12555775,"G20","산업재",38397855
"2026-09-11","WI220","건설",68,"008260","NI스틸",39517,0.1,97.07,1,11726047,"G20","산업재",38397855
"2026-09-11","WI220","건설",69,"198440","강동씨앤엘",39194,0.1,97.17,1,18888887,"G20","산업재",38397855
"2026-09-11","WI220","건설",70,"005750","대림바스",37955,0.1,97.27,1,8296120,"G20","산업재",38397855
"2026-09-11","WI220","건설",71,"003070","코오롱글로벌",37668,0.1,97.37,1,4067833,"G20","산업재",38397855
"2026-09-11","WI220","건설",72,"091590","남화토건",34516,0.09,97.46,1,4930800,"G20","산업재",38397855
"2026-09-11","WI220","건설",73,"023960","에쓰씨엔지니어링",34019,0.09,97.55,1,32710936,"G20","산업재",38397855
"2026-09-11","WI220","건설",74,"046940","우원개발",34011,0.09,97.64,1,11748327,"G20","산업재",38397855
"2026-09-11","WI220","건설",75,"021320","KCC건설",33455,0.09,97.72,1,5778000,"G20","산업재",38397855
"2026-09-11","WI220","건설",76,"042940","상지건설",32800,0.09,97.81,1,5531256,"G20","산업재",38397855
"2026-09-11","WI220","건설",77,"171120","라이온켐텍",30953,0.08,97.89,1,15437756,"G20","산업재",38397855
"2026-09-11","WI220","건설",78,"228340","동양파일",30760,0.08,97.97,1,8000000,"G20","산업재",38397855
"2026-09-11","WI220","건설",79,"001260","남광토건",28807,0.08,98.05,1,3736377,"G20","산업재",38397855
"2026-09-11","WI220","건설",80,"039020","이건홀딩스",28348,0.07,98.12,1,10840660,"G20","산업재",38397855
"2026-09-11","WI220","건설",81,"025950","동신건설",28164,0.07,98.19,1,2772000,"G20","산업재",38397855
"2026-09-11","WI220","건설",82,"000910","유니온",28093,0.07,98.27,1,9523087,"G20","산업재",38397855
"2026-09-11","WI220","건설",83,"013360","일성건설",28065,0.07,98.34,1,19448956,"G20","산업재",38397855
"2026-09-11","WI220","건설",84,"004440","삼일씨엔에스",27539,0.07,98.41,1,5347417,"G20","산업재",38397855
"2026-09-11","WI220","건설",85,"054930","유신",27077,0.07,98.48,1,1470000,"G20","산업재",38397855
"2026-09-11","WI220","건설",86,"011390","부산산업",25800,0.07,98.55,1,506880,"G20","산업재",38397855
"2026-09-11","WI220","건설",87,"065950","웰크론",24858,0.06,98.61,1,21173476,"G20","산업재",38397855
"2026-09-11","WI220","건설",88,"002290","삼일기업공사",24692,0.06,98.68,1,7316000,"G20","산업재",38397855
"2026-09-11","WI220","건설",89,"071950","코아스",24602,0.06,98.74,1,11856539,"G20","산업재",38397855
"2026-09-11","WI220","건설",90,"225530","HC보광산업",24420,0.06,98.81,1,11628392,"G20","산업재",38397855
"2026-09-11","WI220","건설",91,"186230","그린플러스",24361,0.06,98.87,1,7207324,"G20","산업재",38397855
"2026-09-11","WI220","건설",92,"060560","HC홈센타",23641,0.06,98.93,1,12186240,"G20","산업재",38397855
"2026-09-11","WI220","건설",93,"090410","덕신이피씨",22990,0.06,98.99,1,6359605,"G20","산업재",38397855
"2026-09-11","WI220","건설",94,"025750","한솔홈데코",22802,0.06,99.05,1,12245902,"G20","산업재",38397855
"2026-09-11","WI220","건설",95,"017000","신원종합개발",22356,0.06,99.11,1,9334421,"G20","산업재",38397855
"2026-09-11","WI220","건설",96,"006920","모헨즈",22241,0.06,99.17,1,6770400,"G20","산업재",38397855
"2026-09-11","WI220","건설",97,"206400","베노티앤알",21949,0.06,99.22,1,31133431,"G20","산업재",38397855
"2026-09-11","WI220","건설",98,"016250","SGC E&C",21687,0.06,99.28,1,1813314,"G20","산업재",38397855
"2026-09-11","WI220","건설",99,"008250","이건산업",21255,0.06,99.33,1,6790633,"G20","산업재",38397855
"2026-09-11","WI220","건설",100,"446070","유니드비티플러스",19992,0.05,99.39,1,5093383,"G20","산업재",38397855
"2026-09-11","WI220","건설",101,"069140","누리플랜",19951,0.05,99.44,1,11170894,"G20","산업재",38397855
"2026-09-11","WI220","건설",102,"004910","조광페인트",18552,0.05,99.49,1,5248000,"G20","산업재",38397855
"2026-09-11","WI220","건설",103,"023350","한국종합기술",18227,0.05,99.53,1,4489500,"G20","산업재",38397855
"2026-09-11","WI220","건설",104,"309930","조이웍스앤코",17423,0.05,99.58,1,16752623,"G20","산업재",38397855
"2026-09-11","WI220","건설",105,"076080","웰크론한텍",15684,0.04,99.62,1,13782435,"G20","산업재",38397855
"2026-09-11","WI220","건설",106,"006050","국영지앤엠",15292,0.04,99.66,1,2896304,"G20","산업재",38397855
"2026-09-11","WI220","건설",107,"052300","오션인더블유",14694,0.04,99.7,1,10071359,"G20","산업재",38397855
"2026-09-11","WI220","건설",108,"035200","프럼파스트",13640,0.04,99.73,1,4794390,"G20","산업재",38397855
"2026-09-11","WI220","건설",109,"004870","티웨이홀딩스",13146,0.03,99.77,1,11769002,"G20","산업재",38397855
"2026-09-11","WI220","건설",110,"085810","알티캐스트",12203,0.03,99.8,1,8340802,"G20","산업재",38397855
"2026-09-11","WI220","건설",111,"415380","스튜디오삼익",11778,0.03,99.83,1,5378198,"G20","산업재",38397855
"2026-09-11","WI220","건설",112,"010400","우진아이엔에스",11271,0.03,99.86,1,2667700,"G20","산업재",38397855
"2026-09-11","WI220","건설",113,"007680","대원",10942,0.03,99.89,1,3305684,"G20","산업재",38397855
"2026-09-11","WI220","건설",114,"192390","윈하이텍",10725,0.03,99.92,1,5863950,"G20","산업재",38397855
"2026-09-11","WI220","건설",115,"056730","CNT85",9362,0.02,99.94,1,7262896,"G20","산업재",38397855
"2026-09-11","WI220","건설",116,"134790","시디즈",8837,0.02,99.96,1,460000,"G20","산업재",38397855
"2026-09-11","WI220","건설",117,"006570","대림통상",8201,0.02,99.99,1,4110750,"G20","산업재",38397855
"2026-09-11","WI220","건설",118,"079000","와토스코리아",5499,0.01,100,1,1368000,"G20","산업재",38397855
"2026-09-11","WI230","기계",1,"034020","두산에너빌리티",38969178,28.28,28.28,1,429175967,"G20","산업재",137794129
"2026-09-11","WI230","기계",2,"267260","HD현대일렉트릭",16425598,11.92,40.2,1,21988752,"G20","산업재",137794129
"2026-09-11","WI230","기계",3,"010120","LS ELECTRIC",15951000,11.58,51.78,1,78000000,"G20","산업재",137794129
"2026-09-11","WI230","기계",4,"298040","효성중공업",14902863,10.82,62.59,1,5221746,"G20","산업재",137794129
"2026-09-11","WI230","기계",5,"006260","LS",5382936,3.91,66.5,1,16848000,"G20","산업재",137794129
"2026-09-11","WI230","기계",6,"277810","레인보우로보틱스",4567502,3.31,69.81,1,10475923,"G20","산업재",137794129
"2026-09-11","WI230","기계",7,"267270","HD건설기계",4233900,3.07,72.89,1,29711576,"G20","산업재",137794129
"2026-09-11","WI230","기계",8,"108490","로보티즈",3463692,2.51,75.4,1,10706930,"G20","산업재",137794129
"2026-09-11","WI230","기계",9,"001440","대한전선",3411251,2.48,77.88,1,115635631,"G20","산업재",137794129
"2026-09-11","WI230","기계",10,"062040","산일전기",3286262,2.38,80.26,1,16547139,"G20","산업재",137794129
"2026-09-11","WI230","기계",11,"241560","두산밥캣",3188556,2.31,82.57,1,51762275,"G20","산업재",137794129
"2026-09-11","WI230","기계",12,"454910","두산로보틱스",2317314,1.68,84.26,1,32409990,"G20","산업재",137794129
"2026-09-11","WI230","기계",13,"017800","현대엘리베이터",1975104,1.43,85.69,1,26582821,"G20","산업재",137794129
"2026-09-11","WI230","기계",14,"103590","일진전기",1828258,1.33,87.02,1,25750110,"G20","산업재",137794129
"2026-09-11","WI230","기계",15,"178320","서진시스템",1640243,1.19,88.21,1,45880912,"G20","산업재",137794129
"2026-09-11","WI230","기계",16,"000500","가온전선",1361432,0.99,89.19,1,5359969,"G20","산업재",137794129
"2026-09-11","WI230","기계",17,"319400","현대무벡스",1085081,0.79,89.98,1,50119217,"G20","산업재",137794129
"2026-09-11","WI230","기계",18,"090710","휴림로봇",733853,0.53,90.51,1,118363438,"G20","산업재",137794129
"2026-09-11","WI230","기계",19,"006340","대원전선",724000,0.53,91.04,1,54890091,"G20","산업재",137794129
"2026-09-11","WI230","기계",20,"014620","성광벤드",582987,0.42,91.46,1,16996712,"G20","산업재",137794129
"2026-09-11","WI230","기계",21,"119850","지엔씨에너지",532681,0.39,91.85,1,10527301,"G20","산업재",137794129
"2026-09-11","WI230","기계",22,"466100","클로봇",528195,0.38,92.23,1,22286692,"G20","산업재",137794129
"2026-09-11","WI230","기계",23,"090360","로보스타",509535,0.37,92.6,1,6532500,"G20","산업재",137794129
"2026-09-11","WI230","기계",24,"229640","LS에코에너지",476768,0.35,92.95,1,9799961,"G20","산업재",137794129
"2026-09-11","WI230","기계",25,"033100","제룡전기",473078,0.34,93.29,1,10119317,"G20","산업재",137794129
"2026-09-11","WI230","기계",26,"388720","유일로보틱스",396595,0.29,93.58,1,5772859,"G20","산업재",137794129
"2026-09-11","WI230","기계",27,"023160","태광",380662,0.28,93.86,1,13450965,"G20","산업재",137794129
"2026-09-11","WI230","기계",28,"348340","뉴로메카",360635,0.26,94.12,1,18960823,"G20","산업재",137794129
"2026-09-11","WI230","기계",29,"019210","와이지-원",319606,0.23,94.35,1,24175923,"G20","산업재",137794129
"2026-09-11","WI230","기계",30,"056190","SFA",319301,0.23,94.58,1,12927153,"G20","산업재",137794129
"2026-09-11","WI230","기계",31,"126340","비나텍",316570,0.23,94.81,1,4739073,"G20","산업재",137794129
"2026-09-11","WI230","기계",32,"006910","보성파워텍",316126,0.23,95.04,1,41760350,"G20","산업재",137794129
"2026-09-11","WI230","기계",33,"013030","하이록코리아",243954,0.18,95.22,1,7060886,"G20","산업재",137794129
"2026-09-11","WI230","기계",34,"117730","티로보틱스",241209,0.18,95.39,1,18497595,"G20","산업재",137794129
"2026-09-11","WI230","기계",35,"107640","한중엔시에스",237175,0.17,95.57,1,5620266,"G20","산업재",137794129
"2026-09-11","WI230","기계",36,"056080","유진로봇",229134,0.17,95.73,1,18735388,"G20","산업재",137794129
"2026-09-11","WI230","기계",37,"099440","스맥",219170,0.16,95.89,1,50500111,"G20","산업재",137794129
"2026-09-11","WI230","기계",38,"105840","우진",218862,0.16,96.05,1,14138369,"G20","산업재",137794129
"2026-09-11","WI230","기계",39,"002900","TYM",192634,0.14,96.19,1,27324000,"G20","산업재",137794129
"2026-09-11","WI230","기계",40,"079900","전진건설로봇",161933,0.12,96.31,1,3939987,"G20","산업재",137794129
"2026-09-11","WI230","기계",41,"024840","KBI메탈",154887,0.11,96.42,1,29005128,"G20","산업재",137794129
"2026-09-11","WI230","기계",42,"389500","에스비비테크",153257,0.11,96.53,1,3798179,"G20","산업재",137794129
"2026-09-11","WI230","기계",43,"000490","대동",151961,0.11,96.64,1,18737462,"G20","산업재",137794129
"2026-09-11","WI230","기계",44,"036890","진성티이씨",148068,0.11,96.75,1,11677290,"G20","산업재",137794129
"2026-09-11","WI230","기계",45,"475400","씨메스로보틱스",142100,0.1,96.85,1,7202205,"G20","산업재",137794129
"2026-09-11","WI230","기계",46,"388050","지투파워",135110,0.1,96.95,1,12161134,"G20","산업재",137794129
"2026-09-11","WI230","기계",47,"159010","아스플로",133887,0.1,97.05,1,5733937,"G20","산업재",137794129
"2026-09-11","WI230","기계",48,"049430","코메론",131449,0.1,97.14,1,5790720,"G20","산업재",137794129
"2026-09-11","WI230","기계",49,"015860","일진홀딩스",124889,0.09,97.23,1,18258568,"G20","산업재",137794129
"2026-09-11","WI230","기계",50,"459510","나우로보틱스",111012,0.08,97.31,1,6229623,"G20","산업재",137794129
"2026-09-11","WI230","기계",51,"199430","케이엔알시스템",109373,0.08,97.39,1,6158373,"G20","산업재",137794129
"2026-09-11","WI230","기계",52,"125020","티씨머티리얼즈",105932,0.08,97.47,1,17168889,"G20","산업재",137794129
"2026-09-11","WI230","기계",53,"474650","링크솔루션",104572,0.08,97.55,1,4084830,"G20","산업재",137794129
"2026-09-11","WI230","기계",54,"140670","알에스오토메이션",103232,0.07,97.62,1,10271872,"G20","산업재",137794129
"2026-09-11","WI230","기계",55,"160190","하이젠알앤엠",96602,0.07,97.69,1,4633200,"G20","산업재",137794129
"2026-09-11","WI230","기계",56,"282880","코윈테크",91214,0.07,97.76,1,9121383,"G20","산업재",137794129
"2026-09-11","WI230","기계",57,"138360","앤로보틱스",88467,0.06,97.82,1,52784360,"G20","산업재",137794129
"2026-09-11","WI230","기계",58,"015230","대창단조",80861,0.06,97.88,1,12214629,"G20","산업재",137794129
"2026-09-11","WI230","기계",59,"452280","한선엔지니어링",78334,0.06,97.94,1,7314114,"G20","산업재",137794129
"2026-09-11","WI230","기계",60,"015590","DKME",77426,0.06,97.99,1,41649120,"G20","산업재",137794129
"2026-09-11","WI230","기계",61,"210540","디와이파워",75976,0.06,98.05,1,6735441,"G20","산업재",137794129
"2026-09-11","WI230","기계",62,"147830","제룡산업",70278,0.05,98.1,1,10200000,"G20","산업재",137794129
"2026-09-11","WI230","기계",63,"017510","세명전기",69843,0.05,98.15,1,9300060,"G20","산업재",137794129
"2026-09-11","WI230","기계",64,"095190","신화프리텍",68706,0.05,98.2,1,37198463,"G20","산업재",137794129
"2026-09-11","WI230","기계",65,"011700","한신기계",67798,0.05,98.25,1,25632459,"G20","산업재",137794129
"2026-09-11","WI230","기계",66,"294630","서남",67523,0.05,98.3,1,21994318,"G20","산업재",137794129
"2026-09-11","WI230","기계",67,"003010","혜인",67276,0.05,98.35,1,7119138,"G20","산업재",137794129
"2026-09-11","WI230","기계",68,"086670","비엠티",67178,0.05,98.39,1,3970354,"G20","산업재",137794129
"2026-09-11","WI230","기계",69,"108230","톱텍",66704,0.05,98.44,1,20152319,"G20","산업재",137794129
"2026-09-11","WI230","기계",70,"199820","제일일렉트릭",64560,0.05,98.49,1,8665800,"G20","산업재",137794129
"2026-09-11","WI230","기계",71,"484810","티엑스알로보틱스",64325,0.05,98.54,1,4944292,"G20","산업재",137794129
"2026-09-11","WI230","기계",72,"439960","코스모로보틱스",62357,0.05,98.58,1,5192100,"G20","산업재",137794129
"2026-09-11","WI230","기계",73,"041440","현대에버다임",62161,0.05,98.63,1,9277690,"G20","산업재",137794129
"2026-09-11","WI230","기계",74,"007820","엠엑스로보틱스",61549,0.04,98.67,1,17026095,"G20","산업재",137794129
"2026-09-11","WI230","기계",75,"008830","대동기어",57699,0.04,98.71,1,9015500,"G20","산업재",137794129
"2026-09-11","WI230","기계",76,"036560","KZ정밀",57409,0.04,98.76,1,4725000,"G20","산업재",137794129
"2026-09-11","WI230","기계",77,"012210","삼미금속",56661,0.04,98.8,1,4610315,"G20","산업재",137794129
"2026-09-11","WI230","기계",78,"053080","케이엔솔",55847,0.04,98.84,1,6239907,"G20","산업재",137794129
"2026-09-11","WI230","기계",79,"017550","수산세보틱스",54931,0.04,98.88,1,29327591,"G20","산업재",137794129
"2026-09-11","WI230","기계",80,"297090","씨에스베어링",53716,0.04,98.92,1,11453400,"G20","산업재",137794129
"2026-09-11","WI230","기계",81,"105740","디케이락",52884,0.04,98.95,1,6711218,"G20","산업재",137794129
"2026-09-11","WI230","기계",82,"060310","3S",51968,0.04,98.99,1,44569593,"G20","산업재",137794129
"2026-09-11","WI230","기계",83,"153890","져스텍",51775,0.04,99.03,1,5061128,"G20","산업재",137794129
"2026-09-11","WI230","기계",84,"007610","선도전기",50301,0.04,99.07,1,12419999,"G20","산업재",137794129
"2026-09-11","WI230","기계",85,"059270","해성에어로보틱스",50123,0.04,99.1,1,9602157,"G20","산업재",137794129
"2026-09-11","WI230","기계",86,"101170","우림피티에스",49896,0.04,99.14,1,5940000,"G20","산업재",137794129
"2026-09-11","WI230","기계",87,"004380","삼익THK",49347,0.04,99.17,1,6417000,"G20","산업재",137794129
"2026-09-11","WI230","기계",88,"038460","바이오스마트",48224,0.03,99.21,1,18197670,"G20","산업재",137794129
"2026-09-11","WI230","기계",89,"019990","에너토크",46985,0.03,99.24,1,8390235,"G20","산업재",137794129
"2026-09-11","WI230","기계",90,"024880","케이피에프",46772,0.03,99.28,1,12164390,"G20","산업재",137794129
"2026-09-11","WI230","기계",91,"381620","제닉스로보틱스",46752,0.03,99.31,1,7870752,"G20","산업재",137794129
"2026-09-11","WI230","기계",92,"067170","오텍",41933,0.03,99.34,1,16476507,"G20","산업재",137794129
"2026-09-11","WI230","기계",93,"413630","씨피시스템",41713,0.03,99.37,1,9837883,"G20","산업재",137794129
"2026-09-11","WI230","기계",94,"000850","화천기공",40616,0.03,99.4,1,1122000,"G20","산업재",137794129
"2026-09-11","WI230","기계",95,"129920","대성하이텍",39231,0.03,99.43,1,7799374,"G20","산업재",137794129
"2026-09-11","WI230","기계",96,"010660","화천기계",38357,0.03,99.46,1,12100000,"G20","산업재",137794129
"2026-09-11","WI230","기계",97,"074610","이엔플러스",37645,0.03,99.48,1,7366915,"G20","산업재",137794129
"2026-09-11","WI230","기계",98,"317850","대모",35497,0.03,99.51,1,5743849,"G20","산업재",137794129
"2026-09-11","WI230","기계",99,"039610","화성밸브",33988,0.02,99.54,1,5517512,"G20","산업재",137794129
"2026-09-11","WI230","기계",100,"071670","에이테크솔루션",32760,0.02,99.56,1,6500000,"G20","산업재",137794129
"2026-09-11","WI230","기계",101,"104460","디와이피엔에프",31232,0.02,99.58,1,4417602,"G20","산업재",137794129
"2026-09-11","WI230","기계",102,"048770","TPC로보틱스",30840,0.02,99.6,1,7378055,"G20","산업재",137794129
"2026-09-11","WI230","기계",103,"051490","나라엠앤디",29740,0.02,99.63,1,10934000,"G20","산업재",137794129
"2026-09-11","WI230","기계",104,"053160","프리엠스",29549,0.02,99.65,1,2880000,"G20","산업재",137794129
"2026-09-11","WI230","기계",105,"033540","파라텍",28279,0.02,99.67,1,9717817,"G20","산업재",137794129
"2026-09-11","WI230","기계",106,"0004V0","엔비알모션",27981,0.02,99.69,1,4734465,"G20","산업재",137794129
"2026-09-11","WI230","기계",107,"189860","서전기전",27339,0.02,99.71,1,5237341,"G20","산업재",137794129
"2026-09-11","WI230","기계",108,"251630","브이원텍",27264,0.02,99.73,1,7812014,"G20","산업재",137794129
"2026-09-11","WI230","기계",109,"010240","흥국",27232,0.02,99.75,1,5033580,"G20","산업재",137794129
"2026-09-11","WI230","기계",110,"475430","키스트론",26697,0.02,99.77,1,6425319,"G20","산업재",137794129
"2026-09-11","WI230","기계",111,"089140","넥스턴앤롤코리아",26312,0.02,99.79,1,12559311,"G20","산업재",137794129
"2026-09-11","WI230","기계",112,"480370","씨케이솔루션",25468,0.02,99.8,1,14291819,"G20","산업재",137794129
"2026-09-11","WI230","기계",113,"417970","모델솔루션",24401,0.02,99.82,1,2366779,"G20","산업재",137794129
"2026-09-11","WI230","기계",114,"049800","우진플라임",22951,0.02,99.84,1,11800000,"G20","산업재",137794129
"2026-09-11","WI230","기계",115,"109860","동일금속",22703,0.02,99.86,1,3003000,"G20","산업재",137794129
"2026-09-11","WI230","기계",116,"317830","에스피시스템스",21682,0.02,99.87,1,4955956,"G20","산업재",137794129
"2026-09-11","WI230","기계",117,"044780","에이치케이",19792,0.01,99.89,1,14249455,"G20","산업재",137794129
"2026-09-11","WI230","기계",118,"119500","포메탈",19050,0.01,99.9,1,7937645,"G20","산업재",137794129
"2026-09-11","WI230","기계",119,"050860","아세아텍",17595,0.01,99.91,1,10350000,"G20","산업재",137794129
"2026-09-11","WI230","기계",120,"008470","부스타",16457,0.01,99.92,1,9749568,"G20","산업재",137794129
"2026-09-11","WI230","기계",121,"092440","기신정기",16188,0.01,99.94,1,8176000,"G20","산업재",137794129
"2026-09-11","WI230","기계",122,"100660","서암기계공업",15834,0.01,99.95,1,5166000,"G20","산업재",137794129
"2026-09-11","WI230","기계",123,"013810","스페코",15283,0.01,99.96,1,9672610,"G20","산업재",137794129
"2026-09-11","WI230","기계",124,"237750","피앤씨테크",13136,0.01,99.97,1,3897960,"G20","산업재",137794129
"2026-09-11","WI230","기계",125,"138070","신진에스엠",12158,0.01,99.98,1,8051473,"G20","산업재",137794129
"2026-09-11","WI230","기계",126,"479960","위너스일렉",11580,0.01,99.99,1,1852760,"G20","산업재",137794129
"2026-09-11","WI230","기계",127,"101680","한국정밀기계",11376,0.01,99.99,1,3949880,"G20","산업재",137794129
"2026-09-11","WI230","기계",128,"043340","에쎈테크",9280,0.01,100,1,11400000,"G20","산업재",137794129
"2026-09-11","WI240","조선",1,"009540","HD한국조선해양",16555247,20.37,20.37,1,45294794,"G20","산업재",81288433
"2026-09-11","WI240","조선",2,"329180","HD현대중공업",15585692,19.17,39.54,1,32537979,"G20","산업재",81288433
"2026-09-11","WI240","조선",3,"010140","삼성중공업",13935680,17.14,56.68,1,651200000,"G20","산업재",81288433
"2026-09-11","WI240","조선",4,"042660","한화오션",12327624,15.17,71.85,1,144014295,"G20","산업재",81288433
"2026-09-11","WI240","조선",5,"267250","HD현대",10752934,13.23,85.08,1,43446196,"G20","산업재",81288433
"2026-09-11","WI240","조선",6,"443060","HD현대마린솔루션",4761762,5.86,90.93,1,19278387,"G20","산업재",81288433
"2026-09-11","WI240","조선",7,"082740","한화엔진",2770278,3.41,94.34,1,55075113,"G20","산업재",81288433
"2026-09-11","WI240","조선",8,"071970","HD현대마린엔진",1157571,1.42,95.77,1,22048971,"G20","산업재",81288433
"2026-09-11","WI240","조선",9,"439260","대한조선",918814,1.13,96.9,1,19425252,"G20","산업재",81288433
"2026-09-11","WI240","조선",10,"017960","한국카본",684042,0.84,97.74,1,31522656,"G20","산업재",81288433
"2026-09-11","WI240","조선",11,"077970","STX엔진",378355,0.47,98.2,1,15256263,"G20","산업재",81288433
"2026-09-11","WI240","조선",12,"460930","현대힘스",311812,0.38,98.59,1,22726829,"G20","산업재",81288433
"2026-09-11","WI240","조선",13,"075580","세진중공업",218546,0.27,98.86,1,21034298,"G20","산업재",81288433
"2026-09-11","WI240","조선",14,"101930","인화정공",135517,0.17,99.02,1,21476495,"G20","산업재",81288433
"2026-09-11","WI240","조선",15,"092460","한라IMS",120367,0.15,99.17,1,7186065,"G20","산업재",81288433
"2026-09-11","WI240","조선",16,"014940","오리엔탈정공",114189,0.14,99.31,1,24609776,"G20","산업재",81288433
"2026-09-11","WI240","조선",17,"0008Z0","에스엔시스",107803,0.13,99.44,1,4529550,"G20","산업재",81288433
"2026-09-11","WI240","조선",18,"054540","삼영엠텍",77678,0.1,99.54,1,11440000,"G20","산업재",81288433
"2026-09-11","WI240","조선",19,"217590","티엠씨",70779,0.09,99.63,1,6505440,"G20","산업재",81288433
"2026-09-11","WI240","조선",20,"108380","대양전기공업",63221,0.08,99.7,1,3348566,"G20","산업재",81288433
"2026-09-11","WI240","조선",21,"073010","케이에스피",58828,0.07,99.78,1,16478412,"G20","산업재",81288433
"2026-09-11","WI240","조선",22,"096350","대창솔루션",57736,0.07,99.85,1,29115261,"G20","산업재",81288433
"2026-09-11","WI240","조선",23,"085310","엔케이",40814,0.05,99.9,1,4450844,"G20","산업재",81288433
"2026-09-11","WI240","조선",24,"099410","동방선기",31001,0.04,99.94,1,9380000,"G20","산업재",81288433
"2026-09-11","WI240","조선",25,"333430","일승",29421,0.04,99.97,1,7681686,"G20","산업재",81288433
"2026-09-11","WI240","조선",26,"038010","제일테크노스",22723,0.03,100,1,4320000,"G20","산업재",81288433
"2026-09-11","WI250","상사,자본재",1,"012450","한화에어로스페이스",36788423,25.19,25.19,1,34031844,"G20","산업재",146017554
"2026-09-11","WI250","상사,자본재",2,"028260","삼성물산",35114146,24.05,49.24,1,95678872,"G20","산업재",146017554
"2026-09-11","WI250","상사,자본재",3,"000150","두산",9442301,6.47,55.71,1,6963349,"G20","산업재",146017554
"2026-09-11","WI250","상사,자본재",4,"003550","LG",9184914,6.29,62,1,81643682,"G20","산업재",146017554
"2026-09-11","WI250","상사,자본재",5,"047810","한국항공우주",9158761,6.27,68.27,1,70182077,"G20","산업재",146017554
"2026-09-11","WI250","상사,자본재",6,"079550","LIG디펜스앤에어로스페이스",9098760,6.23,74.5,1,13420000,"G20","산업재",146017554
"2026-09-11","WI250","상사,자본재",7,"064350","현대로템",8939409,6.12,80.63,1,72033913,"G20","산업재",146017554
"2026-09-11","WI250","상사,자본재",8,"272210","한화시스템",5089866,3.49,84.11,1,71789367,"G20","산업재",146017554
"2026-09-11","WI250","상사,자본재",9,"000880","한화",2709161,1.86,85.97,1,19731691,"G20","산업재",146017554
"2026-09-11","WI250","상사,자본재",10,"047050","포스코인터내셔널",2639194,1.81,87.77,1,45739924,"G20","산업재",146017554
"2026-09-11","WI250","상사,자본재",11,"032820","우리기술",2233414,1.53,89.3,1,158961843,"G20","산업재",146017554
"2026-09-11","WI250","상사,자본재",12,"012750","에스원",1948674,1.33,90.64,1,23939482,"G20","산업재",146017554
"2026-09-11","WI250","상사,자본재",13,"001040","CJ",1721968,1.18,91.82,1,13421419,"G20","산업재",146017554
"2026-09-11","WI250","상사,자본재",14,"001120","LX인터내셔널",1077993,0.74,92.56,1,26356800,"G20","산업재",146017554
"2026-09-11","WI250","상사,자본재",15,"004800","효성",1046560,0.72,93.27,1,6528758,"G20","산업재",146017554
"2026-09-11","WI250","상사,자본재",16,"298020","효성티앤씨",826414,0.57,93.84,1,2423501,"G20","산업재",146017554
"2026-09-11","WI250","상사,자본재",17,"004990","롯데지주",773939,0.53,94.37,1,30895770,"G20","산업재",146017554
"2026-09-11","WI250","상사,자본재",18,"347700","스피어",692515,0.47,94.84,1,34539412,"G20","산업재",146017554
"2026-09-11","WI250","상사,자본재",19,"001740","SK네트웍스",589626,0.4,95.25,1,92273188,"G20","산업재",146017554
"2026-09-11","WI250","상사,자본재",20,"005440","현대지에프홀딩스",540655,0.37,95.62,1,40347383,"G20","산업재",146017554
"2026-09-11","WI250","상사,자본재",21,"030190","NICE평가정보",505959,0.35,95.96,1,31465120,"G20","산업재",146017554
"2026-09-11","WI250","상사,자본재",22,"099320","쎄트렉아이",477322,0.33,96.29,1,6789792,"G20","산업재",146017554
"2026-09-11","WI250","상사,자본재",23,"327260","RF머트리얼즈",400000,0.27,96.56,1,9174307,"G20","산업재",146017554
"2026-09-11","WI250","상사,자본재",24,"383800","LX홀딩스",333240,0.23,96.79,1,41191572,"G20","산업재",146017554
"2026-09-11","WI250","상사,자본재",25,"383310","에코프로에이치엔",305248,0.21,97,1,13214207,"G20","산업재",146017554
"2026-09-11","WI250","상사,자본재",26,"214430","아이쓰리시스템",280597,0.19,97.19,1,4676617,"G20","산업재",146017554
"2026-09-11","WI250","상사,자본재",27,"011760","현대코퍼레이션",234867,0.16,97.35,1,8731117,"G20","산업재",146017554
"2026-09-11","WI250","상사,자본재",28,"0220W0","한화머시너리앤서비스홀딩스",195755,0.13,97.49,1,31270747,"G20","산업재",146017554
"2026-09-11","WI250","상사,자본재",29,"462350","이노스페이스",172186,0.12,97.61,1,28460520,"G20","산업재",146017554
"2026-09-11","WI250","상사,자본재",30,"010820","퍼스텍",160391,0.11,97.72,1,26336846,"G20","산업재",146017554
"2026-09-11","WI250","상사,자본재",31,"036800","나이스정보통신",159296,0.11,97.82,1,20475000,"G20","산업재",146017554
"2026-09-11","WI250","상사,자본재",32,"002020","코오롱",157370,0.11,97.93,1,6195686,"G20","산업재",146017554
"2026-09-11","WI250","상사,자본재",33,"377450","리파인",149809,0.1,98.04,1,8838300,"G20","산업재",146017554
"2026-09-11","WI250","상사,자본재",34,"203650","드림시큐리티",149221,0.1,98.14,1,56954511,"G20","산업재",146017554
"2026-09-11","WI250","상사,자본재",35,"122900","아이마켓코리아",139117,0.1,98.23,1,17048708,"G20","산업재",146017554
"2026-09-11","WI250","상사,자본재",36,"417030","니어스랩",127678,0.09,98.32,1,4448718,"G20","산업재",146017554
"2026-09-11","WI250","상사,자본재",37,"484870","엠앤씨솔루션",123097,0.08,98.4,1,6865425,"G20","산업재",146017554
"2026-09-11","WI250","상사,자본재",38,"034950","한국기업평가",108296,0.07,98.48,1,1044318,"G20","산업재",146017554
"2026-09-11","WI250","상사,자본재",39,"001250","GS글로벌",104983,0.07,98.55,1,39616206,"G20","산업재",146017554
"2026-09-11","WI250","상사,자본재",40,"484590","삼양컴텍",103685,0.07,98.62,1,15247866,"G20","산업재",146017554
"2026-09-11","WI250","상사,자본재",41,"274090","켄코아에어로스페이스",96516,0.07,98.69,1,9641944,"G20","산업재",146017554
"2026-09-11","WI250","상사,자본재",42,"067390","아스트",95519,0.07,98.75,1,15161672,"G20","산업재",146017554
"2026-09-11","WI250","상사,자본재",43,"004150","한솔홀딩스",95336,0.07,98.82,1,26667303,"G20","산업재",146017554
"2026-09-11","WI250","상사,자본재",44,"0015G0","그린광학",78192,0.05,98.87,1,5617219,"G20","산업재",146017554
"2026-09-11","WI250","상사,자본재",45,"143240","사람인",76722,0.05,98.92,1,4507747,"G20","산업재",146017554
"2026-09-11","WI250","상사,자본재",46,"451760","컨텍",76279,0.05,98.98,1,10564975,"G20","산업재",146017554
"2026-09-11","WI250","상사,자본재",47,"478340","나라스페이스테크놀로지",73887,0.05,99.03,1,7173482,"G20","산업재",146017554
"2026-09-11","WI250","상사,자본재",48,"488900","비츠로넥스텍",71789,0.05,99.08,1,7244110,"G20","산업재",146017554
"2026-09-11","WI250","상사,자본재",49,"487570","HS효성",71130,0.05,99.13,1,1453111,"G20","산업재",146017554
"2026-09-11","WI250","상사,자본재",50,"448280","에코아이",69263,0.05,99.17,1,7407782,"G20","산업재",146017554
"2026-09-11","WI250","상사,자본재",51,"049720","고려신용정보",68590,0.05,99.22,1,7579000,"G20","산업재",146017554
"2026-09-11","WI250","상사,자본재",52,"060150","인선이엔티",65974,0.05,99.26,1,22326169,"G20","산업재",146017554
"2026-09-11","WI250","상사,자본재",53,"289930","웨이비스",65703,0.04,99.31,1,9467287,"G20","산업재",146017554
"2026-09-11","WI250","상사,자본재",54,"130580","나이스디앤비",64364,0.04,99.35,1,10010000,"G20","산업재",146017554
"2026-09-11","WI250","상사,자본재",55,"361390","제노코",63249,0.04,99.4,1,5257645,"G20","산업재",146017554
"2026-09-11","WI250","상사,자본재",56,"065450","빅텍",62425,0.04,99.44,1,21826894,"G20","산업재",146017554
"2026-09-11","WI250","상사,자본재",57,"063570","NICE인프라",62077,0.04,99.48,1,18098295,"G20","산업재",146017554
"2026-09-11","WI250","상사,자본재",58,"474170","루미르",58264,0.04,99.52,1,8908848,"G20","산업재",146017554
"2026-09-11","WI250","상사,자본재",59,"092130","이크레더블",55690,0.04,99.56,1,3853952,"G20","산업재",146017554
"2026-09-11","WI250","상사,자본재",60,"122450","KX",55048,0.04,99.6,1,20617123,"G20","산업재",146017554
"2026-09-11","WI250","상사,자본재",61,"058860","KTis",52462,0.04,99.63,1,20533180,"G20","산업재",146017554
"2026-09-11","WI250","상사,자본재",62,"058850","KTcs",51871,0.04,99.67,1,24014581,"G20","산업재",146017554
"2026-09-11","WI250","상사,자본재",63,"090850","현대이지웰",51182,0.04,99.7,1,10115056,"G20","산업재",146017554
"2026-09-11","WI250","상사,자본재",64,"474610","RF시스템즈",49303,0.03,99.74,1,7063457,"G20","산업재",146017554
"2026-09-11","WI250","상사,자본재",65,"005870","휴니드",45256,0.03,99.77,1,9881210,"G20","산업재",146017554
"2026-09-11","WI250","상사,자본재",66,"095270","웨이브일렉트로",39630,0.03,99.8,1,9773236,"G20","산업재",146017554
"2026-09-11","WI250","상사,자본재",67,"448710","코츠테크놀로지",38020,0.03,99.82,1,3382586,"G20","산업재",146017554
"2026-09-11","WI250","상사,자본재",68,"094280","효성ITX",37573,0.03,99.85,1,3120714,"G20","산업재",146017554
"2026-09-11","WI250","상사,자본재",69,"043910","자연과환경",36346,0.02,99.87,1,10658796,"G20","산업재",146017554
"2026-09-11","WI250","상사,자본재",70,"105760","포스뱅크",34276,0.02,99.9,1,6827894,"G20","산업재",146017554
"2026-09-11","WI250","상사,자본재",71,"036120","서울평가정보",24280,0.02,99.91,1,14409450,"G20","산업재",146017554
"2026-09-11","WI250","상사,자본재",72,"215090","솔디펜스",23327,0.02,99.93,1,15977406,"G20","산업재",146017554
"2026-09-11","WI250","상사,자본재",73,"221840","하이즈항공",20651,0.01,99.94,1,10098302,"G20","산업재",146017554
"2026-09-11","WI250","상사,자본재",74,"376980","원티드랩",20115,0.01,99.96,1,6738811,"G20","산업재",146017554
"2026-09-11","WI250","상사,자본재",75,"119650","KC코트렐",17133,0.01,99.97,1,18663502,"G20","산업재",146017554
"2026-09-11","WI250","상사,자본재",76,"288180","케이피항공산업",16632,0.01,99.98,1,2365843,"G20","산업재",146017554
"2026-09-11","WI250","상사,자본재",77,"090370","메타랩스",14645,0.01,99.99,1,12014063,"G20","산업재",146017554
"2026-09-11","WI250","상사,자본재",78,"030960","양지사",14022,0.01,100,1,2876400,"G20","산업재",146017554
"2026-09-11","WI260","운송",1,"011200","HMM",12979898,31.83,31.83,1,622537060,"G20","산업재",40781313
"2026-09-11","WI260","운송",2,"086280","현대글로비스",7818750,19.17,51,1,37500000,"G20","산업재",40781313
"2026-09-11","WI260","운송",3,"003490","대한항공",7142192,17.51,68.51,1,246707842,"G20","산업재",40781313
"2026-09-11","WI260","운송",4,"180640","한진칼",6519337,15.99,84.5,1,46733595,"G20","산업재",40781313
"2026-09-11","WI260","운송",5,"028670","팬오션",1450554,3.56,88.06,1,240556280,"G20","산업재",40781313
"2026-09-11","WI260","운송",6,"000120","CJ대한통운",774114,1.9,89.96,1,10721801,"G20","산업재",40781313
"2026-09-11","WI260","운송",7,"089860","롯데렌탈",644419,1.58,91.54,1,13071379,"G20","산업재",40781313
"2026-09-11","WI260","운송",8,"020560","아시아나항공",571006,1.4,92.94,1,74156655,"G20","산업재",40781313
"2026-09-11","WI260","운송",9,"005880","대한해운",323780,0.79,93.73,1,154918723,"G20","산업재",40781313
"2026-09-11","WI260","운송",10,"403550","쏘카",220773,0.54,94.27,1,20866968,"G20","산업재",40781313
"2026-09-11","WI260","운송",11,"045390","대아티아이",198583,0.49,94.76,1,58492902,"G20","산업재",40781313
"2026-09-11","WI260","운송",12,"089590","제주항공",175644,0.43,95.19,1,37094853,"G20","산업재",40781313
"2026-09-11","WI260","운송",13,"044450","KSS해운",137091,0.34,95.52,1,13546515,"G20","산업재",40781313
"2026-09-11","WI260","운송",14,"002320","한진",136409,0.33,95.86,1,9311169,"G20","산업재",40781313
"2026-09-11","WI260","운송",15,"004360","세방",135683,0.33,96.19,1,9940113,"G20","산업재",40781313
"2026-09-11","WI260","운송",16,"298690","에어부산",135211,0.33,96.52,1,89603179,"G20","산업재",40781313
"2026-09-11","WI260","운송",17,"272450","진에어",123818,0.3,96.83,1,20880000,"G20","산업재",40781313
"2026-09-11","WI260","운송",18,"003280","흥아해운",112879,0.28,97.1,1,60106224,"G20","산업재",40781313
"2026-09-11","WI260","운송",19,"065710","서호전기",94348,0.23,97.33,1,2060000,"G20","산업재",40781313
"2026-09-11","WI260","운송",20,"005430","한국공항",94076,0.23,97.57,1,1171551,"G20","산업재",40781313
"2026-09-11","WI260","운송",21,"009070","KCTC",92226,0.23,97.79,1,22800000,"G20","산업재",40781313
"2026-09-11","WI260","운송",22,"000700","유수홀딩스",85547,0.21,98,1,13020906,"G20","산업재",40781313
"2026-09-11","WI260","운송",23,"095570","AJ네트웍스",81143,0.2,98.2,1,19458686,"G20","산업재",40781313
"2026-09-11","WI260","운송",24,"091810","트리니티항공",80541,0.2,98.4,1,29610766,"G20","산업재",40781313
"2026-09-11","WI260","운송",25,"004140","동방",67240,0.16,98.56,1,37417977,"G20","산업재",40781313
"2026-09-11","WI260","운송",26,"067900","와이엔텍",58164,0.14,98.71,1,9645819,"G20","산업재",40781313
"2026-09-11","WI260","운송",27,"109070","주성코퍼레이션",52388,0.13,98.83,1,33798547,"G20","산업재",40781313
"2026-09-11","WI260","운송",28,"024800","유성티엔에스",50090,0.12,98.96,1,10567611,"G20","산업재",40781313
"2026-09-11","WI260","운송",29,"003100","선광",47471,0.12,99.07,1,2310000,"G20","산업재",40781313
"2026-09-11","WI260","운송",30,"009180","한솔로지스틱스",46098,0.11,99.19,1,16611936,"G20","산업재",40781313
"2026-09-11","WI260","운송",31,"124560","태웅로직스",44467,0.11,99.3,1,22458070,"G20","산업재",40781313
"2026-09-11","WI260","운송",32,"045340","토탈소프트",40509,0.1,99.39,1,5905047,"G20","산업재",40781313
"2026-09-11","WI260","운송",33,"038390","레드캡투어",35043,0.09,99.48,1,3511372,"G20","산업재",40781313
"2026-09-11","WI260","운송",34,"054300","팬스타엔터프라이즈",34242,0.08,99.56,1,30248891,"G20","산업재",40781313
"2026-09-11","WI260","운송",35,"084670","동양고속",31434,0.08,99.64,1,1331961,"G20","산업재",40781313
"2026-09-11","WI260","운송",36,"000650","천일고속",28673,0.07,99.71,1,200090,"G20","산업재",40781313
"2026-09-11","WI260","운송",37,"129260","인터지스",23332,0.06,99.77,1,12196628,"G20","산업재",40781313
"2026-09-11","WI260","운송",38,"121890","에스디시스템",23067,0.06,99.83,1,8639439,"G20","산업재",40781313
"2026-09-11","WI260","운송",39,"033290","로젠",22193,0.05,99.88,1,14600638,"G20","산업재",40781313
"2026-09-11","WI260","운송",40,"038620","위즈코프",19733,0.05,99.93,1,10299207,"G20","산업재",40781313
"2026-09-11","WI260","운송",41,"014130","한익스프레스",16442,0.04,99.97,1,6263477,"G20","산업재",40781313
"2026-09-11","WI260","운송",42,"032280","삼일",12705,0.03,100,1,9403882,"G20","산업재",40781313
"2026-09-11","WI300","자동차",1,"005380","현대차",50907899,40.05,40.05,1,133092547,"G25","경기관련소비재",127110931
"2026-09-11","WI300","자동차",2,"000270","기아",30644297,24.11,64.16,1,242056058,"G25","경기관련소비재",127110931
"2026-09-11","WI300","자동차",3,"012330","현대모비스",24258294,19.08,83.24,1,58383380,"G25","경기관련소비재",127110931
"2026-09-11","WI300","자동차",4,"161390","한국타이어앤테크놀로지",4244579,3.34,86.58,1,68131287,"G25","경기관련소비재",127110931
"2026-09-11","WI300","자동차",5,"018880","한온시스템",1733973,1.36,87.95,1,492606024,"G25","경기관련소비재",127110931
"2026-09-11","WI300","자동차",6,"204320","HL만도",1588559,1.25,89.2,1,31930841,"G25","경기관련소비재",127110931
"2026-09-11","WI300","자동차",7,"000240","한국앤컴퍼니",1232734,0.97,90.17,1,50315677,"G25","경기관련소비재",127110931
"2026-09-11","WI300","자동차",8,"007340","DN오토모티브",931025,0.73,90.9,1,19893694,"G25","경기관련소비재",127110931
"2026-09-11","WI300","자동차",9,"011210","현대위아",889769,0.7,91.6,1,15501197,"G25","경기관련소비재",127110931
"2026-09-11","WI300","자동차",10,"005850","에스엘",800122,0.63,92.23,1,15328011,"G25","경기관련소비재",127110931
"2026-09-11","WI300","자동차",11,"073240","금호타이어",740988,0.58,92.81,1,100541100,"G25","경기관련소비재",127110931
"2026-09-11","WI300","자동차",12,"437730","삼현",482843,0.38,93.19,1,11414724,"G25","경기관련소비재",127110931
"2026-09-11","WI300","자동차",13,"004490","세방전지",461039,0.36,93.55,1,7484400,"G25","경기관련소비재",127110931
"2026-09-11","WI300","자동차",14,"025540","한국단자",355583,0.28,93.83,1,6271300,"G25","경기관련소비재",127110931
"2026-09-11","WI300","자동차",15,"064960","SNT모티브",285042,0.22,94.06,1,10616108,"G25","경기관련소비재",127110931
"2026-09-11","WI300","자동차",16,"003570","SNT다이내믹스",277244,0.22,94.28,1,9643282,"G25","경기관련소비재",127110931
"2026-09-11","WI300","자동차",17,"015750","성우하이텍",264880,0.21,94.48,1,44000000,"G25","경기관련소비재",127110931
"2026-09-11","WI300","자동차",18,"125490","한라캐스트",232374,0.18,94.67,1,21901411,"G25","경기관련소비재",127110931
"2026-09-11","WI300","자동차",19,"009900","명신산업",224824,0.18,94.84,1,27284469,"G25","경기관련소비재",127110931
"2026-09-11","WI300","자동차",20,"003620","KG모빌리티",224029,0.18,95.02,1,82973713,"G25","경기관련소비재",127110931
"2026-09-11","WI300","자동차",21,"060980","HL홀딩스",214415,0.17,95.19,1,5373808,"G25","경기관련소비재",127110931
"2026-09-11","WI300","자동차",22,"036530","SNT홀딩스",193405,0.15,95.34,1,4075971,"G25","경기관련소비재",127110931
"2026-09-11","WI300","자동차",23,"002350","넥센타이어",181272,0.14,95.48,1,31253720,"G25","경기관련소비재",127110931
"2026-09-11","WI300","자동차",24,"354320","알멕",180835,0.14,95.63,1,4537880,"G25","경기관련소비재",127110931
"2026-09-11","WI300","자동차",25,"448900","한국피아이엠",164515,0.13,95.75,1,3219462,"G25","경기관련소비재",127110931
"2026-09-11","WI300","자동차",26,"000430","대원강업",161541,0.13,95.88,1,33480000,"G25","경기관련소비재",127110931
"2026-09-11","WI300","자동차",27,"200880","서연이화",132028,0.1,95.99,1,11622227,"G25","경기관련소비재",127110931
"2026-09-11","WI300","자동차",28,"010690","화신",131755,0.1,96.09,1,17111000,"G25","경기관련소비재",127110931
"2026-09-11","WI300","자동차",29,"001390","KG케미칼",131187,0.1,96.19,1,29217599,"G25","경기관련소비재",127110931
"2026-09-11","WI300","자동차",30,"092200","디아이씨",126232,0.1,96.29,1,23333141,"G25","경기관련소비재",127110931
"2026-09-11","WI300","자동차",31,"271940","일진하이솔루스",115418,0.09,96.38,1,10530825,"G25","경기관련소비재",127110931
"2026-09-11","WI300","자동차",32,"041020","폴라리스오피스",114034,0.09,96.47,1,37759682,"G25","경기관련소비재",127110931
"2026-09-11","WI300","자동차",33,"151860","KG에코솔루션",103108,0.08,96.55,1,18089140,"G25","경기관련소비재",127110931
"2026-09-11","WI300","자동차",34,"033530","SJG세종",97353,0.08,96.63,1,14337718,"G25","경기관련소비재",127110931
"2026-09-11","WI300","자동차",35,"123410","코리아에프티",96553,0.08,96.71,1,16704638,"G25","경기관련소비재",127110931
"2026-09-11","WI300","자동차",36,"009680","모토닉",92848,0.07,96.78,1,8910568,"G25","경기관련소비재",127110931
"2026-09-11","WI300","자동차",37,"118990","모트렉스",92501,0.07,96.85,1,14967796,"G25","경기관련소비재",127110931
"2026-09-11","WI300","자동차",38,"005720","넥센",92357,0.07,96.92,1,16288632,"G25","경기관련소비재",127110931
"2026-09-11","WI300","자동차",39,"043370","피에이치에이",92169,0.07,97,1,7980000,"G25","경기관련소비재",127110931
"2026-09-11","WI300","자동차",40,"085910","네오티스",89495,0.07,97.07,1,6759460,"G25","경기관련소비재",127110931
"2026-09-11","WI300","자동차",41,"126640","화신정공",87568,0.07,97.14,1,22085223,"G25","경기관련소비재",127110931
"2026-09-11","WI300","자동차",42,"012860","모베이스전자",86463,0.07,97.2,1,37349063,"G25","경기관련소비재",127110931
"2026-09-11","WI300","자동차",43,"381970","케이카",86076,0.07,97.27,1,13181628,"G25","경기관련소비재",127110931
"2026-09-11","WI300","자동차",44,"007860","서연",84091,0.07,97.34,1,11035526,"G25","경기관련소비재",127110931
"2026-09-11","WI300","자동차",45,"005710","대원산업",80483,0.06,97.4,1,7614288,"G25","경기관련소비재",127110931
"2026-09-11","WI300","자동차",46,"212560","네오오토",71791,0.06,97.46,1,6473447,"G25","경기관련소비재",127110931
"2026-09-11","WI300","자동차",47,"100250","진양홀딩스",70114,0.06,97.51,1,22365000,"G25","경기관련소비재",127110931
"2026-09-11","WI300","자동차",48,"053700","삼보모터스",69461,0.05,97.57,1,17365242,"G25","경기관련소비재",127110931
"2026-09-11","WI300","자동차",49,"012200","계양전기",69138,0.05,97.62,1,19339329,"G25","경기관련소비재",127110931
"2026-09-11","WI300","자동차",50,"067990","도이치모터스",67643,0.05,97.68,1,17800745,"G25","경기관련소비재",127110931
"2026-09-11","WI300","자동차",51,"066590","스모트로닉",67404,0.05,97.73,1,28621673,"G25","경기관련소비재",127110931
"2026-09-11","WI300","자동차",52,"023800","인지컨트롤스",62204,0.05,97.78,1,12173081,"G25","경기관련소비재",127110931
"2026-09-11","WI300","자동차",53,"010100","한국무브넥스",62079,0.05,97.83,1,17661243,"G25","경기관련소비재",127110931
"2026-09-11","WI300","자동차",54,"013570","디와이",60540,0.05,97.87,1,13949405,"G25","경기관련소비재",127110931
"2026-09-11","WI300","자동차",55,"013310","아진산업",60061,0.05,97.92,1,26000409,"G25","경기관련소비재",127110931
"2026-09-11","WI300","자동차",56,"038110","에코플라스틱",58790,0.05,97.97,1,28818559,"G25","경기관련소비재",127110931
"2026-09-11","WI300","자동차",57,"019180","티에이치엔",58174,0.05,98.01,1,11340000,"G25","경기관련소비재",127110931
"2026-09-11","WI300","자동차",58,"021820","세원정공",56127,0.04,98.06,1,5300000,"G25","경기관련소비재",127110931
"2026-09-11","WI300","자동차",59,"013520","화승코퍼레이션",55937,0.04,98.1,1,22022550,"G25","경기관련소비재",127110931
"2026-09-11","WI300","자동차",60,"016740","두올",55329,0.04,98.14,1,13763531,"G25","경기관련소비재",127110931
"2026-09-11","WI300","자동차",61,"004100","태양금속",55094,0.04,98.19,1,19818000,"G25","경기관련소비재",127110931
"2026-09-11","WI300","자동차",62,"011320","유니크",52679,0.04,98.23,1,14104107,"G25","경기관련소비재",127110931
"2026-09-11","WI300","자동차",63,"000300","DH오토넥스",52211,0.04,98.27,1,12431116,"G25","경기관련소비재",127110931
"2026-09-11","WI300","자동차",64,"024740","한일단조",52122,0.04,98.31,1,22369993,"G25","경기관련소비재",127110931
"2026-09-11","WI300","자동차",65,"331740","아우토크립트",49828,0.04,98.35,1,6825693,"G25","경기관련소비재",127110931
"2026-09-11","WI300","자동차",66,"018500","동원모빌리티",48952,0.04,98.39,1,35066199,"G25","경기관련소비재",127110931
"2026-09-11","WI300","자동차",67,"006660","삼성공조",47437,0.04,98.43,1,3819367,"G25","경기관련소비재",127110931
"2026-09-11","WI300","자동차",68,"419050","삼기에너지솔루션즈",46383,0.04,98.46,1,28026157,"G25","경기관련소비재",127110931
"2026-09-11","WI300","자동차",69,"010580","에스엠벡셀",45569,0.04,98.5,1,17800281,"G25","경기관련소비재",127110931
"2026-09-11","WI300","자동차",70,"123040","엠에스오토텍",45269,0.04,98.53,1,26303885,"G25","경기관련소비재",127110931
"2026-09-11","WI300","자동차",71,"089470","HDC현대EP",45247,0.04,98.57,1,11484000,"G25","경기관련소비재",127110931
"2026-09-11","WI300","자동차",72,"424960","스마트레이더시스템",44312,0.03,98.6,1,11539577,"G25","경기관련소비재",127110931
"2026-09-11","WI300","자동차",73,"104040","디에스엠",43577,0.03,98.64,1,18233224,"G25","경기관련소비재",127110931
"2026-09-11","WI300","자동차",74,"122350","삼기",43396,0.03,98.67,1,25304022,"G25","경기관련소비재",127110931
"2026-09-11","WI300","자동차",75,"0015S0","페스카로",42091,0.03,98.71,1,5328034,"G25","경기관련소비재",127110931
"2026-09-11","WI300","자동차",76,"067570","엔브이에이치코리아",41575,0.03,98.74,1,24880300,"G25","경기관련소비재",127110931
"2026-09-11","WI300","자동차",77,"101330","모베이스",39109,0.03,98.77,1,11110573,"G25","경기관련소비재",127110931
"2026-09-11","WI300","자동차",78,"041930","SY동아",38380,0.03,98.8,1,7600000,"G25","경기관련소비재",127110931
"2026-09-11","WI300","자동차",79,"019540","일지테크",36320,0.03,98.83,1,6891885,"G25","경기관련소비재",127110931
"2026-09-11","WI300","자동차",80,"265560","영화테크",36186,0.03,98.86,1,5345090,"G25","경기관련소비재",127110931
"2026-09-11","WI300","자동차",81,"033310","엠투엔",35819,0.03,98.89,1,24383198,"G25","경기관련소비재",127110931
"2026-09-11","WI300","자동차",82,"214330","금호에이치티",35344,0.03,98.91,1,5437603,"G25","경기관련소비재",127110931
"2026-09-11","WI300","자동차",83,"215360","우리산업",34928,0.03,98.94,1,5570619,"G25","경기관련소비재",127110931
"2026-09-11","WI300","자동차",84,"170030","현대공업",34463,0.03,98.97,1,7209800,"G25","경기관련소비재",127110931
"2026-09-11","WI300","자동차",85,"011330","유니켐",34192,0.03,98.99,1,7914839,"G25","경기관련소비재",127110931
"2026-09-11","WI300","자동차",86,"023000","삼원강재",32789,0.03,99.02,1,14703783,"G25","경기관련소비재",127110931
"2026-09-11","WI300","자동차",87,"017370","우신시스템",31207,0.02,99.05,1,8790745,"G25","경기관련소비재",127110931
"2026-09-11","WI300","자동차",88,"024900","디와이덕양",30546,0.02,99.07,1,18236388,"G25","경기관련소비재",127110931
"2026-09-11","WI300","자동차",89,"336680","탑런토탈솔루션",29974,0.02,99.09,1,10177845,"G25","경기관련소비재",127110931
"2026-09-11","WI300","자동차",90,"013870","지엠비코리아",29832,0.02,99.12,1,7819634,"G25","경기관련소비재",127110931
"2026-09-11","WI300","자동차",91,"053270","구영테크",29588,0.02,99.14,1,14801618,"G25","경기관련소비재",127110931
"2026-09-11","WI300","자동차",92,"065500","오리엔트정공",29220,0.02,99.16,1,26807184,"G25","경기관련소비재",127110931
"2026-09-11","WI300","자동차",93,"009320","아진전자부품",28870,0.02,99.19,1,30072859,"G25","경기관련소비재",127110931
"2026-09-11","WI300","자동차",94,"024910","경창산업",28516,0.02,99.21,1,18267692,"G25","경기관련소비재",127110931
"2026-09-11","WI300","자동차",95,"040610","SG&G",26886,0.02,99.23,1,8521799,"G25","경기관련소비재",127110931
"2026-09-11","WI300","자동차",96,"234100","폴라리스세원",25849,0.02,99.25,1,9199030,"G25","경기관련소비재",127110931
"2026-09-11","WI300","자동차",97,"198940","한주라이트메탈",25567,0.02,99.27,1,17321491,"G25","경기관련소비재",127110931
"2026-09-11","WI300","자동차",98,"012280","영화금속",25426,0.02,99.29,1,6735332,"G25","경기관련소비재",127110931
"2026-09-11","WI300","자동차",99,"123700","SJM",25157,0.02,99.31,1,7334302,"G25","경기관련소비재",127110931
"2026-09-11","WI300","자동차",100,"310870","디와이씨",24965,0.02,99.33,1,16003499,"G25","경기관련소비재",127110931
"2026-09-11","WI300","자동차",101,"378850","화승알앤에이",24863,0.02,99.35,1,8357194,"G25","경기관련소비재",127110931
"2026-09-11","WI300","자동차",102,"001620","케이비아이동국실업",24769,0.02,99.37,1,11574475,"G25","경기관련소비재",127110931
"2026-09-11","WI300","자동차",103,"023810","인팩",24672,0.02,99.39,1,4800000,"G25","경기관련소비재",127110931
"2026-09-11","WI300","자동차",104,"031510","오스템",24104,0.02,99.41,1,21560000,"G25","경기관련소비재",127110931
"2026-09-11","WI300","자동차",105,"002920","유성기업",23885,0.02,99.42,1,12973750,"G25","경기관련소비재",127110931
"2026-09-11","WI300","자동차",106,"090080","평화산업",23702,0.02,99.44,1,23607971,"G25","경기관련소비재",127110931
"2026-09-11","WI300","자동차",107,"463480","모티브링크",23026,0.02,99.46,1,5699564,"G25","경기관련소비재",127110931
"2026-09-11","WI300","자동차",108,"241690","유니테크노",22993,0.02,99.48,1,8809454,"G25","경기관련소비재",127110931
"2026-09-11","WI300","자동차",109,"097780","에코볼트",22231,0.02,99.5,1,14205162,"G25","경기관련소비재",127110931
"2026-09-11","WI300","자동차",110,"071850","캐스텍코리아",22100,0.02,99.51,1,17225265,"G25","경기관련소비재",127110931
"2026-09-11","WI300","자동차",111,"048430","유라테크",21565,0.02,99.53,1,3456000,"G25","경기관련소비재",127110931
"2026-09-11","WI300","자동차",112,"010770","평화홀딩스",21438,0.02,99.55,1,6142695,"G25","경기관련소비재",127110931
"2026-09-11","WI300","자동차",113,"013720","청보",21384,0.02,99.57,1,9610846,"G25","경기관련소비재",127110931
"2026-09-11","WI300","자동차",114,"105550","엣지파운드리",20955,0.02,99.58,1,11746057,"G25","경기관련소비재",127110931
"2026-09-11","WI300","자동차",115,"041650","상신브레이크",20737,0.02,99.6,1,9447438,"G25","경기관련소비재",127110931
"2026-09-11","WI300","자동차",116,"047400","유니온머티리얼",20462,0.02,99.61,1,23520000,"G25","경기관련소비재",127110931
"2026-09-11","WI300","자동차",117,"078590","휴림에이텍",20206,0.02,99.63,1,6792065,"G25","경기관련소비재",127110931
"2026-09-11","WI300","자동차",118,"075180","새론오토모티브",19891,0.02,99.65,1,6720000,"G25","경기관련소비재",127110931
"2026-09-11","WI300","자동차",119,"024120","KB오토시스",19739,0.02,99.66,1,6440000,"G25","경기관련소비재",127110931
"2026-09-11","WI300","자동차",120,"019770","서연탑메탈",19696,0.02,99.68,1,5941500,"G25","경기관련소비재",127110931
"2026-09-11","WI300","자동차",121,"093380","풍강",19664,0.02,99.69,1,6322760,"G25","경기관련소비재",127110931
"2026-09-11","WI300","자동차",122,"128540","에코캡",19413,0.02,99.71,1,17348799,"G25","경기관련소비재",127110931
"2026-09-11","WI300","자동차",123,"002880","디와이에이",18137,0.01,99.72,1,5145139,"G25","경기관련소비재",127110931
"2026-09-11","WI300","자동차",124,"033250","체시스",17805,0.01,99.74,1,4160000,"G25","경기관련소비재",127110931
"2026-09-11","WI300","자동차",125,"025440","DH오토웨어",17544,0.01,99.75,1,5268371,"G25","경기관련소비재",127110931
"2026-09-11","WI300","자동차",126,"038880","아이에이",17525,0.01,99.76,1,5184951,"G25","경기관련소비재",127110931
"2026-09-11","WI300","자동차",127,"092780","DYP",17450,0.01,99.78,1,5530753,"G25","경기관련소비재",127110931
"2026-09-11","WI300","자동차",128,"021650","한국큐빅",17376,0.01,99.79,1,8829304,"G25","경기관련소비재",127110931
"2026-09-11","WI300","자동차",129,"007530","와이엠",17308,0.01,99.8,1,11349657,"G25","경기관련소비재",127110931
"2026-09-11","WI300","자동차",130,"090150","아이윈",16930,0.01,99.82,1,2721893,"G25","경기관련소비재",127110931
"2026-09-11","WI300","자동차",131,"290120","DH오토리드",15667,0.01,99.83,1,7121329,"G25","경기관련소비재",127110931
"2026-09-11","WI300","자동차",132,"024830","세원물산",15541,0.01,99.84,1,1837000,"G25","경기관련소비재",127110931
"2026-09-11","WI300","자동차",133,"122690","서진오토모티브",15509,0.01,99.85,1,9231666,"G25","경기관련소비재",127110931
"2026-09-11","WI300","자동차",134,"053060","세동",15364,0.01,99.87,1,12183619,"G25","경기관련소비재",127110931
"2026-09-11","WI300","자동차",135,"308170","씨티알모빌리티",15061,0.01,99.88,1,4391100,"G25","경기관련소비재",127110931
"2026-09-11","WI300","자동차",136,"208860","다산디엠씨",15041,0.01,99.89,1,11542990,"G25","경기관련소비재",127110931
"2026-09-11","WI300","자동차",137,"353590","오토앤",14963,0.01,99.9,1,9399166,"G25","경기관련소비재",127110931
"2026-09-11","WI300","자동차",138,"025530","SJM홀딩스",14516,0.01,99.91,1,4032182,"G25","경기관련소비재",127110931
"2026-09-11","WI300","자동차",139,"130740","티피씨글로벌",13792,0.01,99.92,1,6878774,"G25","경기관련소비재",127110931
"2026-09-11","WI300","자동차",140,"130500","GH신소재",13641,0.01,99.93,1,7127075,"G25","경기관련소비재",127110931
"2026-09-11","WI300","자동차",141,"113810","디젠스",13009,0.01,99.95,1,4176390,"G25","경기관련소비재",127110931
"2026-09-11","WI300","자동차",142,"146060","율촌",12329,0.01,99.95,1,11047173,"G25","경기관련소비재",127110931
"2026-09-11","WI300","자동차",143,"001380","SG글로벌",11467,0.01,99.96,1,9217649,"G25","경기관련소비재",127110931
"2026-09-11","WI300","자동차",144,"143210","핸즈코퍼레이션",11414,0.01,99.97,1,9519926,"G25","경기관련소비재",127110931
"2026-09-11","WI300","자동차",145,"080470","성창오토텍",10074,0.01,99.98,1,3504000,"G25","경기관련소비재",127110931
"2026-09-11","WI300","자동차",146,"072470","우리산업홀딩스",9083,0.01,99.99,1,3966341,"G25","경기관련소비재",127110931
"2026-09-11","WI300","자동차",147,"020400","대동금속",8264,0.01,99.99,1,2854560,"G25","경기관련소비재",127110931
"2026-09-11","WI300","자동차",148,"087260","모바일어플라이언스",7156,0.01,100,1,28972046,"G25","경기관련소비재",127110931
"2026-09-11","WI310","화장품,의류",1,"278470","에이피알",9052546,21.92,21.92,1,24334800,"G25","경기관련소비재",41295426
"2026-09-11","WI310","화장품,의류",2,"021240","코웨이",4918053,11.91,33.83,1,51660220,"G25","경기관련소비재",41295426
"2026-09-11","WI310","화장품,의류",3,"090430","아모레퍼시픽",4109116,9.95,43.78,1,29246379,"G25","경기관련소비재",41295426
"2026-09-11","WI310","화장품,의류",4,"051900","LG생활건강",2614726,6.33,50.11,1,8985313,"G25","경기관련소비재",41295426
"2026-09-11","WI310","화장품,의류",5,"161890","한국콜마",2334778,5.65,55.77,1,16523553,"G25","경기관련소비재",41295426
"2026-09-11","WI310","화장품,의류",6,"192820","코스맥스",2210430,5.35,61.12,1,8171646,"G25","경기관련소비재",41295426
"2026-09-11","WI310","화장품,의류",7,"111770","영원무역",1550547,3.75,64.87,1,21269504,"G25","경기관련소비재",41295426
"2026-09-11","WI310","화장품,의류",8,"483650","달바글로벌",1469540,3.56,68.43,1,8768140,"G25","경기관련소비재",41295426
"2026-09-11","WI310","화장품,의류",9,"081660","미스토홀딩스",1208981,2.93,71.36,1,30262348,"G25","경기관련소비재",41295426
"2026-09-11","WI310","화장품,의류",10,"383220","F&F",893627,2.16,73.52,1,13790547,"G25","경기관련소비재",41295426
"2026-09-11","WI310","화장품,의류",11,"009970","영원무역홀딩스",863890,2.09,75.62,1,5051988,"G25","경기관련소비재",41295426
"2026-09-11","WI310","화장품,의류",12,"241710","코스메카코리아",792061,1.92,77.53,1,6301200,"G25","경기관련소비재",41295426
"2026-09-11","WI310","화장품,의류",13,"002790","아모레퍼시픽홀딩스",611513,1.48,79.02,1,23702035,"G25","경기관련소비재",41295426
"2026-09-11","WI310","화장품,의류",14,"048410","현대바이오",562531,1.36,80.38,1,83959847,"G25","경기관련소비재",41295426
"2026-09-11","WI310","화장품,의류",15,"065350","신성델타테크",529836,1.28,81.66,1,17314887,"G25","경기관련소비재",41295426
"2026-09-11","WI310","화장품,의류",16,"001530","DI동일",394508,0.96,82.62,1,14915247,"G25","경기관련소비재",41295426
"2026-09-11","WI310","화장품,의류",17,"009450","경동나비엔",370800,0.9,83.51,1,6118808,"G25","경기관련소비재",41295426
"2026-09-11","WI310","화장품,의류",18,"018290","브이티",237723,0.58,84.09,1,20266266,"G25","경기관련소비재",41295426
"2026-09-11","WI310","화장품,의류",19,"036620","감성코퍼레이션",230296,0.56,84.65,1,60208172,"G25","경기관련소비재",41295426
"2026-09-11","WI310","화장품,의류",20,"093050","LF",222195,0.54,85.19,1,9941600,"G25","경기관련소비재",41295426
"2026-09-11","WI310","화장품,의류",21,"192400","쿠쿠홀딩스",197726,0.48,85.66,1,7112437,"G25","경기관련소비재",41295426
"2026-09-11","WI310","화장품,의류",22,"092730","네오팜",193875,0.47,86.13,1,8975673,"G25","경기관련소비재",41295426
"2026-09-11","WI310","화장품,의류",23,"020000","한섬",180847,0.44,86.57,1,11812346,"G25","경기관련소비재",41295426
"2026-09-11","WI310","화장품,의류",24,"031430","신세계인터내셔날",169626,0.41,86.98,1,16093560,"G25","경기관련소비재",41295426
"2026-09-11","WI310","화장품,의류",25,"194370","제이에스코퍼레이션",164954,0.4,87.38,1,12767373,"G25","경기관련소비재",41295426
"2026-09-11","WI310","화장품,의류",26,"024720","콜마홀딩스",158641,0.38,87.77,1,16805166,"G25","경기관련소비재",41295426
"2026-09-11","WI310","화장품,의류",27,"284740","쿠쿠홈시스",139336,0.34,88.1,1,6058079,"G25","경기관련소비재",41295426
"2026-09-11","WI310","화장품,의류",28,"123330","제닉",133364,0.32,88.43,1,5099955,"G25","경기관련소비재",41295426
"2026-09-11","WI310","화장품,의류",29,"121440","골프존홀딩스",128271,0.31,88.74,1,16277990,"G25","경기관련소비재",41295426
"2026-09-11","WI310","화장품,의류",30,"439090","마녀공장",123671,0.3,89.04,1,7540899,"G25","경기관련소비재",41295426
"2026-09-11","WI310","화장품,의류",31,"004700","조광피혁",122258,0.3,89.33,1,1795267,"G25","경기관련소비재",41295426
"2026-09-11","WI310","화장품,의류",32,"105630","한세실업",119856,0.29,89.62,1,13200000,"G25","경기관련소비재",41295426
"2026-09-11","WI310","화장품,의류",33,"003350","한국화장품제조",117476,0.28,89.91,1,7477800,"G25","경기관련소비재",41295426
"2026-09-11","WI310","화장품,의류",34,"270660","에브리봇",111451,0.27,90.18,1,7995067,"G25","경기관련소비재",41295426
"2026-09-11","WI310","화장품,의류",35,"003200","일신방직",104358,0.25,90.43,1,10102400,"G25","경기관련소비재",41295426
"2026-09-11","WI310","화장품,의류",36,"018250","애경산업",97189,0.24,90.67,1,8451179,"G25","경기관련소비재",41295426
"2026-09-11","WI310","화장품,의류",37,"035150","백산",92837,0.22,90.89,1,8501563,"G25","경기관련소비재",41295426
"2026-09-11","WI310","화장품,의류",38,"032940","원익",90820,0.22,91.11,1,9460454,"G25","경기관련소비재",41295426
"2026-09-11","WI310","화장품,의류",39,"000050","경방",85322,0.21,91.32,1,10417802,"G25","경기관련소비재",41295426
"2026-09-11","WI310","화장품,의류",40,"481070","에이유브랜즈",84391,0.2,91.52,1,5588797,"G25","경기관련소비재",41295426
"2026-09-11","WI310","화장품,의류",41,"013990","아가방컴퍼니",81061,0.2,91.72,1,17101518,"G25","경기관련소비재",41295426
"2026-09-11","WI310","화장품,의류",42,"052260","현대바이오랜드",78804,0.19,91.91,1,19800000,"G25","경기관련소비재",41295426
"2026-09-11","WI310","화장품,의류",43,"237880","클리오",78746,0.19,92.1,1,6324973,"G25","경기관련소비재",41295426
"2026-09-11","WI310","화장품,의류",44,"114840","아이패밀리에스씨",76653,0.19,92.28,1,8841134,"G25","경기관련소비재",41295426
"2026-09-11","WI310","화장품,의류",45,"078520","에이블씨엔씨",76195,0.18,92.47,1,7544106,"G25","경기관련소비재",41295426
"2026-09-11","WI310","화장품,의류",46,"006060","화승인더",75835,0.18,92.65,1,31532399,"G25","경기관련소비재",41295426
"2026-09-11","WI310","화장품,의류",47,"352480","씨앤씨인터내셔널",72750,0.18,92.83,1,3407475,"G25","경기관련소비재",41295426
"2026-09-11","WI310","화장품,의류",48,"472850","폰드그룹",72373,0.18,93,1,14968629,"G25","경기관련소비재",41295426
"2026-09-11","WI310","화장품,의류",49,"003610","방림",70772,0.17,93.18,1,12202095,"G25","경기관련소비재",41295426
"2026-09-11","WI310","화장품,의류",50,"126560","현대퓨처넷",69506,0.17,93.34,1,20748197,"G25","경기관련소비재",41295426
"2026-09-11","WI310","화장품,의류",51,"009270","신원",67215,0.16,93.51,1,60828308,"G25","경기관련소비재",41295426
"2026-09-11","WI310","화장품,의류",52,"005800","신영와코루",62332,0.15,93.66,1,4590000,"G25","경기관련소비재",41295426
"2026-09-11","WI310","화장품,의류",53,"039830","오로라",62176,0.15,93.81,1,4412784,"G25","경기관련소비재",41295426
"2026-09-11","WI310","화장품,의류",54,"001460","BYC",61793,0.15,93.96,1,1623999,"G25","경기관련소비재",41295426
"2026-09-11","WI310","화장품,의류",55,"265740","엔에프씨",59611,0.14,94.1,1,8395892,"G25","경기관련소비재",41295426
"2026-09-11","WI310","화장품,의류",56,"214420","토니모리",57539,0.14,94.24,1,11065207,"G25","경기관련소비재",41295426
"2026-09-11","WI310","화장품,의류",57,"489460","바이오비쥬",57401,0.14,94.38,1,4868584,"G25","경기관련소비재",41295426
"2026-09-11","WI310","화장품,의류",58,"002700","신일전자",57275,0.14,94.52,1,58265392,"G25","경기관련소비재",41295426
"2026-09-11","WI310","화장품,의류",59,"298540","더네이쳐홀딩스",56068,0.14,94.65,1,8546967,"G25","경기관련소비재",41295426
"2026-09-11","WI310","화장품,의류",60,"0015N0","아로마티카",55940,0.14,94.79,1,5282307,"G25","경기관련소비재",41295426
"2026-09-11","WI310","화장품,의류",61,"487580","폴레드",55427,0.13,94.92,1,17879831,"G25","경기관련소비재",41295426
"2026-09-11","WI310","화장품,의류",62,"047770","코데즈컴바인",55345,0.13,95.06,1,14758614,"G25","경기관련소비재",41295426
"2026-09-11","WI310","화장품,의류",63,"214260","라파스",53231,0.13,95.19,1,6781071,"G25","경기관련소비재",41295426
"2026-09-11","WI310","화장품,의류",64,"007980","TP",50729,0.12,95.31,1,29545330,"G25","경기관련소비재",41295426
"2026-09-11","WI310","화장품,의류",65,"042600","새로닉스",50222,0.12,95.43,1,4099779,"G25","경기관련소비재",41295426
"2026-09-11","WI310","화장품,의류",66,"123690","한국화장품",49918,0.12,95.55,1,7551960,"G25","경기관련소비재",41295426
"2026-09-11","WI310","화장품,의류",67,"002170","SYTS",48150,0.12,95.67,1,900000,"G25","경기관련소비재",41295426
"2026-09-11","WI310","화장품,의류",68,"241590","화승엔터프라이즈",48096,0.12,95.79,1,16964997,"G25","경기관련소비재",41295426
"2026-09-11","WI310","화장품,의류",69,"168330","내츄럴엔도텍",47575,0.12,95.9,1,20958234,"G25","경기관련소비재",41295426
"2026-09-11","WI310","화장품,의류",70,"002450","삼익악기",44028,0.11,96.01,1,38928293,"G25","경기관련소비재",41295426
"2026-09-11","WI310","화장품,의류",71,"007700","F&F홀딩스",43808,0.11,96.11,1,3129149,"G25","경기관련소비재",41295426
"2026-09-11","WI310","화장품,의류",72,"0117P0","피스피스스튜디오",43405,0.11,96.22,1,7509522,"G25","경기관련소비재",41295426
"2026-09-11","WI310","화장품,의류",73,"226320","잇츠한불",43374,0.11,96.32,1,4166569,"G25","경기관련소비재",41295426
"2026-09-11","WI310","화장품,의류",74,"004830","덕성",35559,0.09,96.41,1,10662400,"G25","경기관련소비재",41295426
"2026-09-11","WI310","화장품,의류",75,"011300","우성머티리얼스",34916,0.08,96.49,1,14135902,"G25","경기관련소비재",41295426
"2026-09-11","WI310","화장품,의류",76,"337930","젝시믹스",34870,0.08,96.58,1,13947943,"G25","경기관련소비재",41295426
"2026-09-11","WI310","화장품,의류",77,"318160","셀바이오휴먼텍",33989,0.08,96.66,1,4855506,"G25","경기관련소비재",41295426
"2026-09-11","WI310","화장품,의류",78,"110790","크리스에프앤씨",33984,0.08,96.74,1,11481170,"G25","경기관련소비재",41295426
"2026-09-11","WI310","화장품,의류",79,"086710","선진뷰티사이언스",33876,0.08,96.83,1,4881312,"G25","경기관련소비재",41295426
"2026-09-11","WI310","화장품,의류",80,"037070","파세코",33712,0.08,96.91,1,5600000,"G25","경기관련소비재",41295426
"2026-09-11","WI310","화장품,의류",81,"027050","코리아나",33516,0.08,96.99,1,25200000,"G25","경기관련소비재",41295426
"2026-09-11","WI310","화장품,의류",82,"016090","대현",33327,0.08,97.07,1,23469624,"G25","경기관련소비재",41295426
"2026-09-11","WI310","화장품,의류",83,"366030","나인앤컴퍼니",32726,0.08,97.15,1,7022693,"G25","경기관련소비재",41295426
"2026-09-11","WI310","화장품,의류",84,"016450","한세예스24홀딩스",31968,0.08,97.23,1,7200000,"G25","경기관련소비재",41295426
"2026-09-11","WI310","화장품,의류",85,"317870","엔바이오니아",31481,0.08,97.3,1,6366164,"G25","경기관련소비재",41295426
"2026-09-11","WI310","화장품,의류",86,"024950","삼천리자전거",31371,0.08,97.38,1,6696000,"G25","경기관련소비재",41295426
"2026-09-11","WI310","화장품,의류",87,"111110","호전실업",27313,0.07,97.44,1,4261020,"G25","경기관련소비재",41295426
"2026-09-11","WI310","화장품,의류",88,"083550","케이엠",27289,0.07,97.51,1,8269260,"G25","경기관련소비재",41295426
"2026-09-11","WI310","화장품,의류",89,"263020","디케이앤디",27283,0.07,97.58,1,8716771,"G25","경기관련소비재",41295426
"2026-09-11","WI310","화장품,의류",90,"079980","휴비스",26938,0.07,97.64,1,13800000,"G25","경기관련소비재",41295426
"2026-09-11","WI310","화장품,의류",91,"451250","삐아",26020,0.06,97.7,1,3579056,"G25","경기관련소비재",41295426
"2026-09-11","WI310","화장품,의류",92,"352090","스톰테크",25992,0.06,97.77,1,6986979,"G25","경기관련소비재",41295426
"2026-09-11","WI310","화장품,의류",93,"011420","갤럭시아에스엠",25288,0.06,97.83,1,17356275,"G25","경기관련소비재",41295426
"2026-09-11","WI310","화장품,의류",94,"453860","에이에스텍",25109,0.06,97.89,1,3028878,"G25","경기관련소비재",41295426
"2026-09-11","WI310","화장품,의류",95,"025620","차AI헬스케어",24944,0.06,97.95,1,5279152,"G25","경기관련소비재",41295426
"2026-09-11","WI310","화장품,의류",96,"282620","기도산업",24678,0.06,98.01,1,1934033,"G25","경기관련소비재",41295426
"2026-09-11","WI310","화장품,의류",97,"000950","전방",24557,0.06,98.07,1,789600,"G25","경기관련소비재",41295426
"2026-09-11","WI310","화장품,의류",98,"026040","제이에스티나",24188,0.06,98.13,1,10562425,"G25","경기관련소비재",41295426
"2026-09-11","WI310","화장품,의류",99,"066910","손오공",23821,0.06,98.19,1,12617038,"G25","경기관련소비재",41295426
"2026-09-11","WI310","화장품,의류",100,"088390","이녹스",23306,0.06,98.24,1,2909611,"G25","경기관련소비재",41295426
"2026-09-11","WI310","화장품,의류",101,"002070","비비안",22992,0.06,98.3,1,4273602,"G25","경기관련소비재",41295426
"2026-09-11","WI310","화장품,의류",102,"204020","그리티",22606,0.05,98.35,1,12643040,"G25","경기관련소비재",41295426
"2026-09-11","WI310","화장품,의류",103,"044340","위닉스",22571,0.05,98.41,1,7328104,"G25","경기관련소비재",41295426
"2026-09-11","WI310","화장품,의류",104,"004060","SG세계물산",22069,0.05,98.46,1,9918823,"G25","경기관련소비재",41295426
"2026-09-11","WI310","화장품,의류",105,"014990","인디에프",21847,0.05,98.51,1,5257909,"G25","경기관련소비재",41295426
"2026-09-11","WI310","화장품,의류",106,"084870","TBH글로벌",21819,0.05,98.57,1,9206215,"G25","경기관련소비재",41295426
"2026-09-11","WI310","화장품,의류",107,"111380","동인기연",21791,0.05,98.62,1,1654560,"G25","경기관련소비재",41295426
"2026-09-11","WI310","화장품,의류",108,"014470","부방",21310,0.05,98.67,1,21678863,"G25","경기관련소비재",41295426
"2026-09-11","WI310","화장품,의류",109,"066130","하츠",21199,0.05,98.72,1,6272000,"G25","경기관련소비재",41295426
"2026-09-11","WI310","화장품,의류",110,"145170","노브랜드",20961,0.05,98.77,1,7777866,"G25","경기관련소비재",41295426
"2026-09-11","WI310","화장품,의류",111,"256150","한독크린텍",20829,0.05,98.82,1,4281450,"G25","경기관련소비재",41295426
"2026-09-11","WI310","화장품,의류",112,"260930","씨티케이",20044,0.05,98.87,1,8316884,"G25","경기관련소비재",41295426
"2026-09-11","WI310","화장품,의류",113,"478560","블랙야크아이앤씨",19497,0.05,98.92,1,6199271,"G25","경기관련소비재",41295426
"2026-09-11","WI310","화장품,의류",114,"352700","씨앤투스",19017,0.05,98.96,1,12875680,"G25","경기관련소비재",41295426
"2026-09-11","WI310","화장품,의류",115,"159580","제로투세븐",18316,0.04,99.01,1,8213380,"G25","경기관련소비재",41295426
"2026-09-11","WI310","화장품,의류",116,"159910","에코글로우",18048,0.04,99.05,1,5756903,"G25","경기관련소비재",41295426
"2026-09-11","WI310","화장품,의류",117,"407400","꿈비",17916,0.04,99.1,1,8634375,"G25","경기관련소비재",41295426
"2026-09-11","WI310","화장품,의류",118,"005360","모나미",17778,0.04,99.14,1,13417087,"G25","경기관련소비재",41295426
"2026-09-11","WI310","화장품,의류",119,"050120","ES큐브",17335,0.04,99.18,1,5425634,"G25","경기관련소비재",41295426
"2026-09-11","WI310","화장품,의류",120,"420570","제이투케이바이오",16800,0.04,99.22,1,1988144,"G25","경기관련소비재",41295426
"2026-09-11","WI310","화장품,의류",121,"083660","CSA 코스믹",16269,0.04,99.26,1,10948268,"G25","경기관련소비재",41295426
"2026-09-11","WI310","화장품,의류",122,"215480","토박스코리아",16213,0.04,99.3,1,7947600,"G25","경기관련소비재",41295426
"2026-09-11","WI310","화장품,의류",123,"114630","폴라리스우노",16002,0.04,99.34,1,10513501,"G25","경기관련소비재",41295426
"2026-09-11","WI310","화장품,의류",124,"080530","코디",15990,0.04,99.38,1,6421576,"G25","경기관련소비재",41295426
"2026-09-11","WI310","화장품,의류",125,"018700","졸스",15253,0.04,99.41,1,11036691,"G25","경기관련소비재",41295426
"2026-09-11","WI310","화장품,의류",126,"227610","아우딘퓨쳐스",14759,0.04,99.45,1,13949691,"G25","경기관련소비재",41295426
"2026-09-11","WI310","화장품,의류",127,"137940","넥스트아이",14616,0.04,99.49,1,7457170,"G25","경기관련소비재",41295426
"2026-09-11","WI310","화장품,의류",128,"462310","뉴키즈온",14591,0.04,99.52,1,3870316,"G25","경기관련소비재",41295426
"2026-09-11","WI310","화장품,의류",129,"406820","뷰티스킨",14275,0.03,99.56,1,7209440,"G25","경기관련소비재",41295426
"2026-09-11","WI310","화장품,의류",130,"088790","진도",13876,0.03,99.59,1,6099394,"G25","경기관련소비재",41295426
"2026-09-11","WI310","화장품,의류",131,"267790","배럴",13095,0.03,99.62,1,3998440,"G25","경기관련소비재",41295426
"2026-09-11","WI310","화장품,의류",132,"032080","아즈텍WB",12926,0.03,99.65,1,12464796,"G25","경기관련소비재",41295426
"2026-09-11","WI310","화장품,의류",133,"123750","알톤",12891,0.03,99.68,1,7324207,"G25","경기관련소비재",41295426
"2026-09-11","WI310","화장품,의류",134,"252500","세화피앤씨",12653,0.03,99.71,1,5725121,"G25","경기관련소비재",41295426
"2026-09-11","WI310","화장품,의류",135,"014100","메디앙스",11934,0.03,99.74,1,7198000,"G25","경기관련소비재",41295426
"2026-09-11","WI310","화장품,의류",136,"065060","지엔코",11422,0.03,99.77,1,3414520,"G25","경기관련소비재",41295426
"2026-09-11","WI310","화장품,의류",137,"024940","PN풍년",11420,0.03,99.8,1,5800000,"G25","경기관련소비재",41295426
"2026-09-11","WI310","화장품,의류",138,"001070","대한방직",11372,0.03,99.83,1,1908000,"G25","경기관련소비재",41295426
"2026-09-11","WI310","화장품,의류",139,"365900","브이씨",11331,0.03,99.85,1,4532386,"G25","경기관련소비재",41295426
"2026-09-11","WI310","화장품,의류",140,"344860","이노진",11209,0.03,99.88,1,8266500,"G25","경기관련소비재",41295426
"2026-09-11","WI310","화장품,의류",141,"335870","윙스풋",10953,0.03,99.91,1,2043557,"G25","경기관련소비재",41295426
"2026-09-11","WI310","화장품,의류",142,"342870","오아",10919,0.03,99.93,1,2888604,"G25","경기관련소비재",41295426
"2026-09-11","WI310","화장품,의류",143,"376180","피코그램",9926,0.02,99.96,1,7424415,"G25","경기관련소비재",41295426
"2026-09-11","WI310","화장품,의류",144,"109670","씨싸이트",8108,0.02,99.98,1,1342418,"G25","경기관련소비재",41295426
"2026-09-11","WI310","화장품,의류",145,"098660","에스티오",5194,0.01,99.99,1,3250253,"G25","경기관련소비재",41295426
"2026-09-11","WI310","화장품,의류",146,"069640","한세엠케이",4148,0.01,100,1,3042967,"G25","경기관련소비재",41295426
"2026-09-11","WI320","호텔,레저",1,"035250","강원랜드",1836465,35.88,35.88,1,124085489,"G25","경기관련소비재",5118134
"2026-09-11","WI320","호텔,레저",2,"032350","롯데관광개발",566808,11.07,46.96,1,47038020,"G25","경기관련소비재",5118134
"2026-09-11","WI320","호텔,레저",3,"034230","파라다이스",441509,8.63,55.58,1,44462103,"G25","경기관련소비재",5118134
"2026-09-11","WI320","호텔,레저",4,"025980","아난티",355304,6.94,62.52,1,66164673,"G25","경기관련소비재",5118134
"2026-09-11","WI320","호텔,레저",5,"039130","하나투어",350227,6.84,69.37,1,10533153,"G25","경기관련소비재",5118134
"2026-09-11","WI320","호텔,레저",6,"006730","서부T&D",345244,6.75,76.11,1,30852923,"G25","경기관련소비재",5118134
"2026-09-11","WI320","호텔,레저",7,"499790","GS피앤엘",315707,6.17,82.28,1,7932336,"G25","경기관련소비재",5118134
"2026-09-11","WI320","호텔,레저",8,"114090","GKL",279452,5.46,87.74,1,30309278,"G25","경기관련소비재",5118134
"2026-09-11","WI320","호텔,레저",9,"080160","모두투어",139754,2.73,90.47,1,14742000,"G25","경기관련소비재",5118134
"2026-09-11","WI320","호텔,레저",10,"215000","골프존",122873,2.4,92.87,1,3451478,"G25","경기관련소비재",5118134
"2026-09-11","WI320","호텔,레저",11,"019010","베뉴지",74411,1.45,94.33,1,14942000,"G25","경기관련소비재",5118134
"2026-09-11","WI320","호텔,레저",12,"475560","더본코리아",49259,0.96,95.29,1,3262153,"G25","경기관련소비재",5118134
"2026-09-11","WI320","호텔,레저",13,"070960","모나용평",48777,0.95,96.24,1,24547999,"G25","경기관련소비재",5118134
"2026-09-11","WI320","호텔,레저",14,"363280","티와이홀딩스",44578,0.87,97.11,1,20928773,"G25","경기관련소비재",5118134
"2026-09-11","WI320","호텔,레저",15,"020710","시공테크",40164,0.78,97.9,1,10825903,"G25","경기관련소비재",5118134
"2026-09-11","WI320","호텔,레저",16,"094850","참좋은여행",32908,0.64,98.54,1,7420000,"G25","경기관련소비재",5118134
"2026-09-11","WI320","호텔,레저",17,"104620","노랑풍선",32301,0.63,99.17,1,10254436,"G25","경기관련소비재",5118134
"2026-09-11","WI320","호텔,레저",18,"080010","이상네트웍스",31211,0.61,99.78,1,4229080,"G25","경기관련소비재",5118134
"2026-09-11","WI320","호텔,레저",19,"111710","남화산업",11182,0.22,100,1,3499960,"G25","경기관련소비재",5118134
"2026-09-11","WI330","미디어,교육",1,"352820","하이브",4101615,31.01,31.01,1,23708759,"G50","커뮤니케이션서비스",13227878
"2026-09-11","WI330","미디어,교육",2,"030000","제일기획",1283503,9.7,40.71,1,67874322,"G50","커뮤니케이션서비스",13227878
"2026-09-11","WI330","미디어,교육",3,"041510","에스엠",1115429,8.43,49.14,1,13278920,"G50","커뮤니케이션서비스",13227878
"2026-09-11","WI330","미디어,교육",4,"035900","JYP Ent.",1076617,8.14,57.28,1,27360018,"G50","커뮤니케이션서비스",13227878
"2026-09-11","WI330","미디어,교육",5,"122870","와이지엔터테인먼트",600282,4.54,61.82,1,13831376,"G50","커뮤니케이션서비스",13227878
"2026-09-11","WI330","미디어,교육",6,"214320","이노션",509772,3.85,65.67,1,27599999,"G50","커뮤니케이션서비스",13227878
"2026-09-11","WI330","미디어,교육",7,"079160","CJ CGV",406092,3.07,68.74,1,74512258,"G50","커뮤니케이션서비스",13227878
"2026-09-11","WI330","미디어,교육",8,"035760","CJ ENM",399111,3.02,71.76,1,11403160,"G50","커뮤니케이션서비스",13227878
"2026-09-11","WI330","미디어,교육",9,"253450","스튜디오드래곤",290140,2.19,73.95,1,13526324,"G50","커뮤니케이션서비스",13227878
"2026-09-11","WI330","미디어,교육",10,"215200","메가스터디교육",205304,1.55,75.51,1,6011825,"G25","경기관련소비재",13227878
"2026-09-11","WI330","미디어,교육",11,"419530","SAMG엔터",135043,1.02,76.53,1,7655502,"G50","커뮤니케이션서비스",13227878
"2026-09-11","WI330","미디어,교육",12,"034120","SBS",134125,1.01,77.54,1,11130742,"G50","커뮤니케이션서비스",13227878
"2026-09-11","WI330","미디어,교육",13,"037270","YG PLUS",132146,1,78.54,1,42017652,"G50","커뮤니케이션서비스",13227878
"2026-09-11","WI330","미디어,교육",14,"016880","웅진",105911,0.8,79.34,1,55948956,"G50","커뮤니케이션서비스",13227878
"2026-09-11","WI330","미디어,교육",15,"0039P0","매드업",97751,0.74,80.08,1,10344070,"G50","커뮤니케이션서비스",13227878
"2026-09-11","WI330","미디어,교육",16,"461300","아이스크림미디어",94724,0.72,80.8,1,4933555,"G25","경기관련소비재",13227878
"2026-09-11","WI330","미디어,교육",17,"403850","더핑크퐁컴퍼니",94252,0.71,81.51,1,7462525,"G50","커뮤니케이션서비스",13227878
"2026-09-11","WI330","미디어,교육",18,"053210","스카이라이프",93960,0.71,82.22,1,23286247,"G50","커뮤니케이션서비스",13227878
"2026-09-11","WI330","미디어,교육",19,"072870","메가스터디",88742,0.67,82.89,1,6794946,"G25","경기관련소비재",13227878
"2026-09-11","WI330","미디어,교육",20,"068930","디지털대성",84078,0.64,83.53,1,9686369,"G25","경기관련소비재",13227878
"2026-09-11","WI330","미디어,교육",21,"473980","노머스",81329,0.61,84.14,1,7400271,"G50","커뮤니케이션서비스",13227878
"2026-09-11","WI330","미디어,교육",22,"089600","KT나스미디어",80994,0.61,84.75,1,6362489,"G50","커뮤니케이션서비스",13227878
"2026-09-11","WI330","미디어,교육",23,"035000","HS애드",62899,0.48,85.23,1,10210815,"G50","커뮤니케이션서비스",13227878
"2026-09-11","WI330","미디어,교육",24,"310200","애니플러스",62014,0.47,85.7,1,30776073,"G50","커뮤니케이션서비스",13227878
"2026-09-11","WI330","미디어,교육",25,"389140","포바이포",61303,0.46,86.16,1,11415788,"G50","커뮤니케이션서비스",13227878
"2026-09-11","WI330","미디어,교육",26,"040300","YTN",57323,0.43,86.59,1,29082957,"G50","커뮤니케이션서비스",13227878
"2026-09-11","WI330","미디어,교육",27,"215100","로보로보",54045,0.41,87,1,13023010,"G25","경기관련소비재",13227878
"2026-09-11","WI330","미디어,교육",28,"067280","멀티캠퍼스",52814,0.4,87.4,1,2252176,"G25","경기관련소비재",13227878
"2026-09-11","WI330","미디어,교육",29,"037560","LG헬로비전",52806,0.4,87.8,1,31753214,"G50","커뮤니케이션서비스",13227878
"2026-09-11","WI330","미디어,교육",30,"060570","드림어스컴퍼니",50792,0.38,88.18,1,10077813,"G50","커뮤니케이션서비스",13227878
"2026-09-11","WI330","미디어,교육",31,"086980","쇼박스",50324,0.38,88.56,1,26223960,"G50","커뮤니케이션서비스",13227878
"2026-09-11","WI330","미디어,교육",32,"058400","KNN",49582,0.37,88.94,1,7945783,"G50","커뮤니케이션서비스",13227878
"2026-09-11","WI330","미디어,교육",33,"475580","에이럭스",49544,0.37,89.31,1,6948699,"G25","경기관련소비재",13227878
"2026-09-11","WI330","미디어,교육",34,"040420","정상제이엘에스",49187,0.37,89.69,1,8465878,"G25","경기관련소비재",13227878
"2026-09-11","WI330","미디어,교육",35,"418470","KT밀리의서재",48466,0.37,90.05,1,5053815,"G50","커뮤니케이션서비스",13227878
"2026-09-11","WI330","미디어,교육",36,"291230","컴투스엔",47571,0.36,90.41,1,18728760,"G50","커뮤니케이션서비스",13227878
"2026-09-11","WI330","미디어,교육",37,"048910","대원미디어",47498,0.36,90.77,1,7421578,"G50","커뮤니케이션서비스",13227878
"2026-09-11","WI330","미디어,교육",38,"096240","크레버스",47436,0.36,91.13,1,5528617,"G25","경기관련소비재",13227878
"2026-09-11","WI330","미디어,교육",39,"263720","디앤씨미디어",46021,0.35,91.48,1,6454547,"G50","커뮤니케이션서비스",13227878
"2026-09-11","WI330","미디어,교육",40,"048550","SM C&C",45108,0.34,91.82,1,42554432,"G50","커뮤니케이션서비스",13227878
"2026-09-11","WI330","미디어,교육",41,"043610","KT지니뮤직",43496,0.33,92.15,1,36612725,"G50","커뮤니케이션서비스",13227878
"2026-09-11","WI330","미디어,교육",42,"047820","초록뱀미디어",42837,0.32,92.47,1,13449661,"G50","커뮤니케이션서비스",13227878
"2026-09-11","WI330","미디어,교육",43,"182360","큐브엔터",36617,0.28,92.75,1,6062388,"G50","커뮤니케이션서비스",13227878
"2026-09-11","WI330","미디어,교육",44,"216050","인크로스",35392,0.27,93.02,1,6953214,"G50","커뮤니케이션서비스",13227878
"2026-09-11","WI330","미디어,교육",45,"339950","아이비김영",34137,0.26,93.27,1,13933463,"G25","경기관련소비재",13227878
"2026-09-11","WI330","미디어,교육",46,"063440","SM Life Design",31249,0.24,93.51,1,30817167,"G50","커뮤니케이션서비스",13227878
"2026-09-11","WI330","미디어,교육",47,"036000","예림당",30728,0.23,93.74,1,10595767,"G50","커뮤니케이션서비스",13227878
"2026-09-11","WI330","미디어,교육",48,"373160","데이원컴퍼니",30037,0.23,93.97,1,10079452,"G25","경기관련소비재",13227878
"2026-09-11","WI330","미디어,교육",49,"361570","알비더블유",29807,0.23,94.19,1,17533407,"G50","커뮤니케이션서비스",13227878
"2026-09-11","WI330","미디어,교육",50,"039340","한국경제TV",28514,0.22,94.41,1,5720000,"G50","커뮤니케이션서비스",13227878
"2026-09-11","WI330","미디어,교육",51,"432430","와이랩",27338,0.21,94.62,1,13206656,"G50","커뮤니케이션서비스",13227878
"2026-09-11","WI330","미디어,교육",52,"100220","비상교육",25445,0.19,94.81,1,5068728,"G25","경기관련소비재",13227878
"2026-09-11","WI330","미디어,교육",53,"095720","웅진씽크빅",24529,0.19,94.99,1,18752938,"G25","경기관련소비재",13227878
"2026-09-11","WI330","미디어,교육",54,"321820","아티스트컴퍼니",23963,0.18,95.18,1,9198911,"G50","커뮤니케이션서비스",13227878
"2026-09-11","WI330","미디어,교육",55,"457600","벡트",22724,0.17,95.35,1,4934700,"G25","경기관련소비재",13227878
"2026-09-11","WI330","미디어,교육",56,"068290","삼성출판사",22428,0.17,95.52,1,3600000,"G50","커뮤니케이션서비스",13227878
"2026-09-11","WI330","미디어,교육",57,"123570","이엠넷",20976,0.16,95.68,1,12697364,"G50","커뮤니케이션서비스",13227878
"2026-09-11","WI330","미디어,교육",58,"173940","에프엔씨엔터",20850,0.16,95.83,1,9697469,"G50","커뮤니케이션서비스",13227878
"2026-09-11","WI330","미디어,교육",59,"010470","오리콤",20453,0.15,95.99,1,4191267,"G50","커뮤니케이션서비스",13227878
"2026-09-11","WI330","미디어,교육",60,"068050","팬엔터테인먼트",20103,0.15,96.14,1,16893386,"G50","커뮤니케이션서비스",13227878
"2026-09-11","WI330","미디어,교육",61,"236810","엔비티",19995,0.15,96.29,1,11373535,"G50","커뮤니케이션서비스",13227878
"2026-09-11","WI330","미디어,교육",62,"033830","티비씨",19864,0.15,96.44,1,11344278,"G50","커뮤니케이션서비스",13227878
"2026-09-11","WI330","미디어,교육",63,"464580","닷밀",19352,0.15,96.59,1,12148018,"G50","커뮤니케이션서비스",13227878
"2026-09-11","WI330","미디어,교육",64,"054780","키이스트",18728,0.14,96.73,1,13760455,"G50","커뮤니케이션서비스",13227878
"2026-09-11","WI330","미디어,교육",65,"046390","삼화네트웍스",18671,0.14,96.87,1,9152661,"G50","커뮤니케이션서비스",13227878
"2026-09-11","WI330","미디어,교육",66,"206560","덱스터",18632,0.14,97.01,1,19821154,"G50","커뮤니케이션서비스",13227878
"2026-09-11","WI330","미디어,교육",67,"160550","NEW",18108,0.14,97.15,1,17580846,"G50","커뮤니케이션서비스",13227878
"2026-09-11","WI330","미디어,교육",68,"322780","코퍼스코리아",17989,0.14,97.28,1,9905982,"G50","커뮤니케이션서비스",13227878
"2026-09-11","WI330","미디어,교육",69,"057030","YBM넷",17512,0.13,97.42,1,8319475,"G25","경기관련소비재",13227878
"2026-09-11","WI330","미디어,교육",70,"104200","NHN벅스",17393,0.13,97.55,1,6820673,"G50","커뮤니케이션서비스",13227878
"2026-09-11","WI330","미디어,교육",71,"133750","메가엠디",17286,0.13,97.68,1,11937609,"G25","경기관련소비재",13227878
"2026-09-11","WI330","미디어,교육",72,"200350","아티스트스튜디오",17164,0.13,97.81,1,7696939,"G50","커뮤니케이션서비스",13227878
"2026-09-11","WI330","미디어,교육",73,"032800","판타지오",17119,0.13,97.94,1,11481338,"G50","커뮤니케이션서비스",13227878
"2026-09-11","WI330","미디어,교육",74,"127710","아시아경제",17073,0.13,98.07,1,16738699,"G50","커뮤니케이션서비스",13227878
"2026-09-11","WI330","미디어,교육",75,"052220","iMBC",17060,0.13,98.2,1,9660000,"G50","커뮤니케이션서비스",13227878
"2026-09-11","WI330","미디어,교육",76,"476080","M83",16356,0.12,98.32,1,4038500,"G50","커뮤니케이션서비스",13227878
"2026-09-11","WI330","미디어,교육",77,"273060","와이즈버즈",16306,0.12,98.44,1,4128119,"G50","커뮤니케이션서비스",13227878
"2026-09-11","WI330","미디어,교육",78,"241840","에이스토리",16176,0.12,98.56,1,6868795,"G50","커뮤니케이션서비스",13227878
"2026-09-11","WI330","미디어,교육",79,"369370","블리츠웨이엔터테인먼트",15822,0.12,98.68,1,4488471,"G50","커뮤니케이션서비스",13227878
"2026-09-11","WI330","미디어,교육",80,"044480","빌리언스",14616,0.11,98.8,1,4123113,"G50","커뮤니케이션서비스",13227878
"2026-09-11","WI330","미디어,교육",81,"210120","캔버스엔",14037,0.11,98.9,1,8822441,"G50","커뮤니케이션서비스",13227878
"2026-09-11","WI330","미디어,교육",82,"053290","NE능률",13801,0.1,99.01,1,8593679,"G25","경기관련소비재",13227878
"2026-09-11","WI330","미디어,교육",83,"084440","유비온",13501,0.1,99.11,1,11288128,"G25","경기관련소비재",13227878
"2026-09-11","WI330","미디어,교육",84,"134060","이퓨쳐",13475,0.1,99.21,1,2432317,"G25","경기관련소비재",13227878
"2026-09-11","WI330","미디어,교육",85,"363260","모비데이즈",13333,0.1,99.31,1,3152048,"G50","커뮤니케이션서비스",13227878
"2026-09-11","WI330","미디어,교육",86,"078860","아이오케이이엔엠",12913,0.1,99.41,1,4818206,"G50","커뮤니케이션서비스",13227878
"2026-09-11","WI330","미디어,교육",87,"408900","스튜디오미르",11110,0.08,99.49,1,10480937,"G50","커뮤니케이션서비스",13227878
"2026-09-11","WI330","미디어,교육",88,"019680","대교",10978,0.08,99.57,1,6035077,"G25","경기관련소비재",13227878
"2026-09-11","WI330","미디어,교육",89,"397810","애드포러스",10605,0.08,99.66,1,1548231,"G50","커뮤니케이션서비스",13227878
"2026-09-11","WI330","미디어,교육",90,"351870","차이커뮤니케이션",9685,0.07,99.73,1,4352650,"G50","커뮤니케이션서비스",13227878
"2026-09-11","WI330","미디어,교육",91,"458350","에스팀",9543,0.07,99.8,1,3039120,"G50","커뮤니케이션서비스",13227878
"2026-09-11","WI330","미디어,교육",92,"362990","드림인사이트",8138,0.06,99.86,1,6720229,"G50","커뮤니케이션서비스",13227878
"2026-09-11","WI330","미디어,교육",93,"237820","플레이디",7344,0.06,99.92,1,3206785,"G50","커뮤니케이션서비스",13227878
"2026-09-11","WI330","미디어,교육",94,"058450","한주에이알티",5477,0.04,99.96,1,4102458,"G50","커뮤니케이션서비스",13227878
"2026-09-11","WI330","미디어,교육",95,"131100","티엔엔터테인먼트",5445,0.04,100,1,2321763,"G50","커뮤니케이션서비스",13227878
"2026-09-11","WI340","소매(유통)",1,"004170","신세계",2159168,17.06,17.06,1,5667108,"G25","경기관련소비재",12653833
"2026-09-11","WI340","소매(유통)",2,"257720","실리콘투",1568912,12.4,29.46,1,36066938,"G25","경기관련소비재",12653833
"2026-09-11","WI340","소매(유통)",3,"139480","이마트",1444006,11.41,40.87,1,19593031,"G25","경기관련소비재",12653833
"2026-09-11","WI340","소매(유통)",4,"282330","BGF리테일",1253083,9.9,50.78,1,8641953,"G25","경기관련소비재",12653833
"2026-09-11","WI340","소매(유통)",5,"008770","호텔신라",1242085,9.82,60.59,1,30221053,"G25","경기관련소비재",12653833
"2026-09-11","WI340","소매(유통)",6,"069960","현대백화점",1216908,9.62,70.21,1,12291999,"G25","경기관련소비재",12653833
"2026-09-11","WI340","소매(유통)",7,"023530","롯데쇼핑",1203969,9.51,79.72,1,10749726,"G25","경기관련소비재",12653833
"2026-09-11","WI340","소매(유통)",8,"007070","GS리테일",837746,6.62,86.34,1,33442966,"G25","경기관련소비재",12653833
"2026-09-11","WI340","소매(유통)",9,"052020","에스티큐브",501649,3.96,90.31,1,63904293,"G25","경기관련소비재",12653833
"2026-09-11","WI340","소매(유통)",10,"452260","한화갤러리아",233795,1.85,92.16,1,87236824,"G25","경기관련소비재",12653833
"2026-09-11","WI340","소매(유통)",11,"051160","지어소프트",105647,0.83,92.99,1,10522612,"G25","경기관련소비재",12653833
"2026-09-11","WI340","소매(유통)",12,"037710","광주신세계",100042,0.79,93.78,1,2822053,"G25","경기관련소비재",12653833
"2026-09-11","WI340","소매(유통)",13,"035080","그래디언트",78406,0.62,94.4,1,6369253,"G25","경기관련소비재",12653833
"2026-09-11","WI340","소매(유통)",14,"003580","HLB글로벌",76848,0.61,95.01,1,47117059,"G25","경기관련소비재",12653833
"2026-09-11","WI340","소매(유통)",15,"063170","서울옥션",67702,0.54,95.54,1,11553273,"G25","경기관련소비재",12653833
"2026-09-11","WI340","소매(유통)",16,"036030","케이티알파",61941,0.49,96.03,1,13235168,"G25","경기관련소비재",12653833
"2026-09-11","WI340","소매(유통)",17,"064240","홈캐스트",51833,0.41,96.44,1,28796228,"G25","경기관련소비재",12653833
"2026-09-11","WI340","소매(유통)",18,"362320","청담글로벌",49282,0.39,96.83,1,10760316,"G25","경기관련소비재",12653833
"2026-09-11","WI340","소매(유통)",19,"071840","롯데하이마트",47140,0.37,97.21,1,7554467,"G25","경기관련소비재",12653833
"2026-09-11","WI340","소매(유통)",20,"064800","포니링크",45870,0.36,97.57,1,18915479,"G25","경기관련소비재",12653833
"2026-09-11","WI340","소매(유통)",21,"067830","세이브존I&C",38414,0.3,97.87,1,16005949,"G25","경기관련소비재",12653833
"2026-09-11","WI340","소매(유통)",22,"475460","미트박스",37206,0.29,98.17,1,4291359,"G25","경기관련소비재",12653833
"2026-09-11","WI340","소매(유통)",23,"102370","케이옥션",36624,0.29,98.45,1,12167496,"G25","경기관련소비재",12653833
"2026-09-11","WI340","소매(유통)",24,"053280","예스24",33075,0.26,98.72,1,11250000,"G25","경기관련소비재",12653833
"2026-09-11","WI340","소매(유통)",25,"080420","모다이노칩",27624,0.22,98.93,1,16741540,"G25","경기관련소비재",12653833
"2026-09-11","WI340","소매(유통)",26,"178780","일월지엠엘",23765,0.19,99.12,1,9505989,"G25","경기관련소비재",12653833
"2026-09-11","WI340","소매(유통)",27,"009810","MDS스피어",22242,0.18,99.3,1,11812201,"G25","경기관련소비재",12653833
"2026-09-11","WI340","소매(유통)",28,"051390","YW",21428,0.17,99.47,1,5337022,"G25","경기관련소비재",12653833
"2026-09-11","WI340","소매(유통)",29,"006370","대구백화점",15929,0.13,99.59,1,4977941,"G25","경기관련소비재",12653833
"2026-09-11","WI340","소매(유통)",30,"019660","글로본",15160,0.12,99.71,1,10039919,"G25","경기관련소비재",12653833
"2026-09-11","WI340","소매(유통)",31,"007720","소노스퀘어",13139,0.1,99.82,1,11088049,"G25","경기관련소비재",12653833
"2026-09-11","WI340","소매(유통)",32,"039740","한국정보공학",12595,0.1,99.92,1,4089382,"G25","경기관련소비재",12653833
"2026-09-11","WI340","소매(유통)",33,"032860","더라미",10598,0.08,100,1,3635627,"G25","경기관련소비재",12653833
"2026-09-11","WI400","필수소비재",1,"033780","KT&G",13197631,39.01,39.01,1,76819737,"G30","필수소비재",33829528
"2026-09-11","WI400","필수소비재",2,"003230","삼양식품",5198684,15.37,54.38,1,4067828,"G30","필수소비재",33829528
"2026-09-11","WI400","필수소비재",3,"271560","오리온",2640839,7.81,62.19,1,22136121,"G30","필수소비재",33829528
"2026-09-11","WI400","필수소비재",4,"140410","메지온",1567554,4.63,66.82,1,21741388,"G30","필수소비재",33829528
"2026-09-11","WI400","필수소비재",5,"097950","CJ제일제당",1406723,4.16,70.98,1,7828176,"G30","필수소비재",33829528
"2026-09-11","WI400","필수소비재",6,"004370","농심",1260628,3.73,74.7,1,3041321,"G30","필수소비재",33829528
"2026-09-11","WI400","필수소비재",7,"026960","동서",774669,2.29,76.99,1,29910000,"G30","필수소비재",33829528
"2026-09-11","WI400","필수소비재",8,"001800","오리온홀딩스",489916,1.45,78.44,1,19250128,"G30","필수소비재",33829528
"2026-09-11","WI400","필수소비재",9,"007310","오뚜기",479737,1.42,79.86,1,1442818,"G30","필수소비재",33829528
"2026-09-11","WI400","필수소비재",10,"003380","하림지주",474926,1.4,81.26,1,41442079,"G30","필수소비재",33829528
"2026-09-11","WI400","필수소비재",11,"000080","하이트진로",472757,1.4,82.66,1,30858788,"G30","필수소비재",33829528
"2026-09-11","WI400","필수소비재",12,"005180","빙그레",403314,1.19,83.85,1,4541825,"G30","필수소비재",33829528
"2026-09-11","WI400","필수소비재",13,"001680","대상",363998,1.08,84.93,1,19402894,"G30","필수소비재",33829528
"2026-09-11","WI400","필수소비재",14,"005300","롯데칠성",362248,1.07,86,1,3711553,"G30","필수소비재",33829528
"2026-09-11","WI400","필수소비재",15,"006040","동원산업",354098,1.05,87.05,1,9269571,"G30","필수소비재",33829528
"2026-09-11","WI400","필수소비재",16,"453340","현대그린푸드",312000,0.92,87.97,1,16560509,"G30","필수소비재",33829528
"2026-09-11","WI400","필수소비재",17,"280360","롯데웰푸드",302527,0.89,88.86,1,2117052,"G30","필수소비재",33829528
"2026-09-11","WI400","필수소비재",18,"035810","이지홀딩스",145736,0.43,89.29,1,31612930,"G30","필수소비재",33829528
"2026-09-11","WI400","필수소비재",19,"072710","농심홀딩스",143558,0.42,89.72,1,1530470,"G30","필수소비재",33829528
"2026-09-11","WI400","필수소비재",20,"145990","삼양사",142815,0.42,90.14,1,2990900,"G30","필수소비재",33829528
"2026-09-11","WI400","필수소비재",21,"051500","CJ프레시웨이",141058,0.42,90.56,1,6173224,"G30","필수소비재",33829528
"2026-09-11","WI400","필수소비재",22,"017810","풀무원",129686,0.38,90.94,1,13723395,"G30","필수소비재",33829528
"2026-09-11","WI400","필수소비재",23,"136490","선진",128529,0.38,91.32,1,11889802,"G30","필수소비재",33829528
"2026-09-11","WI400","필수소비재",24,"001790","대한제당",119592,0.35,91.68,1,42258538,"G30","필수소비재",33829528
"2026-09-11","WI400","필수소비재",25,"136480","하림",116703,0.34,92.02,1,43545977,"G30","필수소비재",33829528
"2026-09-11","WI400","필수소비재",26,"001130","대한제분",95894,0.28,92.3,1,8281000,"G30","필수소비재",33829528
"2026-09-11","WI400","필수소비재",27,"353810","이지바이오",95157,0.28,92.58,1,15548502,"G30","필수소비재",33829528
"2026-09-11","WI400","필수소비재",28,"084690","대상홀딩스",95123,0.28,92.87,1,11950137,"G30","필수소비재",33829528
"2026-09-11","WI400","필수소비재",29,"267980","매일유업",91734,0.27,93.14,1,2682273,"G30","필수소비재",33829528
"2026-09-11","WI400","필수소비재",30,"007160","사조산업",89775,0.27,93.4,1,1750000,"G30","필수소비재",33829528
"2026-09-11","WI400","필수소비재",31,"260970","에스앤디",88142,0.26,93.66,1,1591014,"G30","필수소비재",33829528
"2026-09-11","WI400","필수소비재",32,"003920","남양유업",87927,0.26,93.92,1,2042440,"G30","필수소비재",33829528
"2026-09-11","WI400","필수소비재",33,"003960","사조대림",75057,0.22,94.14,1,2566050,"G30","필수소비재",33829528
"2026-09-11","WI400","필수소비재",34,"033920","무학",74032,0.22,94.36,1,9690000,"G30","필수소비재",33829528
"2026-09-11","WI400","필수소비재",35,"005610","삼립",71793,0.21,94.58,1,1725801,"G30","필수소비재",33829528
"2026-09-11","WI400","필수소비재",36,"290720","푸드나무",69115,0.2,94.78,1,25178520,"G30","필수소비재",33829528
"2026-09-11","WI400","필수소비재",37,"027710","팜스토리",64009,0.19,94.97,1,55708300,"G30","필수소비재",33829528
"2026-09-11","WI400","필수소비재",38,"227840","현대코퍼레이션홀딩스",58552,0.17,95.14,1,4459409,"G30","필수소비재",33829528
"2026-09-11","WI400","필수소비재",39,"073560","우리손에프앤지",53140,0.16,95.3,1,34618821,"G30","필수소비재",33829528
"2026-09-11","WI400","필수소비재",40,"005860","한일사료",50610,0.15,95.45,1,20489916,"G30","필수소비재",33829528
"2026-09-11","WI400","필수소비재",41,"004970","신라교역",48840,0.14,95.59,1,5280000,"G30","필수소비재",33829528
"2026-09-11","WI400","필수소비재",42,"000140","하이트진로홀딩스",48270,0.14,95.74,1,6033758,"G30","필수소비재",33829528
"2026-09-11","WI400","필수소비재",43,"339770","교촌에프앤비",47966,0.14,95.88,1,12491270,"G30","필수소비재",33829528
"2026-09-11","WI400","필수소비재",44,"004650","창해에탄올",47264,0.14,96.02,1,5054986,"G30","필수소비재",33829528
"2026-09-11","WI400","필수소비재",45,"248170","샘표식품",46962,0.14,96.16,1,1827314,"G30","필수소비재",33829528
"2026-09-11","WI400","필수소비재",46,"101530","해태제과식품",43867,0.13,96.29,1,7861541,"G30","필수소비재",33829528
"2026-09-11","WI400","필수소비재",47,"004410","서울식품",40897,0.12,96.41,1,33142210,"G30","필수소비재",33829528
"2026-09-11","WI400","필수소비재",48,"002760","보락",40655,0.12,96.53,1,40133000,"G30","필수소비재",33829528
"2026-09-11","WI400","필수소비재",49,"008040","사조동아원",39273,0.12,96.64,1,4940061,"G30","필수소비재",33829528
"2026-09-11","WI400","필수소비재",50,"011150","CJ씨푸드",38182,0.11,96.76,1,19043309,"G30","필수소비재",33829528
"2026-09-11","WI400","필수소비재",51,"005990","매일홀딩스",38033,0.11,96.87,1,3457559,"G30","필수소비재",33829528
"2026-09-11","WI400","필수소비재",52,"208140","정다운",37839,0.11,96.98,1,16668965,"G30","필수소비재",33829528
"2026-09-11","WI400","필수소비재",53,"018120","진로발효",37460,0.11,97.09,1,2251180,"G30","필수소비재",33829528
"2026-09-11","WI400","필수소비재",54,"036580","팜스코",37242,0.11,97.2,1,14323897,"G30","필수소비재",33829528
"2026-09-11","WI400","필수소비재",55,"003310","대주산업",37062,0.11,97.31,1,21943257,"G30","필수소비재",33829528
"2026-09-11","WI400","필수소비재",56,"007540","샘표",36379,0.11,97.42,1,632676,"G30","필수소비재",33829528
"2026-09-11","WI400","필수소비재",57,"005740","크라운해태홀딩스",34455,0.1,97.52,1,6087412,"G30","필수소비재",33829528
"2026-09-11","WI400","필수소비재",58,"264900","크라운제과",34278,0.1,97.62,1,4258109,"G30","필수소비재",33829528
"2026-09-11","WI400","필수소비재",59,"027740","마니커",33543,0.1,97.72,1,22228929,"G30","필수소비재",33829528
"2026-09-11","WI400","필수소비재",60,"004590","한국가구",33198,0.1,97.82,1,6600000,"G30","필수소비재",33829528
"2026-09-11","WI400","필수소비재",61,"014710","사조씨푸드",32729,0.1,97.92,1,3099337,"G30","필수소비재",33829528
"2026-09-11","WI400","필수소비재",62,"009780","엠에스씨",32361,0.1,98.01,1,4752000,"G30","필수소비재",33829528
"2026-09-11","WI400","필수소비재",63,"043650","국순당",29493,0.09,98.1,1,8036236,"G30","필수소비재",33829528
"2026-09-11","WI400","필수소비재",64,"000890","보해양조",28114,0.08,98.18,1,20718018,"G30","필수소비재",33829528
"2026-09-11","WI400","필수소비재",65,"002600","조흥",27166,0.08,98.26,1,198000,"G30","필수소비재",33829528
"2026-09-11","WI400","필수소비재",66,"005670","푸드웰",26961,0.08,98.34,1,4300000,"G30","필수소비재",33829528
"2026-09-11","WI400","필수소비재",67,"002140","고려산업",26845,0.08,98.42,1,12968501,"G30","필수소비재",33829528
"2026-09-11","WI400","필수소비재",68,"012690","모나리자",26145,0.08,98.5,1,17919914,"G30","필수소비재",33829528
"2026-09-11","WI400","필수소비재",69,"276730","한울앤제주",25792,0.08,98.57,1,22427581,"G30","필수소비재",33829528
"2026-09-11","WI400","필수소비재",70,"025880","케이씨피드",25479,0.08,98.65,1,10865307,"G30","필수소비재",33829528
"2026-09-11","WI400","필수소비재",71,"0013V0","삼진식품",25185,0.07,98.72,1,4760954,"G30","필수소비재",33829528
"2026-09-11","WI400","필수소비재",72,"088910","동우팜투테이블",25146,0.07,98.8,1,12089229,"G30","필수소비재",33829528
"2026-09-11","WI400","필수소비재",73,"318410","비비씨",24609,0.07,98.87,1,3833117,"G30","필수소비재",33829528
"2026-09-11","WI400","필수소비재",74,"006980","우성",24548,0.07,98.94,1,1421400,"G30","필수소비재",33829528
"2026-09-11","WI400","필수소비재",75,"317240","TS트릴리온",23320,0.07,99.01,1,22466067,"G30","필수소비재",33829528
"2026-09-11","WI400","필수소비재",76,"189980","흥국에프엔비",22034,0.07,99.08,1,18864778,"G30","필수소비재",33829528
"2026-09-11","WI400","필수소비재",77,"195500","마니커에프앤지",19584,0.06,99.14,1,11184600,"G30","필수소비재",33829528
"2026-09-11","WI400","필수소비재",78,"009770","삼정펄프",18135,0.05,99.19,1,649992,"G30","필수소비재",33829528
"2026-09-11","WI400","필수소비재",79,"006880","신송홀딩스",17839,0.05,99.24,1,3903523,"G30","필수소비재",33829528
"2026-09-11","WI400","필수소비재",80,"053620","태양",17621,0.05,99.29,1,2580000,"G30","필수소비재",33829528
"2026-09-11","WI400","필수소비재",81,"218150","미래생명자원",17027,0.05,99.34,1,8166320,"G30","필수소비재",33829528
"2026-09-11","WI400","필수소비재",82,"103840","우양",16712,0.05,99.39,1,10147185,"G30","필수소비재",33829528
"2026-09-11","WI400","필수소비재",83,"311390","네오크레마",16673,0.05,99.44,1,6833046,"G30","필수소비재",33829528
"2026-09-11","WI400","필수소비재",84,"110020","전진바이오팜",16610,0.05,99.49,1,8334061,"G30","필수소비재",33829528
"2026-09-11","WI400","필수소비재",85,"065150","대산F&B",16377,0.05,99.54,1,12113062,"G30","필수소비재",33829528
"2026-09-11","WI400","필수소비재",86,"006090","사조오양",16059,0.05,99.59,1,1790320,"G30","필수소비재",33829528
"2026-09-11","WI400","필수소비재",87,"003680","한성기업",15822,0.05,99.63,1,3228947,"G30","필수소비재",33829528
"2026-09-11","WI400","필수소비재",88,"277410","인산가",15528,0.05,99.68,1,2880862,"G30","필수소비재",33829528
"2026-09-11","WI400","필수소비재",89,"023150","MH에탄올",13441,0.04,99.72,1,3246551,"G30","필수소비재",33829528
"2026-09-11","WI400","필수소비재",90,"066360","체리부로",13067,0.04,99.76,1,8871122,"G30","필수소비재",33829528
"2026-09-11","WI400","필수소비재",91,"435570","에르코스",12979,0.04,99.8,1,1828075,"G30","필수소비재",33829528
"2026-09-11","WI400","필수소비재",92,"188040","바이오포트",11923,0.04,99.83,1,2433240,"G30","필수소비재",33829528
"2026-09-11","WI400","필수소비재",93,"403490","우듬지팜",11658,0.03,99.87,1,5511895,"G30","필수소비재",33829528
"2026-09-11","WI400","필수소비재",94,"222980","한국맥널티",10839,0.03,99.9,1,4743537,"G30","필수소비재",33829528
"2026-09-11","WI400","필수소비재",95,"250000","보라티알",10626,0.03,99.93,1,1822697,"G30","필수소비재",33829528
"2026-09-11","WI400","필수소비재",96,"405920","나라셀라",9568,0.03,99.96,1,5408791,"G30","필수소비재",33829528
"2026-09-11","WI400","필수소비재",97,"051780","큐로홀딩스",7127,0.02,99.98,1,2736008,"G30","필수소비재",33829528
"2026-09-11","WI400","필수소비재",98,"223310","사토시홀딩스",6736,0.02,100,1,2237996,"G30","필수소비재",33829528
"2026-09-11","WI410","건강관리",1,"068270","셀트리온",27358571,19.17,19.17,1,153527336,"G35","건강관리",142683009
"2026-09-11","WI410","건강관리",2,"207940","삼성바이오로직스",16375423,11.48,30.65,1,11572737,"G35","건강관리",142683009
"2026-09-11","WI410","건강관리",3,"196170","알테오젠",14934060,10.47,41.12,1,55724106,"G35","건강관리",142683009
"2026-09-11","WI410","건강관리",4,"000100","유한양행",3974663,2.79,43.9,1,50058731,"G35","건강관리",142683009
"2026-09-11","WI410","건강관리",5,"028300","HLB",3644503,2.55,46.46,1,115882454,"G35","건강관리",142683009
"2026-09-11","WI410","건강관리",6,"326030","SK바이오팜",3109036,2.18,48.64,1,39156625,"G35","건강관리",142683009
"2026-09-11","WI410","건강관리",7,"087010","펩트론",3097943,2.17,50.81,1,21218788,"G35","건강관리",142683009
"2026-09-11","WI410","건강관리",8,"128940","한미약품",2853264,2,52.81,1,6149275,"G35","건강관리",142683009
"2026-09-11","WI410","건강관리",9,"298380","에이비엘바이오",2738571,1.92,54.73,1,41430722,"G35","건강관리",142683009
"2026-09-11","WI410","건강관리",10,"214450","파마리서치",2238553,1.57,56.3,1,6545478,"G35","건강관리",142683009
"2026-09-11","WI410","건강관리",11,"141080","리가켐바이오",2207838,1.55,57.84,1,25913592,"G35","건강관리",142683009
"2026-09-11","WI410","건강관리",12,"0126Z0","삼성에피스홀딩스",2199661,1.54,59.38,1,6469592,"G35","건강관리",142683009
"2026-09-11","WI410","건강관리",13,"000250","삼천당제약",2186377,1.53,60.92,1,13605333,"G35","건강관리",142683009
"2026-09-11","WI410","건강관리",14,"226950","올릭스",1818714,1.27,62.19,1,16639651,"G35","건강관리",142683009
"2026-09-11","WI410","건강관리",15,"009420","한올바이오파마",1727389,1.21,63.4,1,34478821,"G35","건강관리",142683009
"2026-09-11","WI410","건강관리",16,"347850","디앤디파마텍",1721867,1.21,64.61,1,36211711,"G35","건강관리",142683009
"2026-09-11","WI410","건강관리",17,"310210","보로노이",1505149,1.05,65.66,1,10373186,"G35","건강관리",142683009
"2026-09-11","WI410","건강관리",18,"007390","네이처셀",1326202,0.93,66.59,1,52836745,"G35","건강관리",142683009
"2026-09-11","WI410","건강관리",19,"145020","휴젤",1214222,0.85,67.44,1,5256372,"G35","건강관리",142683009
"2026-09-11","WI410","건강관리",20,"039200","오스코텍",1201689,0.84,68.29,1,34432358,"G35","건강관리",142683009
"2026-09-11","WI410","건강관리",21,"237690","에스티팜",1146127,0.8,69.09,1,12734749,"G35","건강관리",142683009
"2026-09-11","WI410","건강관리",22,"008930","한미사이언스",997628,0.7,69.79,1,19833549,"G35","건강관리",142683009
"2026-09-11","WI410","건강관리",23,"302440","SK바이오사이언스",964427,0.68,70.47,1,25890662,"G35","건강관리",142683009
"2026-09-11","WI410","건강관리",24,"290650","엘앤씨바이오",960483,0.67,71.14,1,20242004,"G35","건강관리",142683009
"2026-09-11","WI410","건강관리",25,"475830","오름테라퓨틱",930467,0.65,71.79,1,18244455,"G35","건강관리",142683009
"2026-09-11","WI410","건강관리",26,"096530","씨젠",884682,0.62,72.41,1,28040641,"G35","건강관리",142683009
"2026-09-11","WI410","건강관리",27,"214150","클래시스",836321,0.59,73,1,26094263,"G35","건강관리",142683009
"2026-09-11","WI410","건강관리",28,"068760","셀트리온제약",787253,0.55,73.55,1,19981049,"G35","건강관리",142683009
"2026-09-11","WI410","건강관리",29,"127120","제이에스링크",711065,0.5,74.05,1,22609385,"G35","건강관리",142683009
"2026-09-11","WI410","건강관리",30,"006280","녹십자",689716,0.48,74.53,1,5375807,"G35","건강관리",142683009
"2026-09-11","WI410","건강관리",31,"115180","큐리언트",687325,0.48,75.01,1,31528686,"G35","건강관리",142683009
"2026-09-11","WI410","건강관리",32,"445680","큐리옥스바이오시스템즈",677444,0.47,75.49,1,14113419,"G35","건강관리",142683009
"2026-09-11","WI410","건강관리",33,"458870","씨어스",662608,0.46,75.95,1,27608660,"G35","건강관리",142683009
"2026-09-11","WI410","건강관리",34,"214370","케어젠",604777,0.42,76.37,1,14503050,"G35","건강관리",142683009
"2026-09-11","WI410","건강관리",35,"0009K0","에임드바이오",600569,0.42,76.8,1,26515176,"G35","건강관리",142683009
"2026-09-11","WI410","건강관리",36,"476830","알지노믹스",587341,0.41,77.21,1,22163794,"G35","건강관리",142683009
"2026-09-11","WI410","건강관리",37,"328130","루닛",581578,0.41,77.62,1,68501525,"G35","건강관리",142683009
"2026-09-11","WI410","건강관리",38,"195940","HK이노엔",564983,0.4,78.01,1,13881646,"G35","건강관리",142683009
"2026-09-11","WI410","건강관리",39,"185750","종근당",516334,0.36,78.37,1,7729556,"G35","건강관리",142683009
"2026-09-11","WI410","건강관리",40,"041830","인바디",512489,0.36,78.73,1,8897382,"G35","건강관리",142683009
"2026-09-11","WI410","건강관리",41,"358570","지아이이노베이션",512399,0.36,79.09,1,59999885,"G35","건강관리",142683009
"2026-09-11","WI410","건강관리",42,"069620","대웅제약",492684,0.35,79.44,1,4402898,"G35","건강관리",142683009
"2026-09-11","WI410","건강관리",43,"491000","리브스메드",476794,0.33,79.77,1,14648057,"G35","건강관리",142683009
"2026-09-11","WI410","건강관리",44,"085660","차바이오텍",470926,0.33,80.1,1,58572892,"G35","건강관리",142683009
"2026-09-11","WI410","건강관리",45,"086450","동국제약",457890,0.32,80.42,1,23067514,"G35","건강관리",142683009
"2026-09-11","WI410","건강관리",46,"041960","코미팜",414273,0.29,80.71,1,44024738,"G35","건강관리",142683009
"2026-09-11","WI410","건강관리",47,"456160","지투지바이오",411578,0.29,81,1,12472069,"G35","건강관리",142683009
"2026-09-11","WI410","건강관리",48,"376900","로킷헬스케어",403234,0.28,81.28,1,12882874,"G35","건강관리",142683009
"2026-09-11","WI410","건강관리",49,"019170","신풍제약",388673,0.27,81.56,1,38789706,"G35","건강관리",142683009
"2026-09-11","WI410","건강관리",50,"397030","에이프릴바이오",372945,0.26,81.82,1,21771437,"G35","건강관리",142683009
"2026-09-11","WI410","건강관리",51,"086900","메디톡스",370822,0.26,82.08,1,5327902,"G35","건강관리",142683009
"2026-09-11","WI410","건강관리",52,"386380","스카이랩스",364320,0.26,82.33,1,14259102,"G35","건강관리",142683009
"2026-09-11","WI410","건강관리",53,"099190","아이센스",358856,0.25,82.58,1,21683118,"G35","건강관리",142683009
"2026-09-11","WI410","건강관리",54,"001060","JW중외제약",346867,0.24,82.83,1,13040120,"G35","건강관리",142683009
"2026-09-11","WI410","건강관리",55,"476060","온코닉테라퓨틱스",339424,0.24,83.06,1,22703920,"G35","건강관리",142683009
"2026-09-11","WI410","건강관리",56,"174900","앱클론",335395,0.24,83.3,1,16360745,"G35","건강관리",142683009
"2026-09-11","WI410","건강관리",57,"187660","페니트리움바이오",334077,0.23,83.53,1,40298739,"G35","건강관리",142683009
"2026-09-11","WI410","건강관리",58,"003000","부광약품",332944,0.23,83.77,1,83864970,"G35","건강관리",142683009
"2026-09-11","WI410","건강관리",59,"003090","대웅",318310,0.22,83.99,1,19186853,"G35","건강관리",142683009
"2026-09-11","WI410","건강관리",60,"249420","일동제약",315054,0.22,84.21,1,20564863,"G35","건강관리",142683009
"2026-09-11","WI410","건강관리",61,"000640","동아쏘시오홀딩스",293107,0.21,84.42,1,3231612,"G35","건강관리",142683009
"2026-09-11","WI410","건강관리",62,"389470","인벤티지랩",289549,0.2,84.62,1,11444628,"G35","건강관리",142683009
"2026-09-11","WI410","건강관리",63,"199800","툴젠",276378,0.19,84.81,1,8503927,"G35","건강관리",142683009
"2026-09-11","WI410","건강관리",64,"475960","토모큐브",268075,0.19,85,1,9837607,"G35","건강관리",142683009
"2026-09-11","WI410","건강관리",65,"206650","유바이오로직스",265083,0.19,85.19,1,30504414,"G35","건강관리",142683009
"2026-09-11","WI410","건강관리",66,"003850","보령",254754,0.18,85.37,1,27451906,"G35","건강관리",142683009
"2026-09-11","WI410","건강관리",67,"215600","신라젠",253359,0.18,85.54,1,113613922,"G35","건강관리",142683009
"2026-09-11","WI410","건강관리",68,"009290","광동제약",252585,0.18,85.72,1,39839846,"G35","건강관리",142683009
"2026-09-11","WI410","건강관리",69,"067630","HLB생명과학",251430,0.18,85.9,1,99971987,"G35","건강관리",142683009
"2026-09-11","WI410","건강관리",70,"340570","티앤엘",245712,0.17,86.07,1,8838566,"G35","건강관리",142683009
"2026-09-11","WI410","건강관리",71,"145720","덴티움",241547,0.17,86.24,1,6381679,"G35","건강관리",142683009
"2026-09-11","WI410","건강관리",72,"047920","HLB제약",239716,0.17,86.41,1,36156201,"G35","건강관리",142683009
"2026-09-11","WI410","건강관리",73,"372320","큐로셀",236599,0.17,86.57,1,10354463,"G35","건강관리",142683009
"2026-09-11","WI410","건강관리",74,"468530","프로티나",231676,0.16,86.73,1,8439912,"G35","건강관리",142683009
"2026-09-11","WI410","건강관리",75,"060280","큐렉소",228323,0.16,86.89,1,28469255,"G35","건강관리",142683009
"2026-09-11","WI410","건강관리",76,"455900","엔젤로보틱스",224106,0.16,87.05,1,10621156,"G35","건강관리",142683009
"2026-09-11","WI410","건강관리",77,"064550","바이오니아",216156,0.15,87.2,1,21680644,"G35","건강관리",142683009
"2026-09-11","WI410","건강관리",78,"336570","원텍",214845,0.15,87.35,1,41961903,"G35","건강관리",142683009
"2026-09-11","WI410","건강관리",79,"137310","에스디바이오센서",208268,0.15,87.5,1,33809748,"G35","건강관리",142683009
"2026-09-11","WI410","건강관리",80,"005250","녹십자홀딩스",207818,0.15,87.64,1,21162694,"G35","건강관리",142683009
"2026-09-11","WI410","건강관리",81,"042520","한스바이오메드",205405,0.14,87.79,1,10410797,"G35","건강관리",142683009
"2026-09-11","WI410","건강관리",82,"228760","지노믹트리",203845,0.14,87.93,1,19887361,"G35","건강관리",142683009
"2026-09-11","WI410","건강관리",83,"108860","셀바스AI",202071,0.14,88.07,1,23146719,"G35","건강관리",142683009
"2026-09-11","WI410","건강관리",84,"004310","현대약품",197971,0.14,88.21,1,20160000,"G35","건강관리",142683009
"2026-09-11","WI410","건강관리",85,"005500","삼진제약",196497,0.14,88.35,1,10656000,"G35","건강관리",142683009
"2026-09-11","WI410","건강관리",86,"304360","에스바이오메딕스",187170,0.13,88.48,1,9288846,"G35","건강관리",142683009
"2026-09-11","WI410","건강관리",87,"053030","바이넥스",184672,0.13,88.61,1,28108401,"G35","건강관리",142683009
"2026-09-11","WI410","건강관리",88,"365270","큐라클",180236,0.13,88.74,1,19276583,"G35","건강관리",142683009
"2026-09-11","WI410","건강관리",89,"170900","동아에스티",179844,0.13,88.86,1,4961219,"G35","건강관리",142683009
"2026-09-11","WI410","건강관리",90,"200670","휴메딕스",178449,0.13,88.99,1,6850257,"G35","건강관리",142683009
"2026-09-11","WI410","건강관리",91,"078160","메디포스트",178177,0.12,89.11,1,20386393,"G35","건강관리",142683009
"2026-09-11","WI410","건강관리",92,"0120G0","삼양바이오팜",174892,0.12,89.23,1,3569217,"G35","건강관리",142683009
"2026-09-11","WI410","건강관리",93,"287840","인투셀",174860,0.12,89.36,1,10365152,"G35","건강관리",142683009
"2026-09-11","WI410","건강관리",94,"220100","퓨쳐켐",173301,0.12,89.48,1,21421621,"G35","건강관리",142683009
"2026-09-11","WI410","건강관리",95,"216080","제테마",171349,0.12,89.6,1,25728098,"G35","건강관리",142683009
"2026-09-11","WI410","건강관리",96,"389650","넥스트바이오메디컬",168484,0.12,89.72,1,5711327,"G35","건강관리",142683009
"2026-09-11","WI410","건강관리",97,"217730","강스템바이오텍",163278,0.11,89.83,1,75243319,"G35","건강관리",142683009
"2026-09-11","WI410","건강관리",98,"376270","HEM파마",160092,0.11,89.94,1,4548062,"G35","건강관리",142683009
"2026-09-11","WI410","건강관리",99,"206640","바디텍메드",155634,0.11,90.05,1,16211861,"G35","건강관리",142683009
"2026-09-11","WI410","건강관리",100,"033270","유나이티드제약",155598,0.11,90.16,1,8591818,"G35","건강관리",142683009
"2026-09-11","WI410","건강관리",101,"054950","제이브이엠",155597,0.11,90.27,1,6649440,"G35","건강관리",142683009
"2026-09-11","WI410","건강관리",102,"100120","뷰웍스",150343,0.11,90.38,1,5651988,"G35","건강관리",142683009
"2026-09-11","WI410","건강관리",103,"115450","HLB테라퓨틱스",149607,0.1,90.48,1,75293092,"G35","건강관리",142683009
"2026-09-11","WI410","건강관리",104,"317450","명인제약",148088,0.1,90.58,1,3358000,"G35","건강관리",142683009
"2026-09-11","WI410","건강관리",105,"016580","환인제약",145601,0.1,90.69,1,14136053,"G35","건강관리",142683009
"2026-09-11","WI410","건강관리",106,"314130","지놈앤컴퍼니",142777,0.1,90.79,1,43931517,"G35","건강관리",142683009
"2026-09-11","WI410","건강관리",107,"067080","대화제약",138217,0.1,90.88,1,12845488,"G35","건강관리",142683009
"2026-09-11","WI410","건강관리",108,"331920","셀레믹스",137332,0.1,90.98,1,9951583,"G35","건강관리",142683009
"2026-09-11","WI410","건강관리",109,"086820","바이오솔루션",136257,0.1,91.08,1,20739268,"G35","건강관리",142683009
"2026-09-11","WI410","건강관리",110,"067290","JW신약",135910,0.1,91.17,1,38665601,"G35","건강관리",142683009
"2026-09-11","WI410","건강관리",111,"493280","아이엠바이오로직스",134464,0.09,91.27,1,8456832,"G35","건강관리",142683009
"2026-09-11","WI410","건강관리",112,"318060","그래피",134390,0.09,91.36,1,7719152,"G35","건강관리",142683009
"2026-09-11","WI410","건강관리",113,"256840","한국비엔씨",134369,0.09,91.45,1,51980113,"G35","건강관리",142683009
"2026-09-11","WI410","건강관리",114,"099430","바이오플러스",132984,0.09,91.55,1,41299283,"G35","건강관리",142683009
"2026-09-11","WI410","건강관리",115,"096760","JW홀딩스",132577,0.09,91.64,1,31048475,"G35","건강관리",142683009
"2026-09-11","WI410","건강관리",116,"065660","안트로젠",131746,0.09,91.73,1,8605246,"G35","건강관리",142683009
"2026-09-11","WI410","건강관리",117,"293780","압타바이오",131646,0.09,91.82,1,19946317,"G35","건강관리",142683009
"2026-09-11","WI410","건강관리",118,"243070","휴온스",130351,0.09,91.92,1,6469019,"G35","건강관리",142683009
"2026-09-11","WI410","건강관리",119,"138610","나이벡",127860,0.09,92.01,1,8866878,"G35","건강관리",142683009
"2026-09-11","WI410","건강관리",120,"377740","바이오노트",126094,0.09,92.09,1,26490372,"G35","건강관리",142683009
"2026-09-11","WI410","건강관리",121,"082800","비보존 제약",121500,0.09,92.18,1,41896569,"G35","건강관리",142683009
"2026-09-11","WI410","건강관리",122,"043150","바텍",121148,0.08,92.26,1,6832957,"G35","건강관리",142683009
"2026-09-11","WI410","건강관리",123,"194700","노바렉스",117881,0.08,92.35,1,11500554,"G35","건강관리",142683009
"2026-09-11","WI410","건강관리",124,"084110","휴온스글로벌",117774,0.08,92.43,1,5317121,"G35","건강관리",142683009
"2026-09-11","WI410","건강관리",125,"084990","헬릭스미스",114522,0.08,92.51,1,37796093,"G35","건강관리",142683009
"2026-09-11","WI410","건강관리",126,"000520","삼일제약",114012,0.08,92.59,1,15835022,"G35","건강관리",142683009
"2026-09-11","WI410","건강관리",127,"314930","바이오다인",112821,0.08,92.67,1,16965538,"G35","건강관리",142683009
"2026-09-11","WI410","건강관리",128,"308080","바이젠셀",112615,0.08,92.75,1,17219378,"G35","건강관리",142683009
"2026-09-11","WI410","건강관리",129,"144510","지씨셀",111487,0.08,92.83,1,7742168,"G35","건강관리",142683009
"2026-09-11","WI410","건강관리",130,"0082N0","카나프테라퓨틱스",110336,0.08,92.9,1,8246359,"G35","건강관리",142683009
"2026-09-11","WI410","건강관리",131,"001360","삼성제약",109972,0.08,92.98,1,80037767,"G35","건강관리",142683009
"2026-09-11","WI410","건강관리",132,"322510","제이엘케이",107308,0.08,93.05,1,20323454,"G35","건강관리",142683009
"2026-09-11","WI410","건강관리",133,"156100","엘앤케이바이오",107196,0.08,93.13,1,19669014,"G35","건강관리",142683009
"2026-09-11","WI410","건강관리",134,"007570","일양약품",106275,0.07,93.2,1,13169108,"G35","건강관리",142683009
"2026-09-11","WI410","건강관리",135,"200130","콜마비앤에이치",106159,0.07,93.28,1,13236756,"G35","건강관리",142683009
"2026-09-11","WI410","건강관리",136,"102940","코오롱생명과학",105416,0.07,93.35,1,7330737,"G35","건강관리",142683009
"2026-09-11","WI410","건강관리",137,"038290","마크로젠",104077,0.07,93.43,1,8673120,"G35","건강관리",142683009
"2026-09-11","WI410","건강관리",138,"071200","인피니트헬스케어",104002,0.07,93.5,1,11954264,"G35","건강관리",142683009
"2026-09-11","WI410","건강관리",139,"003220","대원제약",103674,0.07,93.57,1,13007998,"G35","건강관리",142683009
"2026-09-11","WI410","건강관리",140,"424870","이뮨온시아",103243,0.07,93.64,1,37474930,"G35","건강관리",142683009
"2026-09-11","WI410","건강관리",141,"008490","서흥",103225,0.07,93.72,1,4974718,"G35","건강관리",142683009
"2026-09-11","WI410","건강관리",142,"394800","쓰리빌리언",102628,0.07,93.79,1,23866914,"G35","건강관리",142683009
"2026-09-11","WI410","건강관리",143,"095700","제넥신",100704,0.07,93.86,1,35521585,"G35","건강관리",142683009
"2026-09-11","WI410","건강관리",144,"119610","인터로조",99505,0.07,93.93,1,6848248,"G35","건강관리",142683009
"2026-09-11","WI410","건강관리",145,"450950","아스테라시스",98716,0.07,94,1,19942623,"G35","건강관리",142683009
"2026-09-11","WI410","건강관리",146,"308430","셀비온",96789,0.07,94.07,1,7743150,"G35","건강관리",142683009
"2026-09-11","WI410","건강관리",147,"023910","대한약품",94341,0.07,94.13,1,3540000,"G35","건강관리",142683009
"2026-09-11","WI410","건강관리",148,"039840","디오",93901,0.07,94.2,1,8451971,"G35","건강관리",142683009
"2026-09-11","WI410","건강관리",149,"086890","이수앱지스",93558,0.07,94.26,1,26503712,"G35","건강관리",142683009
"2026-09-11","WI410","건강관리",150,"041920","메디아나",93028,0.07,94.33,1,11344916,"G35","건강관리",142683009
"2026-09-11","WI410","건강관리",151,"166480","코아스템켐온",92716,0.06,94.39,1,42825004,"G35","건강관리",142683009
"2026-09-11","WI410","건강관리",152,"039860","나노엔텍",92484,0.06,94.46,1,22474901,"G35","건강관리",142683009
"2026-09-11","WI410","건강관리",153,"234080","JW생명과학",92315,0.06,94.52,1,8392313,"G35","건강관리",142683009
"2026-09-11","WI410","건강관리",154,"003520","영진약품",92178,0.06,94.59,1,87788510,"G35","건강관리",142683009
"2026-09-11","WI410","건강관리",155,"234690","녹십자웰빙",92152,0.06,94.65,1,9700176,"G35","건강관리",142683009
"2026-09-11","WI410","건강관리",156,"001630","종근당홀딩스",91478,0.06,94.72,1,2354634,"G35","건강관리",142683009
"2026-09-11","WI410","건강관리",157,"338840","와이바이오로직스",91407,0.06,94.78,1,10628665,"G35","건강관리",142683009
"2026-09-11","WI410","건강관리",158,"323990","박셀바이오",90547,0.06,94.84,1,20233890,"G35","건강관리",142683009
"2026-09-11","WI410","건강관리",159,"246710","티앤알바이오팹",90486,0.06,94.91,1,40038183,"G35","건강관리",142683009
"2026-09-11","WI410","건강관리",160,"261780","아리바이오랩",89836,0.06,94.97,1,24612579,"G35","건강관리",142683009
"2026-09-11","WI410","건강관리",161,"321550","티움바이오",89491,0.06,95.03,1,19224624,"G35","건강관리",142683009
"2026-09-11","WI410","건강관리",162,"000020","동화약품",86643,0.06,95.09,1,16758882,"G35","건강관리",142683009
"2026-09-11","WI410","건강관리",163,"222040","코스맥스엔비티",84977,0.06,95.15,1,11345400,"G35","건강관리",142683009
"2026-09-11","WI410","건강관리",164,"048870","시너지이노베이션",83208,0.06,95.21,1,52864177,"G35","건강관리",142683009
"2026-09-11","WI410","건강관리",165,"059210","메타바이오메드",82749,0.06,95.27,1,21465441,"G35","건강관리",142683009
"2026-09-11","WI410","건강관리",166,"044820","코스맥스비티아이",82478,0.06,95.33,1,3649489,"G35","건강관리",142683009
"2026-09-11","WI410","건강관리",167,"102460","이연제약",82109,0.06,95.38,1,8178196,"G35","건강관리",142683009
"2026-09-11","WI410","건강관리",168,"494120","큐리오시스",80082,0.06,95.44,1,9613651,"G35","건강관리",142683009
"2026-09-11","WI410","건강관리",169,"394420","리센스메디컬",80023,0.06,95.5,1,8249775,"G35","건강관리",142683009
"2026-09-11","WI410","건강관리",170,"179290","엠아이텍",77581,0.05,95.55,1,15211868,"G35","건강관리",142683009
"2026-09-11","WI410","건강관리",171,"340450","지씨지놈",75706,0.05,95.6,1,13007936,"G35","건강관리",142683009
"2026-09-11","WI410","건강관리",172,"235980","메드팩토",75405,0.05,95.66,1,27420096,"G35","건강관리",142683009
"2026-09-11","WI410","건강관리",173,"049960","쎌바이오텍",73348,0.05,95.71,1,4794000,"G35","건강관리",142683009
"2026-09-11","WI410","건강관리",174,"032620","GC메디아이",72580,0.05,95.76,1,23488712,"G35","건강관리",142683009
"2026-09-11","WI410","건강관리",175,"056090","시지메드텍",72498,0.05,95.81,1,60922831,"G35","건강관리",142683009
"2026-09-11","WI410","건강관리",176,"387690","레메디",70458,0.05,95.86,1,4117927,"G35","건강관리",142683009
"2026-09-11","WI410","건강관리",177,"066700","테라젠이텍스",70264,0.05,95.91,1,33065614,"G35","건강관리",142683009
"2026-09-11","WI410","건강관리",178,"011040","경동제약",68774,0.05,95.96,1,13538257,"G35","건강관리",142683009
"2026-09-11","WI410","건강관리",179,"176750","듀켐바이오",68108,0.05,96,1,11110600,"G35","건강관리",142683009
"2026-09-11","WI410","건강관리",180,"185490","아이진",66920,0.05,96.05,1,31125444,"G35","건강관리",142683009
"2026-09-11","WI410","건강관리",181,"002390","한독",66404,0.05,96.1,1,7019401,"G35","건강관리",142683009
"2026-09-11","WI410","건강관리",182,"048530","인트론바이오",65770,0.05,96.14,1,24404488,"G35","건강관리",142683009
"2026-09-11","WI410","건강관리",183,"0088M0","메쥬",65299,0.05,96.19,1,5533780,"G35","건강관리",142683009
"2026-09-11","WI410","건강관리",184,"074430","아미노로직스",64831,0.05,96.24,1,60816822,"G35","건강관리",142683009
"2026-09-11","WI410","건강관리",185,"226400","오스테오닉",63240,0.04,96.28,1,15909432,"G35","건강관리",142683009
"2026-09-11","WI410","건강관리",186,"380550","뉴로핏",62919,0.04,96.32,1,9027160,"G35","건강관리",142683009
"2026-09-11","WI410","건강관리",187,"092040","아미코젠",62693,0.04,96.37,1,67122617,"G35","건강관리",142683009
"2026-09-11","WI410","건강관리",188,"299660","셀리드",61705,0.04,96.41,1,26257649,"G35","건강관리",142683009
"2026-09-11","WI410","건강관리",189,"214680","디알텍",60556,0.04,96.45,1,13857191,"G35","건강관리",142683009
"2026-09-11","WI410","건강관리",190,"106190","하이텍팜",60295,0.04,96.5,1,5848245,"G35","건강관리",142683009
"2026-09-11","WI410","건강관리",191,"293480","하나제약",59788,0.04,96.54,1,7109178,"G35","건강관리",142683009
"2026-09-11","WI410","건강관리",192,"240550","동방메디컬",59574,0.04,96.58,1,10676309,"G35","건강관리",142683009
"2026-09-11","WI410","건강관리",193,"131030","옵투스제약",58442,0.04,96.62,1,10235022,"G35","건강관리",142683009
"2026-09-11","WI410","건강관리",194,"307750","국전",58176,0.04,96.66,1,25913418,"G35","건강관리",142683009
"2026-09-11","WI410","건강관리",195,"083790","CG인바이츠",57891,0.04,96.7,1,60746403,"G35","건강관리",142683009
"2026-09-11","WI410","건강관리",196,"006620","동구바이오제약",57784,0.04,96.74,1,16509695,"G35","건강관리",142683009
"2026-09-11","WI410","건강관리",197,"253840","수젠텍",57643,0.04,96.78,1,12724832,"G35","건강관리",142683009
"2026-09-11","WI410","건강관리",198,"099750","이지케어텍",57325,0.04,96.82,1,8332095,"G35","건강관리",142683009
"2026-09-11","WI410","건강관리",199,"338220","뷰노",55341,0.04,96.86,1,11481494,"G35","건강관리",142683009
"2026-09-11","WI410","건강관리",200,"035610","솔본",55130,0.04,96.9,1,10938398,"G35","건강관리",142683009
"2026-09-11","WI410","건강관리",201,"271980","제일약품",54952,0.04,96.94,1,5440802,"G35","건강관리",142683009
"2026-09-11","WI410","건강관리",202,"004720","팜젠사이언스",54824,0.04,96.98,1,18123492,"G35","건강관리",142683009
"2026-09-11","WI410","건강관리",203,"065170","비엘팜텍",54666,0.04,97.02,1,20097930,"G35","건강관리",142683009
"2026-09-11","WI410","건강관리",204,"072020","중앙백신",54563,0.04,97.05,1,5924339,"G35","건강관리",142683009
"2026-09-11","WI410","건강관리",205,"334970","프레스티지바이오로직스",51690,0.04,97.09,1,31101054,"G35","건강관리",142683009
"2026-09-11","WI410","건강관리",206,"228670","레이",51469,0.04,97.13,1,11104414,"G35","건강관리",142683009
"2026-09-11","WI410","건강관리",207,"302550","리메드",51346,0.04,97.16,1,19376008,"G35","건강관리",142683009
"2026-09-11","WI410","건강관리",208,"205470","휴마시스",51066,0.04,97.2,1,18012750,"G35","건강관리",142683009
"2026-09-11","WI410","건강관리",209,"204840","지엘팜텍",50810,0.04,97.23,1,10856860,"G35","건강관리",142683009
"2026-09-11","WI410","건강관리",210,"067370","선바이오",50654,0.04,97.27,1,8183273,"G35","건강관리",142683009
"2026-09-11","WI410","건강관리",211,"001540","안국약품",50354,0.04,97.3,1,4956119,"G35","건강관리",142683009
"2026-09-11","WI410","건강관리",212,"060590","씨티씨바이오",50224,0.04,97.34,1,16201283,"G35","건강관리",142683009
"2026-09-11","WI410","건강관리",213,"041910","폴라리스AI파마",50044,0.04,97.37,1,9165511,"G35","건강관리",142683009
"2026-09-11","WI410","건강관리",214,"100700","세운메디칼",48657,0.03,97.41,1,20148000,"G35","건강관리",142683009
"2026-09-11","WI410","건강관리",215,"251120","바이오에프디엔씨",48270,0.03,97.44,1,5652205,"G35","건강관리",142683009
"2026-09-11","WI410","건강관리",216,"388870","파로스아이바이오",48139,0.03,97.48,1,8673774,"G35","건강관리",142683009
"2026-09-11","WI410","건강관리",217,"054050","NH농우바이오",47197,0.03,97.51,1,6732835,"G35","건강관리",142683009
"2026-09-11","WI410","건강관리",218,"439580","블루엠텍",47006,0.03,97.54,1,21661790,"G35","건강관리",142683009
"2026-09-11","WI410","건강관리",219,"389030","지니너스",46928,0.03,97.57,1,25998898,"G35","건강관리",142683009
"2026-09-11","WI410","건강관리",220,"065510","휴비츠",46669,0.03,97.61,1,6853073,"G35","건강관리",142683009
"2026-09-11","WI410","건강관리",221,"214390","경보제약",46561,0.03,97.64,1,8606469,"G35","건강관리",142683009
"2026-09-11","WI410","건강관리",222,"054670","대한뉴팜",46542,0.03,97.67,1,8325853,"G35","건강관리",142683009
"2026-09-11","WI410","건강관리",223,"012790","신일제약",46335,0.03,97.71,1,7671305,"G35","건강관리",142683009
"2026-09-11","WI410","건강관리",224,"290660","다이나믹솔루션",45531,0.03,97.74,1,30414900,"G35","건강관리",142683009
"2026-09-11","WI410","건강관리",225,"460940","피앤에스로보틱스",45202,0.03,97.77,1,8880484,"G35","건강관리",142683009
"2026-09-11","WI410","건강관리",226,"003120","일성아이에스",43890,0.03,97.8,1,1995000,"G35","건강관리",142683009
"2026-09-11","WI410","건강관리",227,"063160","종근당바이오",43571,0.03,97.83,1,3346436,"G35","건강관리",142683009
"2026-09-11","WI410","건강관리",228,"002720","국제약품",43359,0.03,97.86,1,13119095,"G35","건강관리",142683009
"2026-09-11","WI410","건강관리",229,"203400","에이비온",43245,0.03,97.89,1,63971925,"G35","건강관리",142683009
"2026-09-11","WI410","건강관리",230,"330350","위더스제약",42978,0.03,97.92,1,5807859,"G35","건강관리",142683009
"2026-09-11","WI410","건강관리",231,"032850","비트컴퓨터",42842,0.03,97.95,1,11303839,"G35","건강관리",142683009
"2026-09-11","WI410","건강관리",232,"217330","싸이토젠",42396,0.03,97.98,1,13877728,"G35","건강관리",142683009
"2026-09-11","WI410","건강관리",233,"104540","코렌텍",42314,0.03,98.01,1,10591853,"G35","건강관리",142683009
"2026-09-11","WI410","건강관리",234,"365660","레몬헬스케어",41860,0.03,98.04,1,9149780,"G35","건강관리",142683009
"2026-09-11","WI410","건강관리",235,"046210","HLB파나진",41691,0.03,98.07,1,35511808,"G35","건강관리",142683009
"2026-09-11","WI410","건강관리",236,"317690","퀀타매트릭스",40592,0.03,98.1,1,16913424,"G35","건강관리",142683009
"2026-09-11","WI410","건강관리",237,"303360","프로티아",40571,0.03,98.13,1,7727829,"G35","건강관리",142683009
"2026-09-11","WI410","건강관리",238,"153710","옵티팜",40501,0.03,98.15,1,8508575,"G35","건강관리",142683009
"2026-09-11","WI410","건강관리",239,"078140","대봉엘에스",40071,0.03,98.18,1,5321557,"G35","건강관리",142683009
"2026-09-11","WI410","건강관리",240,"061250","화일약품",39899,0.03,98.21,1,5050550,"G35","건강관리",142683009
"2026-09-11","WI410","건강관리",241,"007370","진양제약",39691,0.03,98.24,1,10035556,"G35","건강관리",142683009
"2026-09-11","WI410","건강관리",242,"199550","레이저옵텍",39549,0.03,98.27,1,11876632,"G35","건강관리",142683009
"2026-09-11","WI410","건강관리",243,"179530","애드바이오텍",39195,0.03,98.29,1,17897380,"G35","건강관리",142683009
"2026-09-11","WI410","건강관리",244,"246960","SCL사이언스",38774,0.03,98.32,1,17348693,"G35","건강관리",142683009
"2026-09-11","WI410","건강관리",245,"187420","HLB제넥스",38343,0.03,98.35,1,21219215,"G35","건강관리",142683009
"2026-09-11","WI410","건강관리",246,"348150","고바이오랩",38053,0.03,98.37,1,13399033,"G35","건강관리",142683009
"2026-09-11","WI410","건강관리",247,"0007J0","인벤테라",37250,0.03,98.4,1,4247485,"G35","건강관리",142683009
"2026-09-11","WI410","건강관리",248,"464490","쿼드메디슨",36696,0.03,98.43,1,7693015,"G35","건강관리",142683009
"2026-09-11","WI410","건강관리",249,"000230","일동홀딩스",35961,0.03,98.45,1,5885604,"G35","건강관리",142683009
"2026-09-11","WI410","건강관리",250,"456070","이엔셀",35934,0.03,98.48,1,6617710,"G35","건강관리",142683009
"2026-09-11","WI410","건강관리",251,"228850","레이언스",35837,0.03,98.5,1,4977304,"G35","건강관리",142683009
"2026-09-11","WI410","건강관리",252,"000220","유유제약",35817,0.03,98.53,1,9291002,"G35","건강관리",142683009
"2026-09-11","WI410","건강관리",253,"384470","코어라인소프트",35722,0.03,98.55,1,13818952,"G35","건강관리",142683009
"2026-09-11","WI410","건강관리",254,"222110","팬젠",35491,0.02,98.58,1,7162689,"G35","건강관리",142683009
"2026-09-11","WI410","건강관리",255,"036220","오상헬스케어",34855,0.02,98.6,1,5437578,"G35","건강관리",142683009
"2026-09-11","WI410","건강관리",256,"002630","오리엔트바이오",34645,0.02,98.62,1,37946561,"G35","건강관리",142683009
"2026-09-11","WI410","건강관리",257,"208370","셀바스헬스케어",34626,0.02,98.65,1,15186932,"G35","건강관리",142683009
"2026-09-11","WI410","건강관리",258,"002210","동성제약",34034,0.02,98.67,1,24154876,"G35","건강관리",142683009
"2026-09-11","WI410","건강관리",259,"372910","한컴라이프케어",33440,0.02,98.7,1,17711619,"G35","건강관리",142683009
"2026-09-11","WI410","건강관리",260,"191420","테고사이언스",33285,0.02,98.72,1,4540947,"G35","건강관리",142683009
"2026-09-11","WI410","건강관리",261,"068330","일신바이오",32889,0.02,98.74,1,29182652,"G35","건강관리",142683009
"2026-09-11","WI410","건강관리",262,"142280","녹십자엠에스",32738,0.02,98.77,1,10543733,"G35","건강관리",142683009
"2026-09-11","WI410","건강관리",263,"014950","삼익제약",31854,0.02,98.79,1,4027035,"G35","건강관리",142683009
"2026-09-11","WI410","건강관리",264,"002800","신신제약",31822,0.02,98.81,1,6978430,"G35","건강관리",142683009
"2026-09-11","WI410","건강관리",265,"114450","그린생명과학",31640,0.02,98.83,1,14000000,"G35","건강관리",142683009
"2026-09-11","WI410","건강관리",266,"017180","명문제약",31628,0.02,98.85,1,25465090,"G35","건강관리",142683009
"2026-09-11","WI410","건강관리",267,"278650","HLB바이오스텝",31606,0.02,98.88,1,13771592,"G35","건강관리",142683009
"2026-09-11","WI410","건강관리",268,"053950","경남제약",31581,0.02,98.9,1,14322343,"G35","건강관리",142683009
"2026-09-11","WI410","건강관리",269,"149980","하이로닉",30577,0.02,98.92,1,6363647,"G35","건강관리",142683009
"2026-09-11","WI410","건강관리",270,"460470","아이빔테크놀로지",30481,0.02,98.94,1,10885946,"G35","건강관리",142683009
"2026-09-11","WI410","건강관리",271,"263690","디알젬",30090,0.02,98.96,1,6115829,"G35","건강관리",142683009
"2026-09-11","WI410","건강관리",272,"032300","한국파마",29919,0.02,98.98,1,3926412,"G35","건강관리",142683009
"2026-09-11","WI410","건강관리",273,"261200","덴티스",29254,0.02,99,1,11382984,"G35","건강관리",142683009
"2026-09-11","WI410","건강관리",274,"229000","젠큐릭스",29088,0.02,99.02,1,14994025,"G35","건강관리",142683009
"2026-09-11","WI410","건강관리",275,"086060","진바이오텍",29082,0.02,99.05,1,6027410,"G35","건강관리",142683009
"2026-09-11","WI410","건강관리",276,"382150","온코크로스",28806,0.02,99.07,1,9001984,"G35","건강관리",142683009
"2026-09-11","WI410","건강관리",277,"002620","제일파마홀딩스",28215,0.02,99.09,1,3673871,"G35","건강관리",142683009
"2026-09-11","WI410","건강관리",278,"0010V0","제이피아이헬스케어",27760,0.02,99.1,1,3165348,"G35","건강관리",142683009
"2026-09-11","WI410","건강관리",279,"007460","에이프로젠",27718,0.02,99.12,1,13654274,"G35","건강관리",142683009
"2026-09-11","WI410","건강관리",280,"263700","케어랩스",27579,0.02,99.14,1,13978224,"G35","건강관리",142683009
"2026-09-11","WI410","건강관리",281,"122310","제노레이",27507,0.02,99.16,1,8150152,"G35","건강관리",142683009
"2026-09-11","WI410","건강관리",282,"086040","바이오톡스텍",27027,0.02,99.18,1,11649520,"G35","건강관리",142683009
"2026-09-11","WI410","건강관리",283,"303810","동국생명과학",26982,0.02,99.2,1,12153973,"G35","건강관리",142683009
"2026-09-11","WI410","건강관리",284,"009300","삼아제약",26658,0.02,99.22,1,1911000,"G35","건강관리",142683009
"2026-09-11","WI410","건강관리",285,"109820","진매트릭스",26455,0.02,99.24,1,16722784,"G35","건강관리",142683009
"2026-09-11","WI410","건강관리",286,"307280","원바이오젠",26147,0.02,99.26,1,4469615,"G35","건강관리",142683009
"2026-09-11","WI410","건강관리",287,"223250","드림씨아이에스",25978,0.02,99.27,1,7872142,"G35","건강관리",142683009
"2026-09-11","WI410","건강관리",288,"299170","더블유에스아이",25823,0.02,99.29,1,22416095,"G35","건강관리",142683009
"2026-09-11","WI410","건강관리",289,"038070","서린바이오",25646,0.02,99.31,1,6324459,"G35","건강관리",142683009
"2026-09-11","WI410","건강관리",290,"226330","신테카바이오",25548,0.02,99.33,1,20619703,"G35","건강관리",142683009
"2026-09-11","WI410","건강관리",291,"461030","아이엠비디엑스",25183,0.02,99.35,1,9174090,"G35","건강관리",142683009
"2026-09-11","WI410","건강관리",292,"357230","에이치피오",24908,0.02,99.36,1,11975108,"G35","건강관리",142683009
"2026-09-11","WI410","건강관리",293,"004080","신흥",24738,0.02,99.38,1,1767000,"G35","건강관리",142683009
"2026-09-11","WI410","건강관리",294,"363250","진시스템",24589,0.02,99.4,1,5785699,"G35","건강관리",142683009
"2026-09-11","WI410","건강관리",295,"476040","오가노이드사이언스",24525,0.02,99.41,1,3688025,"G35","건강관리",142683009
"2026-09-11","WI410","건강관리",296,"238120","얼라인드",24245,0.02,99.43,1,8246598,"G35","건강관리",142683009
"2026-09-11","WI410","건강관리",297,"043710","코스리거글로벌",24109,0.02,99.45,1,7617500,"G35","건강관리",142683009
"2026-09-11","WI410","건강관리",298,"215380","콜마바이오텍",23588,0.02,99.47,1,10770928,"G35","건강관리",142683009
"2026-09-11","WI410","건강관리",299,"044960","이글벳",23458,0.02,99.48,1,7458710,"G35","건강관리",142683009
"2026-09-11","WI410","건강관리",300,"0156T0","에이치엘지노믹스",22805,0.02,99.5,1,2568113,"G35","건강관리",142683009
"2026-09-11","WI410","건강관리",301,"347740","피엔케이피부임상연구센타",22394,0.02,99.51,1,12304336,"G35","건강관리",142683009
"2026-09-11","WI410","건강관리",302,"260660","알리코제약",22046,0.02,99.53,1,8889672,"G35","건강관리",142683009
"2026-09-11","WI410","건강관리",303,"387570","파인메딕스",21738,0.02,99.54,1,3375540,"G35","건강관리",142683009
"2026-09-11","WI410","건강관리",304,"221800","지구홀딩스",21647,0.02,99.56,1,5711597,"G35","건강관리",142683009
"2026-09-11","WI410","건강관리",305,"115480","씨유메디칼",20951,0.01,99.57,1,8972434,"G35","건강관리",142683009
"2026-09-11","WI410","건강관리",306,"291650","츌립앤사이언스",20827,0.01,99.59,1,13123437,"G35","건강관리",142683009
"2026-09-11","WI410","건강관리",307,"314140","알피바이오",20730,0.01,99.6,1,3466544,"G35","건강관리",142683009
"2026-09-11","WI410","건강관리",308,"006140","피제이전자",20390,0.01,99.62,1,4310850,"G35","건강관리",142683009
"2026-09-11","WI410","건강관리",309,"348080","큐라티스",19648,0.01,99.63,1,6798709,"G35","건강관리",142683009
"2026-09-11","WI410","건강관리",310,"225220","제놀루션",19647,0.01,99.64,1,13624914,"G35","건강관리",142683009
"2026-09-11","WI410","건강관리",311,"388610","지에프씨생명과학",19495,0.01,99.66,1,3408245,"G35","건강관리",142683009
"2026-09-11","WI410","건강관리",312,"118000","메타케어",19039,0.01,99.67,1,14336260,"G35","건강관리",142683009
"2026-09-11","WI410","건강관리",313,"188260","세니젠",18885,0.01,99.69,1,9035856,"G35","건강관리",142683009
"2026-09-11","WI410","건강관리",314,"200780","비씨월드제약",18157,0.01,99.7,1,5972770,"G35","건강관리",142683009
"2026-09-11","WI410","건강관리",315,"014570","고려제약",17899,0.01,99.71,1,5280000,"G35","건강관리",142683009
"2026-09-11","WI410","건강관리",316,"058110","멕아이씨에스",17752,0.01,99.72,1,11235371,"G35","건강관리",142683009
"2026-09-11","WI410","건강관리",317,"311690","CJ 바이오사이언스",17629,0.01,99.74,1,4572911,"G35","건강관리",142683009
"2026-09-11","WI410","건강관리",318,"131220","대한과학",16939,0.01,99.75,1,4621783,"G35","건강관리",142683009
"2026-09-11","WI410","건강관리",319,"200230","텔콘RF제약",16834,0.01,99.76,1,7775460,"G35","건강관리",142683009
"2026-09-11","WI410","건강관리",320,"462510","라메디텍",16299,0.01,99.77,1,6162075,"G35","건강관리",142683009
"2026-09-11","WI410","건강관리",321,"450330","하스",15691,0.01,99.78,1,3029131,"G35","건강관리",142683009
"2026-09-11","WI410","건강관리",322,"270870","뉴트리",15574,0.01,99.79,1,3957732,"G35","건강관리",142683009
"2026-09-11","WI410","건강관리",323,"354200","엔젠바이오",15441,0.01,99.8,1,12225803,"G35","건강관리",142683009
"2026-09-11","WI410","건강관리",324,"238200","비피도",15437,0.01,99.81,1,5644200,"G35","건강관리",142683009
"2026-09-11","WI410","건강관리",325,"154030","아시아종묘",15233,0.01,99.82,1,8805162,"G35","건강관리",142683009
"2026-09-11","WI410","건강관리",326,"464280","티디에스팜",14958,0.01,99.84,1,2709700,"G35","건강관리",142683009
"2026-09-11","WI410","건강관리",327,"018620","우진비앤지",14709,0.01,99.85,1,5407725,"G35","건강관리",142683009
"2026-09-11","WI410","건강관리",328,"373110","엑셀세라퓨틱스",14233,0.01,99.86,1,14008459,"G35","건강관리",142683009
"2026-09-11","WI410","건강관리",329,"036480","대성미생물",14233,0.01,99.87,1,2318000,"G35","건강관리",142683009
"2026-09-11","WI410","건강관리",330,"383930","디티앤씨알오",13840,0.01,99.88,1,8821048,"G35","건강관리",142683009
"2026-09-11","WI410","건강관리",331,"034940","조아제약",13507,0.01,99.88,1,4956772,"G35","건강관리",142683009
"2026-09-11","WI410","건강관리",332,"398120","에스지헬스케어",13279,0.01,99.89,1,7460151,"G35","건강관리",142683009
"2026-09-11","WI410","건강관리",333,"353190","휴럼",12105,0.01,99.9,1,4646653,"G35","건강관리",142683009
"2026-09-11","WI410","건강관리",334,"419540","비스토스",12087,0.01,99.91,1,3753699,"G35","건강관리",142683009
"2026-09-11","WI410","건강관리",335,"003060","에이프로젠바이오로직스",12081,0.01,99.92,1,7195192,"G35","건강관리",142683009
"2026-09-11","WI410","건강관리",336,"377220","프롬바이오",10707,0.01,99.93,1,3510440,"G35","건강관리",142683009
"2026-09-11","WI410","건강관리",337,"432980","엠에프씨",10626,0.01,99.93,1,4381788,"G35","건강관리",142683009
"2026-09-11","WI410","건강관리",338,"304840","피플바이오",10506,0.01,99.94,1,18726908,"G35","건강관리",142683009
"2026-09-11","WI410","건강관리",339,"335810","프리시젼바이오",10138,0.01,99.95,1,6804346,"G35","건강관리",142683009
"2026-09-11","WI410","건강관리",340,"239610","에이치엘사이언스",9431,0.01,99.96,1,1779397,"G35","건강관리",142683009
"2026-09-11","WI410","건강관리",341,"018680","서울제약",9350,0.01,99.96,1,4780320,"G35","건강관리",142683009
"2026-09-11","WI410","건강관리",342,"318010","팜스빌",8370,0.01,99.97,1,2299508,"G35","건강관리",142683009
"2026-09-11","WI410","건강관리",343,"471820","셀로맥스사이언스",8209,0.01,99.97,1,2034518,"G35","건강관리",142683009
"2026-09-11","WI410","건강관리",344,"359090","씨엔알리서치",8011,0.01,99.98,1,3908008,"G35","건강관리",142683009
"2026-09-11","WI410","건강관리",345,"305090","마이크로디지탈",7364,0.01,99.98,1,13687378,"G35","건강관리",142683009
"2026-09-11","WI410","건강관리",346,"405000","플라즈맵",6453,0,99.99,1,2041942,"G35","건강관리",142683009
"2026-09-11","WI410","건강관리",347,"109960","앱토크롬",6044,0,99.99,1,3177768,"G35","건강관리",142683009
"2026-09-11","WI410","건강관리",348,"123840","뉴온",5971,0,100,1,3421671,"G35","건강관리",142683009
"2026-09-11","WI410","건강관리",349,"219750","한국비티비",4028,0,100,1,2486221,"G35","건강관리",142683009
"2026-09-11","WI500","은행",1,"105560","KB금융",49217179,28.33,28.33,1,276656432,"G40","금융",173749259
"2026-09-11","WI500","은행",2,"055550","신한지주",40810718,23.49,51.81,1,361476684,"G40","금융",173749259
"2026-09-11","WI500","은행",3,"086790","하나금융지주",32514773,18.71,70.53,1,235956263,"G40","금융",173749259
"2026-09-11","WI500","은행",4,"316140","우리금융지주",23016475,13.25,83.78,1,655740035,"G40","금융",173749259
"2026-09-11","WI500","은행",5,"323410","카카오뱅크",7130565,4.1,87.88,1,333984305,"G40","금융",173749259
"2026-09-11","WI500","은행",6,"024110","기업은행",5154162,2.97,90.85,1,247202019,"G40","금융",173749259
"2026-09-11","WI500","은행",7,"175330","JB금융지주",4856096,2.79,93.64,1,152947895,"G40","금융",173749259
"2026-09-11","WI500","은행",8,"138930","BNK금융지주",4008125,2.31,95.95,1,251608595,"G40","금융",173749259
"2026-09-11","WI500","은행",9,"139130","iM금융지주",2454316,1.41,97.36,1,133025262,"G40","금융",173749259
"2026-09-11","WI500","은행",10,"279570","케이뱅크",1084951,0.62,97.98,1,190676720,"G40","금융",173749259
"2026-09-11","WI500","은행",11,"029780","삼성카드",1054316,0.61,98.59,1,23171778,"G40","금융",173749259
"2026-09-11","WI500","은행",12,"204620","글로벌텍스프리",303062,0.17,98.77,1,56226664,"G40","금융",173749259
"2026-09-11","WI500","은행",13,"041190","우리기술투자",275087,0.16,98.92,1,49476000,"G40","금융",173749259
"2026-09-11","WI500","은행",14,"100790","미래에셋벤처투자",254341,0.15,99.07,1,15936173,"G40","금융",173749259
"2026-09-11","WI500","은행",15,"026890","스틱인베스트먼트",219501,0.13,99.2,1,25976460,"G40","금융",173749259
"2026-09-11","WI500","은행",16,"034830","한국토지신탁",151367,0.09,99.28,1,126244615,"G40","금융",173749259
"2026-09-11","WI500","은행",17,"241520","DSC인베스트먼트",146832,0.08,99.37,1,18354000,"G40","금융",173749259
"2026-09-11","WI500","은행",18,"123890","한국자산신탁",136227,0.08,99.45,1,53844527,"G40","금융",173749259
"2026-09-11","WI500","은행",19,"027360","아주IB투자",133866,0.08,99.52,1,41189438,"G40","금융",173749259
"2026-09-11","WI500","은행",20,"289080","SV인베스트먼트",114362,0.07,99.59,1,43900910,"G40","금융",173749259
"2026-09-11","WI500","은행",21,"006220","제주은행",97804,0.06,99.65,1,9449639,"G40","금융",173749259
"2026-09-11","WI500","은행",22,"038540","상상인",73732,0.04,99.69,1,37069969,"G40","금융",173749259
"2026-09-11","WI500","은행",23,"021080","에이티넘인베스트",68429,0.04,99.73,1,31680000,"G40","금융",173749259
"2026-09-11","WI500","은행",24,"210980","SK디앤디",56956,0.03,99.76,1,13925644,"G40","금융",173749259
"2026-09-11","WI500","은행",25,"019550","SBI인베스트먼트",46198,0.03,99.79,1,45115265,"G40","금융",173749259
"2026-09-11","WI500","은행",26,"293580","나우IB",42711,0.02,99.81,1,30377584,"G40","금융",173749259
"2026-09-11","WI500","은행",27,"023760","한국캐피탈",40051,0.02,99.83,1,28404861,"G40","금융",173749259
"2026-09-11","WI500","은행",28,"246690","TS인베스트먼트",33855,0.02,99.85,1,14980249,"G40","금융",173749259
"2026-09-11","WI500","은행",29,"033560","블루콤",30877,0.02,99.87,1,6669000,"G40","금융",173749259
"2026-09-11","WI500","은행",30,"307930","컴퍼니케이",26528,0.02,99.89,1,4526900,"G40","금융",173749259
"2026-09-11","WI500","은행",31,"007330","푸른저축은행",24350,0.01,99.9,1,2413248,"G40","금융",173749259
"2026-09-11","WI500","은행",32,"027830","대성창투",24030,0.01,99.92,1,27000000,"G40","금융",173749259
"2026-09-11","WI500","은행",33,"330730","스톤브릿지벤처스",23898,0.01,99.93,1,5100992,"G40","금융",173749259
"2026-09-11","WI500","은행",34,"452300","캡스톤파트너스",22211,0.01,99.94,1,9351873,"G40","금융",173749259
"2026-09-11","WI500","은행",35,"440290","HB인베스트먼트",21361,0.01,99.95,1,12102829,"G40","금융",173749259
"2026-09-11","WI500","은행",36,"016600","큐캐피탈",20054,0.01,99.97,1,7958112,"G40","금융",173749259
"2026-09-11","WI500","은행",37,"309960","LB인베스트먼트",19549,0.01,99.98,1,4643447,"G40","금융",173749259
"2026-09-11","WI500","은행",38,"019570","GMI벤처",18514,0.01,99.99,1,6395152,"G40","금융",173749259
"2026-09-11","WI500","은행",39,"021880","메이슨캐피탈",9947,0.01,99.99,1,7850822,"G40","금융",173749259
"2026-09-11","WI500","은행",40,"277070","린드먼아시아",7843,0,100,1,2601480,"G40","금융",173749259
"2026-09-11","WI500","은행",41,"001000","신라섬유",4041,0,100,1,1845093,"G40","금융",173749259
"2026-09-11","WI510","증권",1,"138040","메리츠금융지주",9239578,20.76,20.76,1,71959327,"G40","금융",44511598
"2026-09-11","WI510","증권",2,"006800","미래에셋증권",8173824,18.36,39.12,1,244359472,"G40","금융",44511598
"2026-09-11","WI510","증권",3,"071050","한국금융지주",7983529,17.94,57.06,1,41237234,"G40","금융",44511598
"2026-09-11","WI510","증권",4,"016360","삼성증권",5307278,11.92,68.98,1,60724000,"G40","금융",44511598
"2026-09-11","WI510","증권",5,"039490","키움증권",4229054,9.5,78.48,1,15212423,"G40","금융",44511598
"2026-09-11","WI510","증권",6,"005940","NH투자증권",3981149,8.94,87.43,1,151374503,"G40","금융",44511598
"2026-09-11","WI510","증권",7,"023590","다우기술",880897,1.98,89.4,1,21643656,"G40","금융",44511598
"2026-09-11","WI510","증권",8,"003540","대신증권",674190,1.51,90.92,1,24786385,"G40","금융",44511598
"2026-09-11","WI510","증권",9,"001720","신영증권",609513,1.37,92.29,1,4110000,"G40","금융",44511598
"2026-09-11","WI510","증권",10,"003530","한화투자증권",513306,1.15,93.44,1,107273887,"G40","금융",44511598
"2026-09-11","WI510","증권",11,"001510","SK증권",417199,0.94,94.38,1,173471313,"G40","금융",44511598
"2026-09-11","WI510","증권",12,"003470","유안타증권",359194,0.81,95.19,1,75145239,"G40","금융",44511598
"2026-09-11","WI510","증권",13,"001200","유진투자증권",278423,0.63,95.81,1,63931835,"G40","금융",44511598
"2026-09-11","WI510","증권",14,"001500","현대차증권",267787,0.6,96.41,1,33389843,"G40","금융",44511598
"2026-09-11","WI510","증권",15,"032190","다우데이타",258468,0.58,96.99,1,12639000,"G40","금융",44511598
"2026-09-11","WI510","증권",16,"016610","DB증권",244848,0.55,97.54,1,24194441,"G40","금융",44511598
"2026-09-11","WI510","증권",17,"001750","한양증권",204975,0.46,98,1,10576640,"G40","금융",44511598
"2026-09-11","WI510","증권",18,"030210","다올투자증권",177617,0.4,98.4,1,43855996,"G40","금융",44511598
"2026-09-11","WI510","증권",19,"064820","케이프",168219,0.38,98.78,1,21293548,"G40","금융",44511598
"2026-09-11","WI510","증권",20,"030610","교보증권",165611,0.37,99.15,1,15954814,"G40","금융",44511598
"2026-09-11","WI510","증권",21,"001270","부국증권",129624,0.29,99.44,1,2592471,"G40","금융",44511598
"2026-09-11","WI510","증권",22,"078020","LS증권",96215,0.22,99.66,1,14425109,"G40","금융",44511598
"2026-09-11","WI510","증권",23,"003460","유화증권",57165,0.13,99.79,1,18711796,"G40","금융",44511598
"2026-09-11","WI510","증권",24,"000680","LS네트웍스",42554,0.1,99.88,1,14184542,"G40","금융",44511598
"2026-09-11","WI510","증권",25,"001290","상상인증권",32609,0.07,99.96,1,7583598,"G40","금융",44511598
"2026-09-11","WI510","증권",26,"190650","코리아에셋투자증권",18776,0.04,100,1,2810720,"G40","금융",44511598
"2026-09-11","WI520","보험",1,"032830","삼성생명",25830000,41.13,41.13,1,84000000,"G40","금융",62805085
"2026-09-11","WI520","보험",2,"000810","삼성화재",20214590,32.19,73.31,1,29467332,"G40","금융",62805085
"2026-09-11","WI520","보험",3,"005830","DB손해보험",7784978,12.4,85.71,1,40610216,"G40","금융",62805085
"2026-09-11","WI520","보험",4,"001450","현대해상",2842603,4.53,90.24,1,55411362,"G40","금융",62805085
"2026-09-11","WI520","보험",5,"088350","한화생명",2133023,3.4,93.63,1,356097300,"G40","금융",62805085
"2026-09-11","WI520","보험",6,"003690","코리안리",1974858,3.14,96.78,1,132540773,"G40","금융",62805085
"2026-09-11","WI520","보험",7,"085620","미래에셋생명",455935,0.73,97.5,1,22980600,"G40","금융",62805085
"2026-09-11","WI520","보험",8,"031210","서울보증보험",455062,0.72,98.23,1,10473239,"G40","금융",62805085
"2026-09-11","WI520","보험",9,"000370","한화손해보험",442324,0.7,98.93,1,52532511,"G40","금융",62805085
"2026-09-11","WI520","보험",10,"211050","인카금융서비스",273891,0.44,99.37,1,26109738,"G40","금융",62805085
"2026-09-11","WI520","보험",11,"244920","에이플러스에셋",214802,0.34,99.71,1,15599308,"G40","금융",62805085
"2026-09-11","WI520","보험",12,"000400","롯데손해보험",138162,0.22,99.93,1,65170627,"G40","금융",62805085
"2026-09-11","WI520","보험",13,"000540","흥국화재",44857,0.07,100,1,12206102,"G40","금융",62805085
"2026-09-11","WI600","소프트웨어",1,"035420","NAVER",25754139,31.39,31.39,1,124717382,"G50","커뮤니케이션서비스",82053316
"2026-09-11","WI600","소프트웨어",2,"035720","카카오",11156953,13.6,44.98,1,323389929,"G50","커뮤니케이션서비스",82053316
"2026-09-11","WI600","소프트웨어",3,"018260","삼성에스디에스",8436115,10.28,55.27,1,37915122,"G45","IT",82053316
"2026-09-11","WI600","소프트웨어",4,"259960","크래프톤",5735648,6.99,62.26,1,26991286,"G50","커뮤니케이션서비스",82053316
"2026-09-11","WI600","소프트웨어",5,"036570","NC",3586110,4.37,66.63,1,17450657,"G50","커뮤니케이션서비스",82053316
"2026-09-11","WI600","소프트웨어",6,"064400","LG씨엔에스",3483050,4.24,70.87,1,48442974,"G45","IT",82053316
"2026-09-11","WI600","소프트웨어",7,"307950","현대오토에버",2352978,2.87,73.74,1,6033276,"G45","IT",82053316
"2026-09-11","WI600","소프트웨어",8,"377300","카카오페이",1689566,2.06,75.8,1,36531167,"G45","IT",82053316
"2026-09-11","WI600","소프트웨어",9,"263750","펄어비스",1286666,1.57,77.37,1,36449467,"G50","커뮤니케이션서비스",82053316
"2026-09-11","WI600","소프트웨어",10,"022100","포스코DX",1111298,1.35,78.72,1,50171460,"G45","IT",82053316
"2026-09-11","WI600","소프트웨어",11,"251270","넷마블",1083055,1.32,80.04,1,30768617,"G50","커뮤니케이션서비스",82053316
"2026-09-11","WI600","소프트웨어",12,"462870","시프트업",1051362,1.28,81.32,1,33482877,"G50","커뮤니케이션서비스",82053316
"2026-09-11","WI600","소프트웨어",13,"181710","NHN",738911,0.9,82.22,1,13101255,"G45","IT",82053316
"2026-09-11","WI600","소프트웨어",14,"192080","더블유게임즈",602787,0.73,82.96,1,10374999,"G50","커뮤니케이션서비스",82053316
"2026-09-11","WI600","소프트웨어",15,"124500","아이티센글로벌",551200,0.67,83.63,1,17171349,"G45","IT",82053316
"2026-09-11","WI600","소프트웨어",16,"293490","카카오게임즈",423661,0.52,84.14,1,45900463,"G50","커뮤니케이션서비스",82053316
"2026-09-11","WI600","소프트웨어",17,"079940","가비아",415988,0.51,84.65,1,9662892,"G45","IT",82053316
"2026-09-11","WI600","소프트웨어",18,"093320","케이아이엔엑스",405235,0.49,85.15,1,2928000,"G45","IT",82053316
"2026-09-11","WI600","소프트웨어",19,"064260","다날",316440,0.39,85.53,1,63542183,"G45","IT",82053316
"2026-09-11","WI600","소프트웨어",20,"112040","위메이드",313463,0.38,85.91,1,20029604,"G50","커뮤니케이션서비스",82053316
"2026-09-11","WI600","소프트웨어",21,"060250","NHN KCP",308421,0.38,86.29,1,21285123,"G45","IT",82053316
"2026-09-11","WI600","소프트웨어",22,"067160","SOOP",298519,0.36,86.65,1,8046336,"G50","커뮤니케이션서비스",82053316
"2026-09-11","WI600","소프트웨어",23,"053800","안랩",296911,0.36,87.01,1,5006927,"G45","IT",82053316
"2026-09-11","WI600","소프트웨어",24,"052400","코나아이",295635,0.36,87.38,1,8446708,"G45","IT",82053316
"2026-09-11","WI600","소프트웨어",25,"042000","카페24",273576,0.33,87.71,1,17650063,"G45","IT",82053316
"2026-09-11","WI600","소프트웨어",26,"225570","넥슨게임즈",268314,0.33,88.04,1,23051060,"G50","커뮤니케이션서비스",82053316
"2026-09-11","WI600","소프트웨어",27,"078340","컴투스",266613,0.32,88.36,1,7617527,"G50","커뮤니케이션서비스",82053316
"2026-09-11","WI600","소프트웨어",28,"030520","한컴",260184,0.32,88.68,1,15233238,"G45","IT",82053316
"2026-09-11","WI600","소프트웨어",29,"486990","노타",228261,0.28,88.96,1,13263306,"G45","IT",82053316
"2026-09-11","WI600","소프트웨어",30,"477850","마키나락스",227527,0.28,89.23,1,9765104,"G45","IT",82053316
"2026-09-11","WI600","소프트웨어",31,"356680","엑스게이트",210868,0.26,89.49,1,13130006,"G45","IT",82053316
"2026-09-11","WI600","소프트웨어",32,"294570","쿠콘",209807,0.26,89.75,1,7064212,"G45","IT",82053316
"2026-09-11","WI600","소프트웨어",33,"376300","디어유",207628,0.25,90,1,11631818,"G50","커뮤니케이션서비스",82053316
"2026-09-11","WI600","소프트웨어",34,"034310","NICE",205270,0.25,90.25,1,16540720,"G45","IT",82053316
"2026-09-11","WI600","소프트웨어",35,"069080","웹젠",203135,0.25,90.5,1,17960613,"G50","커뮤니케이션서비스",82053316
"2026-09-11","WI600","소프트웨어",36,"095660","네오위즈",201280,0.25,90.74,1,11250958,"G50","커뮤니케이션서비스",82053316
"2026-09-11","WI600","소프트웨어",37,"234340","헥토파이낸셜",176813,0.22,90.96,1,7823567,"G45","IT",82053316
"2026-09-11","WI600","소프트웨어",38,"012030","DB",169185,0.21,91.16,1,102598705,"G45","IT",82053316
"2026-09-11","WI600","소프트웨어",39,"304100","솔트룩스",163355,0.2,91.36,1,10704776,"G45","IT",82053316
"2026-09-11","WI600","소프트웨어",40,"020120","키다리스튜디오",156113,0.19,91.55,1,19273158,"G50","커뮤니케이션서비스",82053316
"2026-09-11","WI600","소프트웨어",41,"035600","KG이니시스",150431,0.18,91.74,1,14879394,"G45","IT",82053316
"2026-09-11","WI600","소프트웨어",42,"298830","슈어소프트테크",134074,0.16,91.9,1,30471344,"G45","IT",82053316
"2026-09-11","WI600","소프트웨어",43,"194480","데브시스터즈",117758,0.14,92.04,1,7788256,"G50","커뮤니케이션서비스",82053316
"2026-09-11","WI600","소프트웨어",44,"205500","넥써쓰",116571,0.14,92.19,1,61000111,"G50","커뮤니케이션서비스",82053316
"2026-09-11","WI600","소프트웨어",45,"058970","엠로",112960,0.14,92.32,1,7046792,"G45","IT",82053316
"2026-09-11","WI600","소프트웨어",46,"452450","피아이이",106933,0.13,92.45,1,20175960,"G45","IT",82053316
"2026-09-11","WI600","소프트웨어",47,"214180","헥토이노베이션",106872,0.13,92.58,1,7406219,"G45","IT",82053316
"2026-09-11","WI600","소프트웨어",48,"035510","신세계 I&C",104893,0.13,92.71,1,6431214,"G45","IT",82053316
"2026-09-11","WI600","소프트웨어",49,"475040","스트라드비젼",100091,0.12,92.83,1,26374407,"G45","IT",82053316
"2026-09-11","WI600","소프트웨어",50,"064850","에프앤가이드",99840,0.12,92.95,1,5705166,"G45","IT",82053316
"2026-09-11","WI600","소프트웨어",51,"094480","갤럭시아머니트리",99742,0.12,93.08,1,17653427,"G45","IT",82053316
"2026-09-11","WI600","소프트웨어",52,"300080","플리토",99668,0.12,93.2,1,10728543,"G50","커뮤니케이션서비스",82053316
"2026-09-11","WI600","소프트웨어",53,"462860","더즌",99024,0.12,93.32,1,33008000,"G45","IT",82053316
"2026-09-11","WI600","소프트웨어",54,"402030","코난테크놀로지",98387,0.12,93.44,1,7510492,"G45","IT",82053316
"2026-09-11","WI600","소프트웨어",55,"053300","한국정보인증",89306,0.11,93.55,1,17408664,"G45","IT",82053316
"2026-09-11","WI600","소프트웨어",56,"488280","에스투더블유",88417,0.11,93.65,1,5954017,"G45","IT",82053316
"2026-09-11","WI600","소프트웨어",57,"204610","티쓰리",87490,0.11,93.76,1,27863110,"G50","커뮤니케이션서비스",82053316
"2026-09-11","WI600","소프트웨어",58,"101730","위메이드맥스",83908,0.1,93.86,1,20950821,"G50","커뮤니케이션서비스",82053316
"2026-09-11","WI600","소프트웨어",59,"263860","지니언스",83106,0.1,93.97,1,4902984,"G45","IT",82053316
"2026-09-11","WI600","소프트웨어",60,"242040","나무AX",82193,0.1,94.07,1,26992885,"G45","IT",82053316
"2026-09-11","WI600","소프트웨어",61,"286940","롯데이노베이트",79282,0.1,94.16,1,4387516,"G45","IT",82053316
"2026-09-11","WI600","소프트웨어",62,"158430","아톤",75601,0.09,94.25,1,15668538,"G45","IT",82053316
"2026-09-11","WI600","소프트웨어",63,"0007C0","아크릴",74802,0.09,94.35,1,4336374,"G45","IT",82053316
"2026-09-11","WI600","소프트웨어",64,"163730","핑거",73904,0.09,94.44,1,8050530,"G45","IT",82053316
"2026-09-11","WI600","소프트웨어",65,"189330","씨이랩",73625,0.09,94.53,1,6379953,"G45","IT",82053316
"2026-09-11","WI600","소프트웨어",66,"357880","SKAI",72652,0.09,94.61,1,40094768,"G45","IT",82053316
"2026-09-11","WI600","소프트웨어",67,"201490","미투온",69041,0.08,94.7,1,25197269,"G50","커뮤니케이션서비스",82053316
"2026-09-11","WI600","소프트웨어",68,"046440","KG파이낸셜",68432,0.08,94.78,1,16312673,"G45","IT",82053316
"2026-09-11","WI600","소프트웨어",69,"234300","에스트래픽",68335,0.08,94.86,1,21222068,"G45","IT",82053316
"2026-09-11","WI600","소프트웨어",70,"042420","네오위즈홀딩스",64487,0.08,94.94,1,2686953,"G50","커뮤니케이션서비스",82053316
"2026-09-11","WI600","소프트웨어",71,"086960","MDS테크",64413,0.08,95.02,1,32747075,"G45","IT",82053316
"2026-09-11","WI600","소프트웨어",72,"029480","광무",63605,0.08,95.1,1,43594966,"G45","IT",82053316
"2026-09-11","WI600","소프트웨어",73,"250060","모비스",63439,0.08,95.18,1,20267927,"G45","IT",82053316
"2026-09-11","WI600","소프트웨어",74,"089230","THE E&M",63083,0.08,95.25,1,35085005,"G50","커뮤니케이션서비스",82053316
"2026-09-11","WI600","소프트웨어",75,"047560","이스트소프트",61658,0.08,95.33,1,7874564,"G45","IT",82053316
"2026-09-11","WI600","소프트웨어",76,"443670","에스피소프트",61263,0.07,95.4,1,12965704,"G45","IT",82053316
"2026-09-11","WI600","소프트웨어",77,"058630","엠게임",59989,0.07,95.48,1,14830333,"G50","커뮤니케이션서비스",82053316
"2026-09-11","WI600","소프트웨어",78,"136540","윈스테크넷",58795,0.07,95.55,1,5525885,"G45","IT",82053316
"2026-09-11","WI600","소프트웨어",79,"042510","라온시큐어",58337,0.07,95.62,1,6219263,"G45","IT",82053316
"2026-09-11","WI600","소프트웨어",80,"217270","넵튠",57877,0.07,95.69,1,22433108,"G50","커뮤니케이션서비스",82053316
"2026-09-11","WI600","소프트웨어",81,"322180","LS티라유텍",57538,0.07,95.76,1,14402391,"G45","IT",82053316
"2026-09-11","WI600","소프트웨어",82,"094860","네오리진",57435,0.07,95.83,1,38239210,"G50","커뮤니케이션서비스",82053316
"2026-09-11","WI600","소프트웨어",83,"377480","마음AI",57070,0.07,95.9,1,5617117,"G45","IT",82053316
"2026-09-11","WI600","소프트웨어",84,"041460","한국전자인증",55461,0.07,95.97,1,15960000,"G45","IT",82053316
"2026-09-11","WI600","소프트웨어",85,"205100","엑셈",54918,0.07,96.03,1,41199018,"G45","IT",82053316
"2026-09-11","WI600","소프트웨어",86,"042500","링네트",54254,0.07,96.1,1,12705952,"G45","IT",82053316
"2026-09-11","WI600","소프트웨어",87,"053580","웹케시",53884,0.07,96.17,1,7643117,"G45","IT",82053316
"2026-09-11","WI600","소프트웨어",88,"307870","비투엔",52840,0.06,96.23,1,40121613,"G45","IT",82053316
"2026-09-11","WI600","소프트웨어",89,"063080","컴투스홀딩스",51276,0.06,96.29,1,4089019,"G50","커뮤니케이션서비스",82053316
"2026-09-11","WI600","소프트웨어",90,"031820","아이티센씨티에스",51060,0.06,96.35,1,8957808,"G45","IT",82053316
"2026-09-11","WI600","소프트웨어",91,"040350","크레오에스지",49694,0.06,96.42,1,11516593,"G45","IT",82053316
"2026-09-11","WI600","소프트웨어",92,"134580","탑코미디어",49550,0.06,96.48,1,13802361,"G50","커뮤니케이션서비스",82053316
"2026-09-11","WI600","소프트웨어",93,"052460","아이크래프트",49258,0.06,96.54,1,8764761,"G45","IT",82053316
"2026-09-11","WI600","소프트웨어",94,"072130","유엔젤",49017,0.06,96.6,1,9902454,"G45","IT",82053316
"2026-09-11","WI600","소프트웨어",95,"038680","에스넷",48796,0.06,96.65,1,12943217,"G45","IT",82053316
"2026-09-11","WI600","소프트웨어",96,"347860","알체라",48192,0.06,96.71,1,35830599,"G45","IT",82053316
"2026-09-11","WI600","소프트웨어",97,"096250","와이즈넛",47563,0.06,96.77,1,8388565,"G45","IT",82053316
"2026-09-11","WI600","소프트웨어",98,"033130","디지틀조선",46722,0.06,96.83,1,26351839,"G45","IT",82053316
"2026-09-11","WI600","소프트웨어",99,"067000","조이시티",46514,0.06,96.89,1,41942067,"G50","커뮤니케이션서비스",82053316
"2026-09-11","WI600","소프트웨어",100,"040160","누리플렉스",46183,0.06,96.94,1,6654676,"G45","IT",82053316
"2026-09-11","WI600","소프트웨어",101,"340810","시선AI",46145,0.06,97,1,11159585,"G45","IT",82053316
"2026-09-11","WI600","소프트웨어",102,"352910","오비고",45436,0.06,97.05,1,9225595,"G45","IT",82053316
"2026-09-11","WI600","소프트웨어",103,"173130","오파스넷",45134,0.06,97.11,1,7175560,"G45","IT",82053316
"2026-09-11","WI600","소프트웨어",104,"483350","딜리셔스",44864,0.05,97.16,1,15285887,"G45","IT",82053316
"2026-09-11","WI600","소프트웨어",105,"067920","이글루",44033,0.05,97.22,1,7807244,"G45","IT",82053316
"2026-09-11","WI600","소프트웨어",106,"315640","딥노이드",43624,0.05,97.27,1,25260119,"G45","IT",82053316
"2026-09-11","WI600","소프트웨어",107,"131370","알서포트",42912,0.05,97.32,1,28231553,"G45","IT",82053316
"2026-09-11","WI600","소프트웨어",108,"039980","폴라리스AI",42540,0.05,97.37,1,8341104,"G45","IT",82053316
"2026-09-11","WI600","소프트웨어",109,"123420","위메이드플레이",40949,0.05,97.42,1,6448645,"G50","커뮤니케이션서비스",82053316
"2026-09-11","WI600","소프트웨어",110,"115310","인포바인",40474,0.05,97.47,1,4301149,"G45","IT",82053316
"2026-09-11","WI600","소프트웨어",111,"033230","인성정보",40025,0.05,97.52,1,38896842,"G45","IT",82053316
"2026-09-11","WI600","소프트웨어",112,"115500","케이씨에스",39402,0.05,97.57,1,3960000,"G45","IT",82053316
"2026-09-11","WI600","소프트웨어",113,"010280","아이티센엔텍",37782,0.05,97.62,1,7293863,"G45","IT",82053316
"2026-09-11","WI600","소프트웨어",114,"039420","케이엘넷",36100,0.04,97.66,1,13079786,"G45","IT",82053316
"2026-09-11","WI600","소프트웨어",115,"053350","이니텍",35815,0.04,97.7,1,8368004,"G45","IT",82053316
"2026-09-11","WI600","소프트웨어",116,"463020","뉴엔AI",35499,0.04,97.75,1,4493600,"G45","IT",82053316
"2026-09-11","WI600","소프트웨어",117,"025770","한국정보통신",33939,0.04,97.79,1,4118869,"G45","IT",82053316
"2026-09-11","WI600","소프트웨어",118,"150900","파수AI",33579,0.04,97.83,1,8894980,"G45","IT",82053316
"2026-09-11","WI600","소프트웨어",119,"072770","멤레이비티",33086,0.04,97.87,1,38606251,"G45","IT",82053316
"2026-09-11","WI600","소프트웨어",120,"214270","FSN",32629,0.04,97.91,1,24888399,"G50","커뮤니케이션서비스",82053316
"2026-09-11","WI600","소프트웨어",121,"192250","케이사인",30869,0.04,97.95,1,3957590,"G45","IT",82053316
"2026-09-11","WI600","소프트웨어",122,"065440","이루온",30621,0.04,97.98,1,22092766,"G45","IT",82053316
"2026-09-11","WI600","소프트웨어",123,"411080","샌즈랩",30285,0.04,98.02,1,5496349,"G45","IT",82053316
"2026-09-11","WI600","소프트웨어",124,"100030","인지소프트",30218,0.04,98.06,1,1477671,"G45","IT",82053316
"2026-09-11","WI600","소프트웨어",125,"032790","엠젠솔루션",29682,0.04,98.09,1,21571289,"G45","IT",82053316
"2026-09-11","WI600","소프트웨어",126,"053980","오상자이엘",28582,0.03,98.13,1,11959153,"G45","IT",82053316
"2026-09-11","WI600","소프트웨어",127,"049470","비트플래닛",27618,0.03,98.16,1,12007898,"G45","IT",82053316
"2026-09-11","WI600","소프트웨어",128,"060850","영림원소프트랩",27407,0.03,98.2,1,6016940,"G45","IT",82053316
"2026-09-11","WI600","소프트웨어",129,"443250","레뷰코퍼레이션",26960,0.03,98.23,1,4648221,"G50","커뮤니케이션서비스",82053316
"2026-09-11","WI600","소프트웨어",130,"219420","링크제니시스",26156,0.03,98.26,1,7913959,"G45","IT",82053316
"2026-09-11","WI600","소프트웨어",131,"199480","뱅크웨어글로벌",26036,0.03,98.29,1,6933679,"G45","IT",82053316
"2026-09-11","WI600","소프트웨어",132,"263800","데이타솔루션",25728,0.03,98.32,1,5354375,"G45","IT",82053316
"2026-09-11","WI600","소프트웨어",133,"408470","한패스",25341,0.03,98.35,1,4968840,"G45","IT",82053316
"2026-09-11","WI600","소프트웨어",134,"020180","대신정보통신",24410,0.03,98.38,1,6148626,"G45","IT",82053316
"2026-09-11","WI600","소프트웨어",135,"045510","정원엔시스",23804,0.03,98.41,1,21406370,"G45","IT",82053316
"2026-09-11","WI600","소프트웨어",136,"267850","아시아나IDT",23641,0.03,98.44,1,2553000,"G45","IT",82053316
"2026-09-11","WI600","소프트웨어",137,"393210","토마토시스템",23500,0.03,98.47,1,10930180,"G45","IT",82053316
"2026-09-11","WI600","소프트웨어",138,"075130","플랜티넷",23250,0.03,98.5,1,11124400,"G45","IT",82053316
"2026-09-11","WI600","소프트웨어",139,"317530","에피소드컴퍼니",23209,0.03,98.53,1,7697748,"G50","커뮤니케이션서비스",82053316
"2026-09-11","WI600","소프트웨어",140,"434480","모니터랩",22452,0.03,98.55,1,7755489,"G45","IT",82053316
"2026-09-11","WI600","소프트웨어",141,"301300","바이브컴퍼니",22352,0.03,98.58,1,9471392,"G45","IT",82053316
"2026-09-11","WI600","소프트웨어",142,"300120","라온피플",22203,0.03,98.61,1,6831554,"G45","IT",82053316
"2026-09-11","WI600","소프트웨어",143,"050960","수산아이앤티",22056,0.03,98.64,1,2497870,"G45","IT",82053316
"2026-09-11","WI600","소프트웨어",144,"462980","아이지넷",21441,0.03,98.66,1,13493483,"G45","IT",82053316
"2026-09-11","WI600","소프트웨어",145,"446840","지슨",21383,0.03,98.69,1,6609969,"G45","IT",82053316
"2026-09-11","WI600","소프트웨어",146,"258790","소프트캠프",21382,0.03,98.71,1,3648726,"G45","IT",82053316
"2026-09-11","WI600","소프트웨어",147,"131090","시큐브",20832,0.03,98.74,1,4977843,"G45","IT",82053316
"2026-09-11","WI600","소프트웨어",148,"052790","액토즈소프트",20328,0.02,98.76,1,4916046,"G50","커뮤니케이션서비스",82053316
"2026-09-11","WI600","소프트웨어",149,"189690","포시에스",20309,0.02,98.79,1,13387764,"G45","IT",82053316
"2026-09-11","WI600","소프트웨어",150,"466410","사이냅소프트",20099,0.02,98.81,1,2367400,"G45","IT",82053316
"2026-09-11","WI600","소프트웨어",151,"296640","이노에이엑스",20063,0.02,98.84,1,3262298,"G45","IT",82053316
"2026-09-11","WI600","소프트웨어",152,"064480","브리지텍",19971,0.02,98.86,1,7410550,"G45","IT",82053316
"2026-09-11","WI600","소프트웨어",153,"067010","이씨에스",19817,0.02,98.89,1,7621949,"G45","IT",82053316
"2026-09-11","WI600","소프트웨어",154,"184230","SGA솔루션즈",19476,0.02,98.91,1,10170334,"G45","IT",82053316
"2026-09-11","WI600","소프트웨어",155,"139670","키네마스터",19439,0.02,98.93,1,9459602,"G45","IT",82053316
"2026-09-11","WI600","소프트웨어",156,"007120","미래아이앤지",19405,0.02,98.96,1,18306486,"G45","IT",82053316
"2026-09-11","WI600","소프트웨어",157,"069410","엔텔스",19348,0.02,98.98,1,7273825,"G45","IT",82053316
"2026-09-11","WI600","소프트웨어",158,"408920","메쎄이상",19260,0.02,99,1,6484868,"G50","커뮤니케이션서비스",82053316
"2026-09-11","WI600","소프트웨어",159,"039290","인포뱅크",19134,0.02,99.03,1,4868627,"G45","IT",82053316
"2026-09-11","WI600","소프트웨어",160,"261520","이지스",19065,0.02,99.05,1,3597230,"G45","IT",82053316
"2026-09-11","WI600","소프트웨어",161,"057680","티사이언티픽",18993,0.02,99.07,1,11055036,"G45","IT",82053316
"2026-09-11","WI600","소프트웨어",162,"444530","심플랫폼",18903,0.02,99.1,1,4052025,"G45","IT",82053316
"2026-09-11","WI600","소프트웨어",163,"052600","한네트",18889,0.02,99.12,1,6360035,"G45","IT",82053316
"2026-09-11","WI600","소프트웨어",164,"078000","텔코웨어",18850,0.02,99.14,1,1386011,"G45","IT",82053316
"2026-09-11","WI600","소프트웨어",165,"099390","브레인즈컴퍼니",18710,0.02,99.17,1,4760804,"G45","IT",82053316
"2026-09-11","WI600","소프트웨어",166,"220180","폴라리스AI핸디",18666,0.02,99.19,1,12444037,"G45","IT",82053316
"2026-09-11","WI600","소프트웨어",167,"088340","유라클",18535,0.02,99.21,1,2705908,"G45","IT",82053316
"2026-09-11","WI600","소프트웨어",168,"207760","미스터블루",17924,0.02,99.23,1,7643339,"G50","커뮤니케이션서비스",82053316
"2026-09-11","WI600","소프트웨어",169,"417860","오브젠",17578,0.02,99.25,1,2588798,"G45","IT",82053316
"2026-09-11","WI600","소프트웨어",170,"047080","한빛소프트",17522,0.02,99.28,1,16134535,"G50","커뮤니케이션서비스",82053316
"2026-09-11","WI600","소프트웨어",171,"038530","케이바이오랩스",17329,0.02,99.3,1,17346381,"G45","IT",82053316
"2026-09-11","WI600","소프트웨어",172,"232830","아이티센피엔에스",17276,0.02,99.32,1,8928212,"G45","IT",82053316
"2026-09-11","WI600","소프트웨어",173,"413640","비아이매트릭스",17227,0.02,99.34,1,2954845,"G45","IT",82053316
"2026-09-11","WI600","소프트웨어",174,"367000","플래티어",16723,0.02,99.36,1,4697395,"G45","IT",82053316
"2026-09-11","WI600","소프트웨어",175,"419120","산돌",16692,0.02,99.38,1,6969313,"G45","IT",82053316
"2026-09-11","WI600","소프트웨어",176,"039310","세중",16649,0.02,99.4,1,12866383,"G45","IT",82053316
"2026-09-11","WI600","소프트웨어",177,"032680","소프트센",16416,0.02,99.42,1,18444704,"G45","IT",82053316
"2026-09-11","WI600","소프트웨어",178,"023770","플레이위드",16297,0.02,99.44,1,6173081,"G50","커뮤니케이션서비스",82053316
"2026-09-11","WI600","소프트웨어",179,"054220","비츠로시스",16287,0.02,99.46,1,10198398,"G45","IT",82053316
"2026-09-11","WI600","소프트웨어",180,"068100","케이웨더",16153,0.02,99.48,1,6917970,"G45","IT",82053316
"2026-09-11","WI600","소프트웨어",181,"197140","디지캡",15762,0.02,99.5,1,6636708,"G45","IT",82053316
"2026-09-11","WI600","소프트웨어",182,"148780","비큐AI",15555,0.02,99.52,1,4087944,"G45","IT",82053316
"2026-09-11","WI600","소프트웨어",183,"431190","케이쓰리아이",15403,0.02,99.54,1,4042678,"G45","IT",82053316
"2026-09-11","WI600","소프트웨어",184,"262840","아이퀘스트",15350,0.02,99.56,1,5706154,"G45","IT",82053316
"2026-09-11","WI600","소프트웨어",185,"430690","한싹",15109,0.02,99.57,1,5338698,"G45","IT",82053316
"2026-09-11","WI600","소프트웨어",186,"336060","웨이버스",14999,0.02,99.59,1,5008140,"G45","IT",82053316
"2026-09-11","WI600","소프트웨어",187,"348030","모비릭스",14508,0.02,99.61,1,4993976,"G50","커뮤니케이션서비스",82053316
"2026-09-11","WI600","소프트웨어",188,"331520","밸로프",14427,0.02,99.63,1,6272759,"G50","커뮤니케이션서비스",82053316
"2026-09-11","WI600","소프트웨어",189,"355390","크라우드웍스",14191,0.02,99.64,1,12223244,"G45","IT",82053316
"2026-09-11","WI600","소프트웨어",190,"303530","이노뎁",13970,0.02,99.66,1,4550365,"G45","IT",82053316
"2026-09-11","WI600","소프트웨어",191,"290270","휴네시온",13817,0.02,99.68,1,4707759,"G45","IT",82053316
"2026-09-11","WI600","소프트웨어",192,"333050","이노테나",13513,0.02,99.69,1,2412965,"G45","IT",82053316
"2026-09-11","WI600","소프트웨어",193,"289220","자이언트스텝",13387,0.02,99.71,1,13387332,"G50","커뮤니케이션서비스",82053316
"2026-09-11","WI600","소프트웨어",194,"356890","싸이버원",13287,0.02,99.73,1,5140144,"G45","IT",82053316
"2026-09-11","WI600","소프트웨어",195,"065370","위세아이텍",13070,0.02,99.74,1,4430372,"G45","IT",82053316
"2026-09-11","WI600","소프트웨어",196,"274400","이노시뮬레이션",12422,0.02,99.76,1,5633625,"G45","IT",82053316
"2026-09-11","WI600","소프트웨어",197,"391710","코닉오토메이션",12394,0.02,99.77,1,11507526,"G45","IT",82053316
"2026-09-11","WI600","소프트웨어",198,"438700","버넥트",12368,0.02,99.79,1,7132729,"G45","IT",82053316
"2026-09-11","WI600","소프트웨어",199,"016670","디모아",12086,0.01,99.8,1,4893232,"G45","IT",82053316
"2026-09-11","WI600","소프트웨어",200,"153460","네이블",11903,0.01,99.82,1,2024304,"G45","IT",82053316
"2026-09-11","WI600","소프트웨어",201,"275630","에스에스알",11480,0.01,99.83,1,2626904,"G45","IT",82053316
"2026-09-11","WI600","소프트웨어",202,"279600","미디어젠",11288,0.01,99.85,1,2857716,"G45","IT",82053316
"2026-09-11","WI600","소프트웨어",203,"424760","벨로크",11197,0.01,99.86,1,4826096,"G45","IT",82053316
"2026-09-11","WI600","소프트웨어",204,"351330","이삭엔지니어링",11152,0.01,99.87,1,3232522,"G45","IT",82053316
"2026-09-11","WI600","소프트웨어",205,"450520","인스웨이브",10918,0.01,99.89,1,5587739,"G45","IT",82053316
"2026-09-11","WI600","소프트웨어",206,"417180","핑거스토리",10497,0.01,99.9,1,2499344,"G50","커뮤니케이션서비스",82053316
"2026-09-11","WI600","소프트웨어",207,"208350","지란지교시큐리티",10395,0.01,99.91,1,3402659,"G45","IT",82053316
"2026-09-11","WI600","소프트웨어",208,"372800","아이티아이즈",9931,0.01,99.92,1,3377850,"G45","IT",82053316
"2026-09-11","WI600","소프트웨어",209,"328380","솔트웨어",9914,0.01,99.94,1,2535445,"G45","IT",82053316
"2026-09-11","WI600","소프트웨어",210,"067730","로지시스",9751,0.01,99.95,1,4353264,"G45","IT",82053316
"2026-09-11","WI600","소프트웨어",211,"373170","엠아이큐브솔루션",9356,0.01,99.96,1,4685274,"G45","IT",82053316
"2026-09-11","WI600","소프트웨어",212,"465480","인스피언",8856,0.01,99.97,1,2433065,"G45","IT",82053316
"2026-09-11","WI600","소프트웨어",213,"290090","트윔",8823,0.01,99.98,1,2083359,"G45","IT",82053316
"2026-09-11","WI600","소프트웨어",214,"169330","엠브레인",8334,0.01,99.99,1,6410921,"G45","IT",82053316
"2026-09-11","WI600","소프트웨어",215,"290560","파라택시스이더리움",3988,0,100,1,3354409,"G45","IT",82053316
"2026-09-11","WI600","소프트웨어",216,"070590","인티큐브",3645,0,100,1,1804337,"G45","IT",82053316
"2026-09-11","WI610","IT하드웨어",1,"009150","삼성전기",76336957,64.94,64.94,1,54526398,"G45","IT",117554220
"2026-09-11","WI610","IT하드웨어",2,"011070","LG이노텍",7582231,6.45,71.39,1,13963593,"G45","IT",117554220
"2026-09-11","WI610","IT하드웨어",3,"353200","대덕전자",3310934,2.82,74.2,1,33109339,"G45","IT",117554220
"2026-09-11","WI610","IT하드웨어",4,"222800","심텍",3238442,2.75,76.96,1,24683248,"G45","IT",117554220
"2026-09-11","WI610","IT하드웨어",5,"010170","대한광통신",1826101,1.55,78.51,1,129053097,"G45","IT",117554220
"2026-09-11","WI610","IT하드웨어",6,"489790","한화비전",1572814,1.34,79.85,1,33322337,"G45","IT",117554220
"2026-09-11","WI610","IT하드웨어",7,"098460","고영",1470960,1.25,81.1,1,53199286,"G45","IT",117554220
"2026-09-11","WI610","IT하드웨어",8,"020150","롯데에너지머티리얼즈",1171206,1,82.1,1,27753695,"G45","IT",117554220
"2026-09-11","WI610","IT하드웨어",9,"140860","파크시스템스",1147004,0.98,83.07,1,4551604,"G45","IT",117554220
"2026-09-11","WI610","IT하드웨어",10,"323280","태성",982972,0.84,83.91,1,21071206,"G45","IT",117554220
"2026-09-11","WI610","IT하드웨어",11,"078600","대주전자재료",921048,0.78,84.69,1,10835855,"G45","IT",117554220
"2026-09-11","WI610","IT하드웨어",12,"218410","RFHIC",804067,0.68,85.38,1,16476774,"G45","IT",117554220
"2026-09-11","WI610","IT하드웨어",13,"007810","코리아써키트",588246,0.5,85.88,1,11511657,"G45","IT",117554220
"2026-09-11","WI610","IT하드웨어",14,"161580","필옵틱스",548467,0.47,86.34,1,17112840,"G45","IT",117554220
"2026-09-11","WI610","IT하드웨어",15,"189300","인텔리안테크",490145,0.42,86.76,1,7730997,"G45","IT",117554220
"2026-09-11","WI610","IT하드웨어",16,"248070","솔루엠",474590,0.4,87.17,1,36818501,"G45","IT",117554220
"2026-09-11","WI610","IT하드웨어",17,"050890","쏠리드",465031,0.4,87.56,1,54073315,"G45","IT",117554220
"2026-09-11","WI610","IT하드웨어",18,"090460","비에이치",448835,0.38,87.94,1,23598076,"G45","IT",117554220
"2026-09-11","WI610","IT하드웨어",19,"032500","케이엠더블유",443266,0.38,88.32,1,28690356,"G45","IT",117554220
"2026-09-11","WI610","IT하드웨어",20,"204270","제이앤티씨",424839,0.36,88.68,1,18511509,"G45","IT",117554220
"2026-09-11","WI610","IT하드웨어",21,"031330","에스에이엠티",389741,0.33,89.01,1,47997632,"G45","IT",117554220
"2026-09-11","WI610","IT하드웨어",22,"033240","자화전자",328490,0.28,89.29,1,12099081,"G45","IT",117554220
"2026-09-11","WI610","IT하드웨어",23,"004710","한솔테크닉스",324376,0.28,89.57,1,36652673,"G45","IT",117554220
"2026-09-11","WI610","IT하드웨어",24,"025320","시노펙스",315994,0.27,89.84,1,82076470,"G45","IT",117554220
"2026-09-11","WI610","IT하드웨어",25,"089010","켐트로닉스",291228,0.25,90.08,1,12745220,"G45","IT",117554220
"2026-09-11","WI610","IT하드웨어",26,"000670","영풍",290235,0.25,90.33,1,7548380,"G45","IT",117554220
"2026-09-11","WI610","IT하드웨어",27,"336370","솔루스첨단소재",280828,0.24,90.57,1,32999780,"G45","IT",117554220
"2026-09-11","WI610","IT하드웨어",28,"192650","드림텍",248400,0.21,90.78,1,38873229,"G45","IT",117554220
"2026-09-11","WI610","IT하드웨어",29,"332570","PS일렉트로닉스",242107,0.21,90.99,1,31239610,"G45","IT",117554220
"2026-09-11","WI610","IT하드웨어",30,"368770","파이버프로",240690,0.2,91.19,1,19712535,"G45","IT",117554220
"2026-09-11","WI610","IT하드웨어",31,"046970","우리로",239477,0.2,91.4,1,33306999,"G45","IT",117554220
"2026-09-11","WI610","IT하드웨어",32,"008060","대덕",236555,0.2,91.6,1,16269290,"G45","IT",117554220
"2026-09-11","WI610","IT하드웨어",33,"236200","슈프리마",224419,0.19,91.79,1,4324072,"G45","IT",117554220
"2026-09-11","WI610","IT하드웨어",34,"069540","빛과전자",222420,0.19,91.98,1,57472867,"G45","IT",117554220
"2026-09-11","WI610","IT하드웨어",35,"441270","파인엠텍",220424,0.19,92.16,1,26589107,"G45","IT",117554220
"2026-09-11","WI610","IT하드웨어",36,"037460","삼지전자",207074,0.18,92.34,1,6690594,"G45","IT",117554220
"2026-09-11","WI610","IT하드웨어",37,"052710","아모텍",206328,0.18,92.52,1,13636984,"G45","IT",117554220
"2026-09-11","WI610","IT하드웨어",38,"097520","엠씨넥스",204342,0.17,92.69,1,10788930,"G45","IT",117554220
"2026-09-11","WI610","IT하드웨어",39,"138080","오이솔루션",203614,0.17,92.86,1,8664430,"G45","IT",117554220
"2026-09-11","WI610","IT하드웨어",40,"060720","KH바텍",181222,0.15,93.02,1,16810983,"G45","IT",117554220
"2026-09-11","WI610","IT하드웨어",41,"456010","아이씨티케이",169619,0.14,93.16,1,9861598,"G45","IT",117554220
"2026-09-11","WI610","IT하드웨어",42,"091700","파트론",162900,0.14,93.3,1,30000000,"G45","IT",117554220
"2026-09-11","WI610","IT하드웨어",43,"168360","펨트론",159614,0.14,93.44,1,12091980,"G45","IT",117554220
"2026-09-11","WI610","IT하드웨어",44,"073490","LIG아큐버",158084,0.13,93.57,1,5322692,"G45","IT",117554220
"2026-09-11","WI610","IT하드웨어",45,"049070","인탑스",156356,0.13,93.7,1,8343419,"G45","IT",117554220
"2026-09-11","WI610","IT하드웨어",46,"290550","디케이티",151593,0.13,93.83,1,9600590,"G45","IT",117554220
"2026-09-11","WI610","IT하드웨어",47,"017900","광전자",141904,0.12,93.95,1,17962566,"G45","IT",117554220
"2026-09-11","WI610","IT하드웨어",48,"049630","재영솔루텍",140457,0.12,94.07,1,20094019,"G45","IT",117554220
"2026-09-11","WI610","IT하드웨어",49,"029530","신도리코",140378,0.12,94.19,1,3594819,"G45","IT",117554220
"2026-09-11","WI610","IT하드웨어",50,"464080","에스오에스랩",136588,0.12,94.31,1,13510176,"G45","IT",117554220
"2026-09-11","WI610","IT하드웨어",51,"190510","나무가",132130,0.11,94.42,1,8873749,"G45","IT",117554220
"2026-09-11","WI610","IT하드웨어",52,"089980","상아프론테크",129079,0.11,94.53,1,8634079,"G45","IT",117554220
"2026-09-11","WI610","IT하드웨어",53,"114190","강원에너지",126253,0.11,94.64,1,14106440,"G45","IT",117554220
"2026-09-11","WI610","IT하드웨어",54,"126700","하이비젼시스템",116091,0.1,94.74,1,10310057,"G45","IT",117554220
"2026-09-11","WI610","IT하드웨어",55,"148150","세경하이테크",112571,0.1,94.83,1,26301685,"G45","IT",117554220
"2026-09-11","WI610","IT하드웨어",56,"192410","오늘이엔엠",110673,0.09,94.93,1,23422895,"G45","IT",117554220
"2026-09-11","WI610","IT하드웨어",57,"065680","우주일렉트로",109948,0.09,95.02,1,4897449,"G45","IT",117554220
"2026-09-11","WI610","IT하드웨어",58,"264850","이랜시스",106998,0.09,95.11,1,18479713,"G45","IT",117554220
"2026-09-11","WI610","IT하드웨어",59,"230240","에치에프알",104981,0.09,95.2,1,9050120,"G45","IT",117554220
"2026-09-11","WI610","IT하드웨어",60,"122990","와이솔",104793,0.09,95.29,1,15901808,"G45","IT",117554220
"2026-09-11","WI610","IT하드웨어",61,"054210","이랜텍",104554,0.09,95.38,1,15174726,"G45","IT",117554220
"2026-09-11","WI610","IT하드웨어",62,"192440","슈피겐코리아",102694,0.09,95.47,1,3481163,"G45","IT",117554220
"2026-09-11","WI610","IT하드웨어",63,"051980","중앙첨단소재",93134,0.08,95.55,1,89984284,"G45","IT",117554220
"2026-09-11","WI610","IT하드웨어",64,"211270","AP위성",90795,0.08,95.62,1,10557612,"G45","IT",117554220
"2026-09-11","WI610","IT하드웨어",65,"264450","유비쿼스",88170,0.08,95.7,1,8652640,"G45","IT",117554220
"2026-09-11","WI610","IT하드웨어",66,"091440","한울소재과학",85284,0.07,95.77,1,30567867,"G45","IT",117554220
"2026-09-11","WI610","IT하드웨어",67,"011690","와이투솔루션",84950,0.07,95.84,1,26423108,"G45","IT",117554220
"2026-09-11","WI610","IT하드웨어",68,"446540","메가터치",83347,0.07,95.91,1,9886897,"G45","IT",117554220
"2026-09-11","WI610","IT하드웨어",69,"299030","하나기술",82421,0.07,95.98,1,5676386,"G45","IT",117554220
"2026-09-11","WI610","IT하드웨어",70,"317770","엑스페릭스",75337,0.06,96.05,1,28215990,"G45","IT",117554220
"2026-09-11","WI610","IT하드웨어",71,"051370","인터플렉스",74237,0.06,96.11,1,12130285,"G45","IT",117554220
"2026-09-11","WI610","IT하드웨어",72,"004770","써니전자",73190,0.06,96.17,1,34442214,"G45","IT",117554220
"2026-09-11","WI610","IT하드웨어",73,"039560","다산네트웍스",71752,0.06,96.23,1,30021927,"G45","IT",117554220
"2026-09-11","WI610","IT하드웨어",74,"047310","파워로직스",70058,0.06,96.29,1,23430883,"G45","IT",117554220
"2026-09-11","WI610","IT하드웨어",75,"088800","에이스테크",69877,0.06,96.35,1,36243088,"G45","IT",117554220
"2026-09-11","WI610","IT하드웨어",76,"389020","자람테크놀로지",69244,0.06,96.41,1,3176337,"G45","IT",117554220
"2026-09-11","WI610","IT하드웨어",77,"061090","세나테크놀로지",69154,0.06,96.47,1,1858967,"G45","IT",117554220
"2026-09-11","WI610","IT하드웨어",78,"290740","액트로",68539,0.06,96.53,1,5636406,"G45","IT",117554220
"2026-09-11","WI610","IT하드웨어",79,"396300","HT로보틱스",68303,0.06,96.59,1,14304330,"G45","IT",117554220
"2026-09-11","WI610","IT하드웨어",80,"321370","센서뷰",66414,0.06,96.64,1,57204023,"G45","IT",117554220
"2026-09-11","WI610","IT하드웨어",81,"091120","이엠텍",65433,0.06,96.7,1,13877678,"G45","IT",117554220
"2026-09-11","WI610","IT하드웨어",82,"372170","윤성에프앤씨",64734,0.06,96.75,1,3032038,"G45","IT",117554220
"2026-09-11","WI610","IT하드웨어",83,"115440","우리넷",62715,0.05,96.81,1,7556004,"G45","IT",117554220
"2026-09-11","WI610","IT하드웨어",84,"109740","디에스케이",62064,0.05,96.86,1,14654922,"G45","IT",117554220
"2026-09-11","WI610","IT하드웨어",85,"143160","아이디스",60124,0.05,96.91,1,3750736,"G45","IT",117554220
"2026-09-11","WI610","IT하드웨어",86,"045970","코아시아",59881,0.05,96.96,1,18683561,"G45","IT",117554220
"2026-09-11","WI610","IT하드웨어",87,"076610","해성옵틱스",58449,0.05,97.01,1,46796582,"G45","IT",117554220
"2026-09-11","WI610","IT하드웨어",88,"417010","나노팀",57718,0.05,97.06,1,9279454,"G45","IT",117554220
"2026-09-11","WI610","IT하드웨어",89,"388790","라이콤",57475,0.05,97.11,1,12857947,"G45","IT",117554220
"2026-09-11","WI610","IT하드웨어",90,"049520","유아이엘",57441,0.05,97.16,1,14804460,"G45","IT",117554220
"2026-09-11","WI610","IT하드웨어",91,"044990","에이치엔에스하이텍",56127,0.05,97.21,1,5149234,"G45","IT",117554220
"2026-09-11","WI610","IT하드웨어",92,"094840","슈프리마에이치큐",54987,0.05,97.25,1,4510810,"G45","IT",117554220
"2026-09-11","WI610","IT하드웨어",93,"078070","유비쿼스홀딩스",54711,0.05,97.3,1,6482360,"G45","IT",117554220
"2026-09-11","WI610","IT하드웨어",94,"0011A0","액스비스",52577,0.04,97.34,1,4013508,"G45","IT",117554220
"2026-09-11","WI610","IT하드웨어",95,"062970","한국첨단소재",50952,0.04,97.39,1,25604059,"G45","IT",117554220
"2026-09-11","WI610","IT하드웨어",96,"085670","뉴프렉스",50040,0.04,97.43,1,16905525,"G45","IT",117554220
"2026-09-11","WI610","IT하드웨어",97,"209640","와이제이링크",50016,0.04,97.47,1,16212593,"G45","IT",117554220
"2026-09-11","WI610","IT하드웨어",98,"045660","에이텍",49228,0.04,97.52,1,5451600,"G45","IT",117554220
"2026-09-11","WI610","IT하드웨어",99,"090470","제이스로보틱스",48976,0.04,97.56,1,10835488,"G45","IT",117554220
"2026-09-11","WI610","IT하드웨어",100,"320000","한울반도체",48003,0.04,97.6,1,4563022,"G45","IT",117554220
"2026-09-11","WI610","IT하드웨어",101,"084850","아이티엠반도체",47691,0.04,97.64,1,5670733,"G45","IT",117554220
"2026-09-11","WI610","IT하드웨어",102,"049080","기가레인",47446,0.04,97.68,1,5772067,"G45","IT",117554220
"2026-09-11","WI610","IT하드웨어",103,"082210","옵트론텍",47210,0.04,97.72,1,28320297,"G45","IT",117554220
"2026-09-11","WI610","IT하드웨어",104,"070300","퀀텀레일",46329,0.04,97.76,1,30906514,"G45","IT",117554220
"2026-09-11","WI610","IT하드웨어",105,"072950","빛샘전자",45868,0.04,97.8,1,5153670,"G45","IT",117554220
"2026-09-11","WI610","IT하드웨어",106,"054800","아이디스홀딩스",45493,0.04,97.84,1,3000849,"G45","IT",117554220
"2026-09-11","WI610","IT하드웨어",107,"093190","빅솔론",45358,0.04,97.87,1,5386893,"G45","IT",117554220
"2026-09-11","WI610","IT하드웨어",108,"331380","포커스에이아이",45273,0.04,97.91,1,21205302,"G45","IT",117554220
"2026-09-11","WI610","IT하드웨어",109,"277880","티에스아이",43999,0.04,97.95,1,12104359,"G45","IT",117554220
"2026-09-11","WI610","IT하드웨어",110,"347000","센코",43898,0.04,97.99,1,22686507,"G45","IT",117554220
"2026-09-11","WI610","IT하드웨어",111,"123010","MSDI",43439,0.04,98.02,1,15161825,"G45","IT",117554220
"2026-09-11","WI610","IT하드웨어",112,"285490","노바텍",43401,0.04,98.06,1,3595782,"G45","IT",117554220
"2026-09-11","WI610","IT하드웨어",113,"093920","서원인텍",43256,0.04,98.1,1,8928000,"G45","IT",117554220
"2026-09-11","WI610","IT하드웨어",114,"049550","잉크테크",41999,0.04,98.13,1,12155891,"G45","IT",117554220
"2026-09-11","WI610","IT하드웨어",115,"417790","트루엔",40984,0.03,98.17,1,5652931,"G45","IT",117554220
"2026-09-11","WI610","IT하드웨어",116,"100590","머큐리",40706,0.03,98.2,1,8569772,"G45","IT",117554220
"2026-09-11","WI610","IT하드웨어",117,"069510","에스텍",39315,0.03,98.24,1,3054800,"G45","IT",117554220
"2026-09-11","WI610","IT하드웨어",118,"055490","테이팩스",38929,0.03,98.27,1,2489058,"G45","IT",117554220
"2026-09-11","WI610","IT하드웨어",119,"039010","현대에이치티",38519,0.03,98.3,1,4743750,"G45","IT",117554220
"2026-09-11","WI610","IT하드웨어",120,"094940","푸른로보틱스",37844,0.03,98.34,1,6103811,"G45","IT",117554220
"2026-09-11","WI610","IT하드웨어",121,"061040","알에프텍",37392,0.03,98.37,1,5157487,"G45","IT",117554220
"2026-09-11","WI610","IT하드웨어",122,"262260","에이프로",37318,0.03,98.4,1,8895819,"G45","IT",117554220
"2026-09-11","WI610","IT하드웨어",123,"081180","쎄크",36344,0.03,98.43,1,6266129,"G45","IT",117554220
"2026-09-11","WI610","IT하드웨어",124,"493330","지에프아이",36073,0.03,98.46,1,2813829,"G45","IT",117554220
"2026-09-11","WI610","IT하드웨어",125,"053450","세코닉스",35585,0.03,98.49,1,11686314,"G45","IT",117554220
"2026-09-11","WI610","IT하드웨어",126,"004920","씨아이테크",35495,0.03,98.52,1,39134904,"G45","IT",117554220
"2026-09-11","WI610","IT하드웨어",127,"370090","퓨런티어",35484,0.03,98.55,1,5904212,"G45","IT",117554220
"2026-09-11","WI610","IT하드웨어",128,"088280","쏘닉스",34921,0.03,98.58,1,13152932,"G45","IT",117554220
"2026-09-11","WI610","IT하드웨어",129,"056360","코위버",34916,0.03,98.61,1,6465888,"G45","IT",117554220
"2026-09-11","WI610","IT하드웨어",130,"049480","오픈베이스",34780,0.03,98.64,1,18539205,"G45","IT",117554220
"2026-09-11","WI610","IT하드웨어",131,"092300","현우산업",33076,0.03,98.67,1,13500413,"G45","IT",117554220
"2026-09-11","WI610","IT하드웨어",132,"179900","유티아이",32785,0.03,98.7,1,13804364,"G45","IT",117554220
"2026-09-11","WI610","IT하드웨어",133,"238090","앤디포스",32651,0.03,98.72,1,17989359,"G45","IT",117554220
"2026-09-11","WI610","IT하드웨어",134,"340360","다보링크",32441,0.03,98.75,1,36045080,"G45","IT",117554220
"2026-09-11","WI610","IT하드웨어",135,"224110","에이텍모빌리티",32228,0.03,98.78,1,3708681,"G45","IT",117554220
"2026-09-11","WI610","IT하드웨어",136,"347890","엠엑스온",31285,0.03,98.81,1,6975413,"G45","IT",117554220
"2026-09-11","WI610","IT하드웨어",137,"355690","에이텀",31109,0.03,98.83,1,6316456,"G45","IT",117554220
"2026-09-11","WI610","IT하드웨어",138,"487400","케이앤에스아이앤씨",30900,0.03,98.86,1,4309570,"G45","IT",117554220
"2026-09-11","WI610","IT하드웨어",139,"033320","제이씨현시스템",30848,0.03,98.88,1,10130648,"G45","IT",117554220
"2026-09-11","WI610","IT하드웨어",140,"373200","엑스플러스",30371,0.03,98.91,1,15777239,"G45","IT",117554220
"2026-09-11","WI610","IT하드웨어",141,"066670","디티씨",29720,0.03,98.94,1,9345959,"G45","IT",117554220
"2026-09-11","WI610","IT하드웨어",142,"129890","앱코",29631,0.03,98.96,1,30515553,"G45","IT",117554220
"2026-09-11","WI610","IT하드웨어",143,"459550","알트",28941,0.02,98.99,1,12862588,"G45","IT",117554220
"2026-09-11","WI610","IT하드웨어",144,"170790","파이오링크",28583,0.02,99.01,1,3390587,"G45","IT",117554220
"2026-09-11","WI610","IT하드웨어",145,"011230","삼화전자",28335,0.02,99.03,1,10732839,"G45","IT",117554220
"2026-09-11","WI610","IT하드웨어",146,"046310","백금T&A",27951,0.02,99.06,1,12478167,"G45","IT",117554220
"2026-09-11","WI610","IT하드웨어",147,"072990","에이치시티",27837,0.02,99.08,1,9278851,"G45","IT",117554220
"2026-09-11","WI610","IT하드웨어",148,"109080","옵티시스",27820,0.02,99.1,1,3212519,"G45","IT",117554220
"2026-09-11","WI610","IT하드웨어",149,"065130","탑엔지니어링",27535,0.02,99.13,1,9922480,"G45","IT",117554220
"2026-09-11","WI610","IT하드웨어",150,"225190","LK삼양",25456,0.02,99.15,1,31006113,"G45","IT",117554220
"2026-09-11","WI610","IT하드웨어",151,"360070","탑머티리얼",25431,0.02,99.17,1,3031055,"G45","IT",117554220
"2026-09-11","WI610","IT하드웨어",152,"333620","엔시스",25308,0.02,99.19,1,4839080,"G45","IT",117554220
"2026-09-11","WI610","IT하드웨어",153,"050110","캠시스",25227,0.02,99.21,1,23379858,"G45","IT",117554220
"2026-09-11","WI610","IT하드웨어",154,"263600","덕우전자",25093,0.02,99.24,1,7009336,"G45","IT",117554220
"2026-09-11","WI610","IT하드웨어",155,"357580","아모센스",24758,0.02,99.26,1,4715904,"G45","IT",117554220
"2026-09-11","WI610","IT하드웨어",156,"177900","쓰리에이로직스",24048,0.02,99.28,1,6643043,"G45","IT",117554220
"2026-09-11","WI610","IT하드웨어",157,"096690","에이루트",23318,0.02,99.3,1,3459644,"G45","IT",117554220
"2026-09-11","WI610","IT하드웨어",158,"290670","대보마그네틱",23180,0.02,99.32,1,3928830,"G45","IT",117554220
"2026-09-11","WI610","IT하드웨어",159,"096630","에스코넥",23040,0.02,99.34,1,12701058,"G45","IT",117554220
"2026-09-11","WI610","IT하드웨어",160,"148250","알엔투테크놀로지",22876,0.02,99.36,1,11296884,"G45","IT",117554220
"2026-09-11","WI610","IT하드웨어",161,"332370","아이디피",22597,0.02,99.38,1,4247592,"G45","IT",117554220
"2026-09-11","WI610","IT하드웨어",162,"060540","에스에이티",22218,0.02,99.39,1,15418431,"G45","IT",117554220
"2026-09-11","WI610","IT하드웨어",163,"254120","자비스",22195,0.02,99.41,1,21527989,"G45","IT",117554220
"2026-09-11","WI610","IT하드웨어",164,"035460","기산텔레콤",21996,0.02,99.43,1,9399814,"G45","IT",117554220
"2026-09-11","WI610","IT하드웨어",165,"203450","유니온바이오메트릭스",21921,0.02,99.45,1,8447404,"G45","IT",117554220
"2026-09-11","WI610","IT하드웨어",166,"060230","제이케이시냅스",21448,0.02,99.47,1,16808887,"G45","IT",117554220
"2026-09-11","WI610","IT하드웨어",167,"208710","포톤",21312,0.02,99.49,1,7908079,"G45","IT",117554220
"2026-09-11","WI610","IT하드웨어",168,"196450","코아시아씨엠",20766,0.02,99.5,1,26285600,"G45","IT",117554220
"2026-09-11","WI610","IT하드웨어",169,"360350","코셈",20670,0.02,99.52,1,3806578,"G45","IT",117554220
"2026-09-11","WI610","IT하드웨어",170,"081580","성우전자",20420,0.02,99.54,1,8839641,"G45","IT",117554220
"2026-09-11","WI610","IT하드웨어",171,"318020","포인트모바일",20287,0.02,99.56,1,7626788,"G45","IT",117554220
"2026-09-11","WI610","IT하드웨어",172,"051380","피씨디렉트",19819,0.02,99.57,1,12425458,"G45","IT",117554220
"2026-09-11","WI610","IT하드웨어",173,"054090","삼진엘앤디",19674,0.02,99.59,1,18719424,"G45","IT",117554220
"2026-09-11","WI610","IT하드웨어",174,"263810","상신전자",19645,0.02,99.61,1,7643916,"G45","IT",117554220
"2026-09-11","WI610","IT하드웨어",175,"193250","링크드",19444,0.02,99.62,1,9625631,"G45","IT",117554220
"2026-09-11","WI610","IT하드웨어",176,"031310","아이즈비전",19239,0.02,99.64,1,19335323,"G45","IT",117554220
"2026-09-11","WI610","IT하드웨어",177,"037950","엘컴텍",19036,0.02,99.66,1,6586906,"G45","IT",117554220
"2026-09-11","WI610","IT하드웨어",178,"459100","위츠",18664,0.02,99.67,1,4713135,"G45","IT",117554220
"2026-09-11","WI610","IT하드웨어",179,"258610","케일럼",18246,0.02,99.69,1,15688577,"G45","IT",117554220
"2026-09-11","WI610","IT하드웨어",180,"364950","에이아이코리아",18039,0.02,99.7,1,5392689,"G45","IT",117554220
"2026-09-11","WI610","IT하드웨어",181,"015710","코콤",17916,0.02,99.72,1,6135675,"G45","IT",117554220
"2026-09-11","WI610","IT하드웨어",182,"317120","라닉스",17750,0.02,99.73,1,12360600,"G45","IT",117554220
"2026-09-11","WI610","IT하드웨어",183,"271830","팸텍",17115,0.01,99.75,1,15629807,"G45","IT",117554220
"2026-09-11","WI610","IT하드웨어",184,"198080","캐프",16901,0.01,99.76,1,7752666,"G45","IT",117554220
"2026-09-11","WI610","IT하드웨어",185,"187270","신화콘텍",16747,0.01,99.78,1,5376237,"G45","IT",117554220
"2026-09-11","WI610","IT하드웨어",186,"073540","에프알텍",16734,0.01,99.79,1,7182000,"G45","IT",117554220
"2026-09-11","WI610","IT하드웨어",187,"083640","인콘",16221,0.01,99.8,1,14922922,"G45","IT",117554220
"2026-09-11","WI610","IT하드웨어",188,"016920","카스",16190,0.01,99.82,1,14391289,"G45","IT",117554220
"2026-09-11","WI610","IT하드웨어",189,"091340","S&K폴리텍",15538,0.01,99.83,1,6202972,"G45","IT",117554220
"2026-09-11","WI610","IT하드웨어",190,"115610","이미지스",15243,0.01,99.84,1,9100452,"G45","IT",117554220
"2026-09-11","WI610","IT하드웨어",191,"376290","씨유테크",14916,0.01,99.86,1,5473825,"G45","IT",117554220
"2026-09-11","WI610","IT하드웨어",192,"368600","아이씨에이치",14796,0.01,99.87,1,15477249,"G45","IT",117554220
"2026-09-11","WI610","IT하드웨어",193,"027040","서울전자통신",14401,0.01,99.88,1,8072306,"G45","IT",117554220
"2026-09-11","WI610","IT하드웨어",194,"131180","딜리",13675,0.01,99.89,1,3287200,"G45","IT",117554220
"2026-09-11","WI610","IT하드웨어",195,"089150","케이씨티",13274,0.01,99.9,1,7374500,"G45","IT",117554220
"2026-09-11","WI610","IT하드웨어",196,"187220","디티앤씨",13092,0.01,99.92,1,6569211,"G45","IT",117554220
"2026-09-11","WI610","IT하드웨어",197,"043360","디지아이",11956,0.01,99.93,1,4860000,"G45","IT",117554220
"2026-09-11","WI610","IT하드웨어",198,"455180","케이지에이",11603,0.01,99.94,1,9260405,"G45","IT",117554220
"2026-09-11","WI610","IT하드웨어",199,"065650","하이퍼코퍼레이션",11130,0.01,99.95,1,6895971,"G45","IT",117554220
"2026-09-11","WI610","IT하드웨어",200,"101140","인바이오젠",10694,0.01,99.95,1,2109285,"G45","IT",117554220
"2026-09-11","WI610","IT하드웨어",201,"017250","인터엠",10577,0.01,99.96,1,10101824,"G45","IT",117554220
"2026-09-11","WI610","IT하드웨어",202,"361670","삼영에스앤씨",9956,0.01,99.97,1,2777152,"G45","IT",117554220
"2026-09-11","WI610","IT하드웨어",203,"140430","카티스",9651,0.01,99.98,1,4168907,"G45","IT",117554220
"2026-09-11","WI610","IT하드웨어",204,"065690","파커스",8654,0.01,99.99,1,4685657,"G45","IT",117554220
"2026-09-11","WI610","IT하드웨어",205,"032960","동일기연",6333,0.01,99.99,1,2814876,"G45","IT",117554220
"2026-09-11","WI610","IT하드웨어",206,"127980","화인써키트",5294,0,100,1,2012916,"G45","IT",117554220
"2026-09-11","WI610","IT하드웨어",207,"033200","모아텍",2944,0,100,1,1196588,"G45","IT",117554220
"2026-09-11","WI620","반도체",1,"005930","삼성전자",1137831974,49.37,49.37,1,4384708956,"G45","IT",2304563589
"2026-09-11","WI620","반도체",2,"000660","SK하이닉스",979502602,42.5,91.88,1,540564350,"G45","IT",2304563589
"2026-09-11","WI620","반도체",3,"402340","SK스퀘어",99129011,4.3,96.18,1,91027558,"G45","IT",2304563589
"2026-09-11","WI620","반도체",4,"042700","한미반도체",9687532,0.42,96.6,1,41937368,"G45","IT",2304563589
"2026-09-11","WI620","반도체",5,"036930","주성엔지니어링",6897333,0.3,96.9,1,33001595,"G45","IT",2304563589
"2026-09-11","WI620","반도체",6,"007660","이수페타시스",5970078,0.26,97.16,1,54322822,"G45","IT",2304563589
"2026-09-11","WI620","반도체",7,"039030","이오테크닉스",3732084,0.16,97.32,1,8377294,"G45","IT",2304563589
"2026-09-11","WI620","반도체",8,"240810","원익IPS",3519070,0.15,97.47,1,31904535,"G45","IT",2304563589
"2026-09-11","WI620","반도체",9,"403870","HPSP",3421540,0.15,97.62,1,64194000,"G45","IT",2304563589
"2026-09-11","WI620","반도체",10,"058470","리노공업",3289303,0.14,97.76,1,49537702,"G45","IT",2304563589
"2026-09-11","WI620","반도체",11,"000990","DB하이텍",3221950,0.14,97.9,1,30453211,"G45","IT",2304563589
"2026-09-11","WI620","반도체",12,"440110","파두",2471476,0.11,98.01,1,36079939,"G45","IT",2304563589
"2026-09-11","WI620","반도체",13,"319660","피에스케이",2387147,0.1,98.11,1,19407698,"G45","IT",2304563589
"2026-09-11","WI620","반도체",14,"080220","제주반도체",2201586,0.1,98.21,1,29276408,"G45","IT",2304563589
"2026-09-11","WI620","반도체",15,"095340","ISC",1935206,0.08,98.29,1,10174587,"G45","IT",2304563589
"2026-09-11","WI620","반도체",16,"084370","유진테크",1808076,0.08,98.37,1,13749625,"G45","IT",2304563589
"2026-09-11","WI620","반도체",17,"067310","하나마이크론",1646846,0.07,98.44,1,47873425,"G45","IT",2304563589
"2026-09-11","WI620","반도체",18,"095610","테스",1639114,0.07,98.51,1,11422400,"G45","IT",2304563589
"2026-09-11","WI620","반도체",19,"357780","솔브레인",1386140,0.06,98.57,1,4200425,"G45","IT",2304563589
"2026-09-11","WI620","반도체",20,"005290","동진쎄미켐",1351728,0.06,98.63,1,33130581,"G45","IT",2304563589
"2026-09-11","WI620","반도체",21,"064760","티씨케이",1297930,0.06,98.69,1,5030737,"G45","IT",2304563589
"2026-09-11","WI620","반도체",22,"089030","테크윙",1236554,0.05,98.74,1,26678624,"G45","IT",2304563589
"2026-09-11","WI620","반도체",23,"089970","브이엠",1152717,0.05,98.79,1,23694088,"G45","IT",2304563589
"2026-09-11","WI620","반도체",24,"131290","티에스이",1123786,0.05,98.84,1,4313957,"G45","IT",2304563589
"2026-09-11","WI620","반도체",25,"031980","피에스케이홀딩스",1117148,0.05,98.89,1,7115590,"G45","IT",2304563589
"2026-09-11","WI620","반도체",26,"131970","두산테스나",971773,0.04,98.93,1,11596342,"G45","IT",2304563589
"2026-09-11","WI620","반도체",27,"030530","원익홀딩스",880397,0.04,98.97,1,39391370,"G45","IT",2304563589
"2026-09-11","WI620","반도체",28,"183300","코미코",785242,0.03,99,1,28763434,"G45","IT",2304563589
"2026-09-11","WI620","반도체",29,"101490","에스앤에스텍",662448,0.03,99.03,1,16001159,"G45","IT",2304563589
"2026-09-11","WI620","반도체",30,"083450","GST",613498,0.03,99.06,1,13453900,"G45","IT",2304563589
"2026-09-11","WI620","반도체",31,"356860","티엘비",592863,0.03,99.08,1,15642831,"G45","IT",2304563589
"2026-09-11","WI620","반도체",32,"281820","케이씨텍",551175,0.02,99.11,1,8117451,"G45","IT",2304563589
"2026-09-11","WI620","반도체",33,"166090","하나머티리얼즈",536845,0.02,99.13,1,10284390,"G45","IT",2304563589
"2026-09-11","WI620","반도체",34,"003160","디아이",525503,0.02,99.15,1,17546000,"G45","IT",2304563589
"2026-09-11","WI620","반도체",35,"036540","SFA반도체",521010,0.02,99.18,1,74007136,"G45","IT",2304563589
"2026-09-11","WI620","반도체",36,"064290","인텍플러스",506382,0.02,99.2,1,10366062,"G45","IT",2304563589
"2026-09-11","WI620","반도체",37,"195870","해성디에스",502503,0.02,99.22,1,10030000,"G45","IT",2304563589
"2026-09-11","WI620","반도체",38,"059090","미코",495638,0.02,99.24,1,24060080,"G45","IT",2304563589
"2026-09-11","WI620","반도체",39,"388210","씨엠티엑스",481631,0.02,99.26,1,6661562,"G45","IT",2304563589
"2026-09-11","WI620","반도체",40,"094170","동운아나텍",481263,0.02,99.28,1,17564346,"G45","IT",2304563589
"2026-09-11","WI620","반도체",41,"122640","예스티",455436,0.02,99.3,1,15155927,"G45","IT",2304563589
"2026-09-11","WI620","반도체",42,"232140","와이씨",445383,0.02,99.32,1,38561314,"G45","IT",2304563589
"2026-09-11","WI620","반도체",43,"074600","원익QnC",406360,0.02,99.34,1,15509920,"G45","IT",2304563589
"2026-09-11","WI620","반도체",44,"036810","에프에스티",405035,0.02,99.36,1,15371350,"G45","IT",2304563589
"2026-09-11","WI620","반도체",45,"252990","샘씨엔에스",399100,0.02,99.38,1,25291513,"G45","IT",2304563589
"2026-09-11","WI620","반도체",46,"033640","네패스",382229,0.02,99.39,1,17063809,"G45","IT",2304563589
"2026-09-11","WI620","반도체",47,"420770","기가비스",380475,0.02,99.41,1,4056242,"G45","IT",2304563589
"2026-09-11","WI620","반도체",48,"102710","이엔에프테크놀로지",378113,0.02,99.43,1,9144215,"G45","IT",2304563589
"2026-09-11","WI620","반도체",49,"098120","마이크로컨텍솔",366443,0.02,99.44,1,6567085,"G45","IT",2304563589
"2026-09-11","WI620","반도체",50,"080580","오킨스전자",360466,0.02,99.46,1,17083673,"G45","IT",2304563589
"2026-09-11","WI620","반도체",51,"082270","젬백스",341316,0.01,99.47,1,33201902,"G45","IT",2304563589
"2026-09-11","WI620","반도체",52,"024850","HLB이노베이션",339788,0.01,99.49,1,20322268,"G45","IT",2304563589
"2026-09-11","WI620","반도체",53,"101160","월덱스",319653,0.01,99.5,1,10567035,"G45","IT",2304563589
"2026-09-11","WI620","반도체",54,"053610","프로텍",295740,0.01,99.51,1,4770000,"G45","IT",2304563589
"2026-09-11","WI620","반도체",55,"490470","세미파이브",264459,0.01,99.52,1,17352974,"G45","IT",2304563589
"2026-09-11","WI620","반도체",56,"045100","한양이엔지",260313,0.01,99.54,1,8750000,"G45","IT",2304563589
"2026-09-11","WI620","반도체",57,"200710","에이디테크놀로지",260066,0.01,99.55,1,10904225,"G45","IT",2304563589
"2026-09-11","WI620","반도체",58,"011930","신성이엔지",256272,0.01,99.56,1,15838821,"G45","IT",2304563589
"2026-09-11","WI620","반도체",59,"417840","저스템",255250,0.01,99.57,1,16237260,"G45","IT",2304563589
"2026-09-11","WI620","반도체",60,"399720","가온칩스",247666,0.01,99.58,1,6048010,"G45","IT",2304563589
"2026-09-11","WI620","반도체",61,"219130","타이거일렉",241863,0.01,99.59,1,3536002,"G45","IT",2304563589
"2026-09-11","WI620","반도체",62,"425420","티에프이",241140,0.01,99.6,1,4321513,"G45","IT",2304563589
"2026-09-11","WI620","반도체",63,"092870","엑시콘",235247,0.01,99.61,1,7960986,"G45","IT",2304563589
"2026-09-11","WI620","반도체",64,"170920","엘티씨",230720,0.01,99.62,1,6866681,"G45","IT",2304563589
"2026-09-11","WI620","반도체",65,"253590","네오셈",227813,0.01,99.63,1,19741123,"G45","IT",2304563589
"2026-09-11","WI620","반도체",66,"348210","넥스틴",224774,0.01,99.64,1,7124363,"G45","IT",2304563589
"2026-09-11","WI620","반도체",67,"144960","뉴파워프라즈마",223261,0.01,99.65,1,25341721,"G45","IT",2304563589
"2026-09-11","WI620","반도체",68,"114810","한솔아이원스",217659,0.01,99.66,1,16885904,"G45","IT",2304563589
"2026-09-11","WI620","반도체",69,"089890","코세스",214137,0.01,99.67,1,8126631,"G45","IT",2304563589
"2026-09-11","WI620","반도체",70,"452430","사피엔반도체",202687,0.01,99.68,1,5448577,"G45","IT",2304563589
"2026-09-11","WI620","반도체",71,"039440","에스티아이",201616,0.01,99.69,1,10544791,"G45","IT",2304563589
"2026-09-11","WI620","반도체",72,"061970","LB세미콘",200578,0.01,99.7,1,50459764,"G45","IT",2304563589
"2026-09-11","WI620","반도체",73,"241770","메카로",196922,0.01,99.7,1,4688614,"G45","IT",2304563589
"2026-09-11","WI620","반도체",74,"029460","케이씨",193476,0.01,99.71,1,4849035,"G45","IT",2304563589
"2026-09-11","WI620","반도체",75,"033160","엠케이전자",192337,0.01,99.72,1,14738434,"G45","IT",2304563589
"2026-09-11","WI620","반도체",76,"077360","덕산하이메탈",191408,0.01,99.73,1,19083540,"G45","IT",2304563589
"2026-09-11","WI620","반도체",77,"036200","유니셈",185111,0.01,99.74,1,20545029,"G45","IT",2304563589
"2026-09-11","WI620","반도체",78,"394280","오픈엣지테크놀로지",183024,0.01,99.75,1,22131085,"G45","IT",2304563589
"2026-09-11","WI620","반도체",79,"079370","제우스",179449,0.01,99.75,1,17679684,"G45","IT",2304563589
"2026-09-11","WI620","반도체",80,"330860","네패스아크",176388,0.01,99.76,1,7554107,"G45","IT",2304563589
"2026-09-11","WI620","반도체",81,"086390","유니테스트",175557,0.01,99.77,1,16061935,"G45","IT",2304563589
"2026-09-11","WI620","반도체",82,"110990","디아이티",170459,0.01,99.78,1,10962000,"G45","IT",2304563589
"2026-09-11","WI620","반도체",83,"445090","에이직랜드",162443,0.01,99.78,1,7866473,"G45","IT",2304563589
"2026-09-11","WI620","반도체",84,"093520","매커스",157753,0.01,99.79,1,5831900,"G45","IT",2304563589
"2026-09-11","WI620","반도체",85,"272110","케이엔제이",150845,0.01,99.8,1,5938792,"G45","IT",2304563589
"2026-09-11","WI620","반도체",86,"317330","덕산테코피아",133630,0.01,99.8,1,10647823,"G45","IT",2304563589
"2026-09-11","WI620","반도체",87,"119830","아이텍",131963,0.01,99.81,1,22557755,"G45","IT",2304563589
"2026-09-11","WI620","반도체",88,"160980","싸이맥스",130075,0.01,99.81,1,5899091,"G45","IT",2304563589
"2026-09-11","WI620","반도체",89,"425040","티이엠씨",129788,0.01,99.82,1,14469112,"G45","IT",2304563589
"2026-09-11","WI620","반도체",90,"094360","칩스앤미디어",125089,0.01,99.82,1,11745400,"G45","IT",2304563589
"2026-09-11","WI620","반도체",91,"112290","와이씨켐",121691,0.01,99.83,1,12132654,"G45","IT",2304563589
"2026-09-11","WI620","반도체",92,"093640","케이알엠",119095,0.01,99.83,1,25946535,"G45","IT",2304563589
"2026-09-11","WI620","반도체",93,"078350","한양디지텍",117784,0.01,99.84,1,6707528,"G45","IT",2304563589
"2026-09-11","WI620","반도체",94,"032580","피델릭스",116135,0.01,99.84,1,22861124,"G45","IT",2304563589
"2026-09-11","WI620","반도체",95,"200470","에이팩트",111040,0,99.85,1,17967657,"G45","IT",2304563589
"2026-09-11","WI620","반도체",96,"083310","엘오티베큠",107993,0,99.85,1,11042220,"G45","IT",2304563589
"2026-09-11","WI620","반도체",97,"382800","지앤비에스 에코",105781,0,99.86,1,21326797,"G45","IT",2304563589
"2026-09-11","WI620","반도체",98,"054450","텔레칩스",99437,0,99.86,1,10600963,"G45","IT",2304563589
"2026-09-11","WI620","반도체",99,"036710","심텍홀딩스",95684,0,99.87,1,23772489,"G45","IT",2304563589
"2026-09-11","WI620","반도체",100,"226590","엠디바이스",93570,0,99.87,1,7287413,"G45","IT",2304563589
"2026-09-11","WI620","반도체",101,"432720","퀄리타스반도체",90969,0,99.88,1,9505673,"G45","IT",2304563589
"2026-09-11","WI620","반도체",102,"102120","어보브반도체",88591,0,99.88,1,12802142,"G45","IT",2304563589
"2026-09-11","WI620","반도체",103,"142210","유니트론텍",88152,0,99.88,1,14941010,"G45","IT",2304563589
"2026-09-11","WI620","반도체",104,"418420","라온텍",86526,0,99.89,1,21849936,"G45","IT",2304563589
"2026-09-11","WI620","반도체",105,"092070","디엔에프",84588,0,99.89,1,7174551,"G45","IT",2304563589
"2026-09-11","WI620","반도체",106,"077500","유니퀘스트",80251,0,99.89,1,11448054,"G45","IT",2304563589
"2026-09-11","WI620","반도체",107,"264660","씨앤지하이테크",80106,0,99.9,1,6124338,"G45","IT",2304563589
"2026-09-11","WI620","반도체",108,"059120","아진엑스텍",78330,0,99.9,1,11352240,"G45","IT",2304563589
"2026-09-11","WI620","반도체",109,"482630","삼양엔씨켐",78202,0,99.9,1,6347601,"G45","IT",2304563589
"2026-09-11","WI620","반도체",110,"025560","미래산업",77683,0,99.91,1,13055978,"G45","IT",2304563589
"2026-09-11","WI620","반도체",111,"232680","라온로보틱스",77265,0,99.91,1,8219650,"G45","IT",2304563589
"2026-09-11","WI620","반도체",112,"355150","코스텍시스",76908,0,99.91,1,3976648,"G45","IT",2304563589
"2026-09-11","WI620","반도체",113,"052860","아이앤씨",75148,0,99.92,1,10720112,"G45","IT",2304563589
"2026-09-11","WI620","반도체",114,"172670","에이엘티",72206,0,99.92,1,6361783,"G45","IT",2304563589
"2026-09-11","WI620","반도체",115,"092220","KEC",71341,0,99.92,1,27705313,"G45","IT",2304563589
"2026-09-11","WI620","반도체",116,"041520","이엘씨",68057,0,99.93,1,5728703,"G45","IT",2304563589
"2026-09-11","WI620","반도체",117,"445180","퓨릿",67124,0,99.93,1,8594594,"G45","IT",2304563589
"2026-09-11","WI620","반도체",118,"405100","큐알티",61293,0,99.93,1,4301255,"G45","IT",2304563589
"2026-09-11","WI620","반도체",119,"412350","레이저쎌",60106,0,99.93,1,12266556,"G45","IT",2304563589
"2026-09-11","WI620","반도체",120,"071280","로체시스템즈",59225,0,99.94,1,8260165,"G45","IT",2304563589
"2026-09-11","WI620","반도체",121,"489500","엘케이켐",56888,0,99.94,1,2748232,"G45","IT",2304563589
"2026-09-11","WI620","반도체",122,"254490","미래반도체",56496,0,99.94,1,3753880,"G45","IT",2304563589
"2026-09-11","WI620","반도체",123,"322310","오로스테크놀로지",56452,0,99.94,1,4589605,"G45","IT",2304563589
"2026-09-11","WI620","반도체",124,"117670","알파칩스",55185,0,99.95,1,4063662,"G45","IT",2304563589
"2026-09-11","WI620","반도체",125,"396270","넥스트칩",51304,0,99.95,1,24665573,"G45","IT",2304563589
"2026-09-11","WI620","반도체",126,"402490","그린리소스",50862,0,99.95,1,7959551,"G45","IT",2304563589
"2026-09-11","WI620","반도체",127,"105330","케이엔더블유",50260,0,99.95,1,6728198,"G45","IT",2304563589
"2026-09-11","WI620","반도체",128,"146320","비씨엔씨",49418,0,99.96,1,5503106,"G45","IT",2304563589
"2026-09-11","WI620","반도체",129,"052900","KX하이텍",48838,0,99.96,1,49834258,"G45","IT",2304563589
"2026-09-11","WI620","반도체",130,"066310","큐에스아이",48109,0,99.96,1,6397418,"G45","IT",2304563589
"2026-09-11","WI620","반도체",131,"417500","제이아이테크",47902,0,99.96,1,12458202,"G45","IT",2304563589
"2026-09-11","WI620","반도체",132,"217190","제너셈",46480,0,99.96,1,7366106,"G45","IT",2304563589
"2026-09-11","WI620","반도체",133,"396470","워트",45497,0,99.97,1,6770400,"G45","IT",2304563589
"2026-09-11","WI620","반도체",134,"241790","티이엠씨씨엔에스",40843,0,99.97,1,6401685,"G45","IT",2304563589
"2026-09-11","WI620","반도체",135,"424980","마이크로투나노",38839,0,99.97,1,4084034,"G45","IT",2304563589
"2026-09-11","WI620","반도체",136,"451220","아이엠티",37075,0,99.97,1,4646020,"G45","IT",2304563589
"2026-09-11","WI620","반도체",137,"212710","아이에스티이",36460,0,99.97,1,5246088,"G45","IT",2304563589
"2026-09-11","WI620","반도체",138,"054620","APS",36305,0,99.97,1,9381052,"G45","IT",2304563589
"2026-09-11","WI620","반도체",139,"0017J0","세미티에스",36159,0,99.98,1,13567968,"G45","IT",2304563589
"2026-09-11","WI620","반도체",140,"323350","다원넥스뷰",35645,0,99.98,1,4325816,"G45","IT",2304563589
"2026-09-11","WI620","반도체",141,"348350","위드텍",34169,0,99.98,1,3713968,"G45","IT",2304563589
"2026-09-11","WI620","반도체",142,"147760","피엠티",32760,0,99.98,1,10400000,"G45","IT",2304563589
"2026-09-11","WI620","반도체",143,"0155E0","해치텍",32473,0,99.98,1,2414346,"G45","IT",2304563589
"2026-09-11","WI620","반도체",144,"234030","싸이닉솔루션",31761,0,99.98,1,10858300,"G45","IT",2304563589
"2026-09-11","WI620","반도체",145,"089790","제이티",31357,0,99.98,1,6498773,"G45","IT",2304563589
"2026-09-11","WI620","반도체",146,"097800","윈팩",29723,0,99.99,1,14463723,"G45","IT",2304563589
"2026-09-11","WI620","반도체",147,"140070","서플러스글로벌",28398,0,99.99,1,13685560,"G45","IT",2304563589
"2026-09-11","WI620","반도체",148,"311320","지오엘리먼트",26585,0,99.99,1,3153640,"G45","IT",2304563589
"2026-09-11","WI620","반도체",149,"217500","러셀",25645,0,99.99,1,16860360,"G45","IT",2304563589
"2026-09-11","WI620","반도체",150,"171010","램테크놀러지",25001,0,99.99,1,9294188,"G45","IT",2304563589
"2026-09-11","WI620","반도체",151,"227950","엔투텍",24299,0,99.99,1,18634432,"G45","IT",2304563589
"2026-09-11","WI620","반도체",152,"080520","오디텍",23607,0,99.99,1,8491812,"G45","IT",2304563589
"2026-09-11","WI620","반도체",153,"054940","엑사이엔씨",20037,0,99.99,1,5307767,"G45","IT",2304563589
"2026-09-11","WI620","반도체",154,"033170","시그네틱스",19675,0,99.99,1,10973224,"G45","IT",2304563589
"2026-09-11","WI620","반도체",155,"064520","테크엘",18157,0,100,1,12293084,"G45","IT",2304563589
"2026-09-11","WI620","반도체",156,"101400","엔시트론",17870,0,100,1,10450191,"G45","IT",2304563589
"2026-09-11","WI620","반도체",157,"045300","성우테크론",15463,0,100,1,5695386,"G45","IT",2304563589
"2026-09-11","WI620","반도체",158,"087600","픽셀플러스",15120,0,100,1,3756616,"G45","IT",2304563589
"2026-09-11","WI620","반도체",159,"365590","하이딥",14989,0,100,1,19143566,"G45","IT",2304563589
"2026-09-11","WI620","반도체",160,"429270","시지트로닉스",14970,0,100,1,4836923,"G45","IT",2304563589
"2026-09-11","WI620","반도체",161,"306620","지아이에스",13304,0,100,1,7191327,"G45","IT",2304563589
"2026-09-11","WI620","반도체",162,"464500","아이언디바이스",12840,0,100,1,8116092,"G45","IT",2304563589
"2026-09-11","WI620","반도체",163,"452160","제이엔비",7213,0,100,1,2404381,"G45","IT",2304563589
"2026-09-11","WI630","IT가전",1,"006400","삼성SDI",32060953,35.12,35.12,1,58827436,"G45","IT",91294613
"2026-09-11","WI630","IT가전",2,"066570","LG전자",21447020,23.49,58.61,1,107503861,"G45","IT",91294613
"2026-09-11","WI630","IT가전",3,"373220","LG에너지솔루션",16848000,18.45,77.06,1,46800000,"G45","IT",91294613
"2026-09-11","WI630","IT가전",4,"247540","에코프로비엠",6416699,7.03,84.09,1,58174968,"G45","IT",91294613
"2026-09-11","WI630","IT가전",5,"066970","엘앤에프",3319868,3.64,87.73,1,27665570,"G45","IT",91294613
"2026-09-11","WI630","IT가전",6,"058610","에스피지",1309529,1.43,89.16,1,13528189,"G45","IT",91294613
"2026-09-11","WI630","IT가전",7,"450080","에코프로머티",1259566,1.38,90.54,1,34698796,"G45","IT",91294613
"2026-09-11","WI630","IT가전",8,"001820","삼화콘덴서",1014074,1.11,91.65,1,7380450,"G45","IT",91294613
"2026-09-11","WI630","IT가전",9,"082920","비츠로셀",752926,0.82,92.48,1,27083686,"G45","IT",91294613
"2026-09-11","WI630","IT가전",10,"043260","성호전자",577628,0.63,93.11,1,33045098,"G45","IT",91294613
"2026-09-11","WI630","IT가전",11,"361610","SK아이이테크놀로지",573311,0.63,93.74,1,34350582,"G45","IT",91294613
"2026-09-11","WI630","IT가전",12,"137400","피엔티",560996,0.61,94.35,1,18952582,"G45","IT",91294613
"2026-09-11","WI630","IT가전",13,"348370","엔켐",438658,0.48,94.83,1,19939004,"G45","IT",91294613
"2026-09-11","WI630","IT가전",14,"417200","LS머트리얼즈",405889,0.44,95.28,1,35855909,"G45","IT",91294613
"2026-09-11","WI630","IT가전",15,"222080","SFA넥셀",379178,0.42,95.69,1,50557093,"G45","IT",91294613
"2026-09-11","WI630","IT가전",16,"365340","성일하이텍",296714,0.33,96.02,1,8140302,"G45","IT",91294613
"2026-09-11","WI630","IT가전",17,"033790","피노",284961,0.31,96.33,1,37494849,"G45","IT",91294613
"2026-09-11","WI630","IT가전",18,"278280","천보",252425,0.28,96.61,1,6616633,"G45","IT",91294613
"2026-09-11","WI630","IT가전",19,"393890","더블유씨피",217246,0.24,96.85,1,21659612,"G45","IT",91294613
"2026-09-11","WI630","IT가전",20,"091580","상신이디피",202376,0.22,97.07,1,9729599,"G45","IT",91294613
"2026-09-11","WI630","IT가전",21,"036830","솔브레인홀딩스",172849,0.19,97.26,1,4100796,"G45","IT",91294613
"2026-09-11","WI630","IT가전",22,"378340","필에너지",140356,0.15,97.41,1,12120573,"G45","IT",91294613
"2026-09-11","WI630","IT가전",23,"009470","삼화전기",120398,0.13,97.54,1,4894226,"G45","IT",91294613
"2026-09-11","WI630","IT가전",24,"416180","신성에스티",115226,0.13,97.67,1,4791082,"G45","IT",91294613
"2026-09-11","WI630","IT가전",25,"083930","아바코",111620,0.12,97.79,1,9540211,"G45","IT",91294613
"2026-09-11","WI630","IT가전",26,"005680","삼영전자",103488,0.11,97.9,1,8400000,"G45","IT",91294613
"2026-09-11","WI630","IT가전",27,"382900","범한퓨얼셀",103148,0.11,98.02,1,4117669,"G45","IT",91294613
"2026-09-11","WI630","IT가전",28,"267320","나인테크",99693,0.11,98.13,1,44209777,"G45","IT",91294613
"2026-09-11","WI630","IT가전",29,"243840","신흥에스이씨",94672,0.1,98.23,1,16580041,"G45","IT",91294613
"2026-09-11","WI630","IT가전",30,"042370","비츠로테크",91595,0.1,98.33,1,10480010,"G45","IT",91294613
"2026-09-11","WI630","IT가전",31,"217820","원익피앤이",81631,0.09,98.42,1,28947280,"G45","IT",91294613
"2026-09-11","WI630","IT가전",32,"259630","엠플러스",80961,0.09,98.51,1,8800125,"G45","IT",91294613
"2026-09-11","WI630","IT가전",33,"079960","동양이엔피",79292,0.09,98.6,1,4530994,"G45","IT",91294613
"2026-09-11","WI630","IT가전",34,"452190","한빛레이저",69264,0.08,98.67,1,13634717,"G45","IT",91294613
"2026-09-11","WI630","IT가전",35,"0011T0","채비",67307,0.07,98.75,1,13145885,"G45","IT",91294613
"2026-09-11","WI630","IT가전",36,"008700","아남전자",64334,0.07,98.82,1,51673629,"G45","IT",91294613
"2026-09-11","WI630","IT가전",37,"078890","가온그룹",63726,0.07,98.89,1,14924203,"G45","IT",91294613
"2026-09-11","WI630","IT가전",38,"079810","APS이노베이션",62634,0.07,98.95,1,16791913,"G45","IT",91294613
"2026-09-11","WI630","IT가전",39,"036010","아비코전자",58787,0.06,99.02,1,8507477,"G45","IT",91294613
"2026-09-11","WI630","IT가전",40,"126730","코칩",56041,0.06,99.08,1,2631037,"G45","IT",91294613
"2026-09-11","WI630","IT가전",41,"037030","파워넷",49750,0.05,99.13,1,15307795,"G45","IT",91294613
"2026-09-11","WI630","IT가전",42,"175140","아고스",48378,0.05,99.19,1,19705959,"G45","IT",91294613
"2026-09-11","WI630","IT가전",43,"382840","원준",46673,0.05,99.24,1,9010232,"G45","IT",91294613
"2026-09-11","WI630","IT가전",44,"302430","이노메트리",45317,0.05,99.29,1,5587828,"G45","IT",91294613
"2026-09-11","WI630","IT가전",45,"089850","유비벨록스",42771,0.05,99.34,1,10016535,"G45","IT",91294613
"2026-09-11","WI630","IT가전",46,"224060","더코디",38790,0.04,99.38,1,3922148,"G45","IT",91294613
"2026-09-11","WI630","IT가전",47,"107600","새빗켐",35227,0.04,99.42,1,2486023,"G45","IT",91294613
"2026-09-11","WI630","IT가전",48,"014910","성문전자",34922,0.04,99.45,1,16830087,"G45","IT",91294613
"2026-09-11","WI630","IT가전",49,"413390","엠오티",34138,0.04,99.49,1,5095279,"G45","IT",91294613
"2026-09-11","WI630","IT가전",50,"032540","TJ미디어",33572,0.04,99.53,1,8776913,"G45","IT",91294613
"2026-09-11","WI630","IT가전",51,"002230","피에스텍",32495,0.04,99.56,1,6447374,"G45","IT",91294613
"2026-09-11","WI630","IT가전",52,"432470","케이엔에스",31999,0.04,99.6,1,3333191,"G45","IT",91294613
"2026-09-11","WI630","IT가전",53,"382480","지아이텍",31222,0.03,99.63,1,19284998,"G45","IT",91294613
"2026-09-11","WI630","IT가전",54,"458650","성우",29226,0.03,99.67,1,3761417,"G45","IT",91294613
"2026-09-11","WI630","IT가전",55,"084730","팅크웨어",26934,0.03,99.7,1,4221581,"G45","IT",91294613
"2026-09-11","WI630","IT가전",56,"452200","민테크",24714,0.03,99.72,1,14843008,"G45","IT",91294613
"2026-09-11","WI630","IT가전",57,"273640","와이엠텍",24379,0.03,99.75,1,4715380,"G45","IT",91294613
"2026-09-11","WI630","IT가전",58,"042110","에스씨디",23989,0.03,99.78,1,23681486,"G45","IT",91294613
"2026-09-11","WI630","IT가전",59,"469750","아이비젼웍스",23220,0.03,99.8,1,23430407,"G45","IT",91294613
"2026-09-11","WI630","IT가전",60,"297570","아틀라스링크",22865,0.03,99.83,1,26312125,"G45","IT",91294613
"2026-09-11","WI630","IT가전",61,"288620","에스프리즘",18623,0.02,99.85,1,4536555,"G45","IT",91294613
"2026-09-11","WI630","IT가전",62,"452400","이닉스",16808,0.02,99.86,1,2902856,"G45","IT",91294613
"2026-09-11","WI630","IT가전",63,"148930","에이치와이티씨",16731,0.02,99.88,1,5494615,"G45","IT",91294613
"2026-09-11","WI630","IT가전",64,"038950","파인디지털",15649,0.02,99.9,1,5207490,"G45","IT",91294613
"2026-09-11","WI630","IT가전",65,"115160","휴맥스",15315,0.02,99.92,1,2799896,"G45","IT",91294613
"2026-09-11","WI630","IT가전",66,"032750","삼진",15046,0.02,99.93,1,5057428,"G45","IT",91294613
"2026-09-11","WI630","IT가전",67,"257370","피엔티엠에스",14818,0.02,99.95,1,7502916,"G45","IT",91294613
"2026-09-11","WI630","IT가전",68,"154040","다산솔루에타",13683,0.01,99.96,1,12969368,"G45","IT",91294613
"2026-09-11","WI630","IT가전",69,"377330","이지트로닉스",11907,0.01,99.98,1,4314175,"G45","IT",91294613
"2026-09-11","WI630","IT가전",70,"009140","경인전자",11585,0.01,99.99,1,518363,"G45","IT",91294613
"2026-09-11","WI630","IT가전",71,"043590","웰킵스하이텍",8827,0.01,100,1,5834403,"G45","IT",91294613
"2026-09-11","WI640","디스플레이",1,"034220","LG디스플레이",2670000,34.87,34.87,1,300000000,"G45","IT",7657716
"2026-09-11","WI640","디스플레이",2,"108320","LX세미콘",391750,5.12,39.98,1,10897081,"G45","IT",7657716
"2026-09-11","WI640","디스플레이",3,"213420","덕산네오룩스",390681,5.1,45.08,1,12663901,"G45","IT",7657716
"2026-09-11","WI640","디스플레이",4,"046890","서울반도체",378274,4.94,50.02,1,38481564,"G45","IT",7657716
"2026-09-11","WI640","디스플레이",5,"171090","선익시스템",320843,4.19,54.21,1,4861260,"G45","IT",7657716
"2026-09-11","WI640","디스플레이",6,"272290","이녹스첨단소재",241643,3.16,57.37,1,11962505,"G45","IT",7657716
"2026-09-11","WI640","디스플레이",7,"265520","AP시스템",206937,2.7,60.07,1,11137607,"G45","IT",7657716
"2026-09-11","WI640","디스플레이",8,"290690","아리바이오홀딩스",196324,2.56,62.64,1,48296252,"G45","IT",7657716
"2026-09-11","WI640","디스플레이",9,"095500","미래나노텍",157432,2.06,64.69,1,23567599,"G45","IT",7657716
"2026-09-11","WI640","디스플레이",10,"307180","아이엘",155201,2.03,66.72,1,28425070,"G45","IT",7657716
"2026-09-11","WI640","디스플레이",11,"123860","아나패스",136346,1.78,68.5,1,10062434,"G45","IT",7657716
"2026-09-11","WI640","디스플레이",12,"078150","HB테크놀러지",124324,1.62,70.12,1,61699168,"G45","IT",7657716
"2026-09-11","WI640","디스플레이",13,"092190","서울바이오시스",118822,1.55,71.67,1,15136566,"G45","IT",7657716
"2026-09-11","WI640","디스플레이",14,"068790","DMS",104040,1.36,73.03,1,15122050,"G45","IT",7657716
"2026-09-11","WI640","디스플레이",15,"001210","금호전기",101694,1.33,74.36,1,8168170,"G45","IT",7657716
"2026-09-11","WI640","디스플레이",16,"484120","도우인시스",96665,1.26,75.62,1,5149988,"G45","IT",7657716
"2026-09-11","WI640","디스플레이",17,"036170","에이치엠넥스",93337,1.22,76.84,1,39887656,"G45","IT",7657716
"2026-09-11","WI640","디스플레이",18,"469610","이노테크",90938,1.19,78.03,1,5455169,"G45","IT",7657716
"2026-09-11","WI640","디스플레이",19,"187870","디바이스",90108,1.18,79.21,1,9010801,"G45","IT",7657716
"2026-09-11","WI640","디스플레이",20,"051360","토비스",89270,1.17,80.37,1,7616917,"G45","IT",7657716
"2026-09-11","WI640","디스플레이",21,"149950","아바텍",86124,1.12,81.5,1,8337298,"G45","IT",7657716
"2026-09-11","WI640","디스플레이",22,"297890","HB솔루션",85788,1.12,82.62,1,51930048,"G45","IT",7657716
"2026-09-11","WI640","디스플레이",23,"351320","넥사다이내믹스",83364,1.09,83.71,1,20789049,"G45","IT",7657716
"2026-09-11","WI640","디스플레이",24,"141000","비아트론",73620,0.96,84.67,1,8116855,"G45","IT",7657716
"2026-09-11","WI640","디스플레이",25,"052420","오성첨단소재",64531,0.84,85.51,1,6721986,"G45","IT",7657716
"2026-09-11","WI640","디스플레이",26,"088130","동아엘텍",61468,0.8,86.31,1,10840894,"G45","IT",7657716
"2026-09-11","WI640","디스플레이",27,"049950","미래컴퍼니",59052,0.77,87.08,1,5555266,"G45","IT",7657716
"2026-09-11","WI640","디스플레이",28,"052330","코텍",55006,0.72,87.8,1,4795629,"G45","IT",7657716
"2026-09-11","WI640","디스플레이",29,"040910","아이씨디",53883,0.7,88.51,1,12358507,"G45","IT",7657716
"2026-09-11","WI640","디스플레이",30,"0218L0","네오뷰",53853,0.7,89.21,1,4168178,"G45","IT",7657716
"2026-09-11","WI640","디스플레이",31,"083500","에프엔에스테크",52696,0.69,89.9,1,4734634,"G45","IT",7657716
"2026-09-11","WI640","디스플레이",32,"255440","야스",41266,0.54,90.44,1,6006680,"G45","IT",7657716
"2026-09-11","WI640","디스플레이",33,"457370","한켐",37948,0.5,90.93,1,4517595,"G45","IT",7657716
"2026-09-11","WI640","디스플레이",34,"036090","위지트",37557,0.49,91.42,1,28934349,"G45","IT",7657716
"2026-09-11","WI640","디스플레이",35,"419080","엔젯",37440,0.49,91.91,1,7284117,"G45","IT",7657716
"2026-09-11","WI640","디스플레이",36,"137080","나래나노텍",36953,0.48,92.39,1,5676272,"G45","IT",7657716
"2026-09-11","WI640","디스플레이",37,"143540","영우디에스피",36596,0.48,92.87,1,36125914,"G45","IT",7657716
"2026-09-11","WI640","디스플레이",38,"155650","와이엠씨",36469,0.48,93.35,1,11764101,"G45","IT",7657716
"2026-09-11","WI640","디스플레이",39,"056700","신화인터텍",33400,0.44,93.78,1,23308072,"G45","IT",7657716
"2026-09-11","WI640","디스플레이",40,"059100","아이컴포넌트",32737,0.43,94.21,1,4878893,"G45","IT",7657716
"2026-09-11","WI640","디스플레이",41,"038060","루멘스바이오스",30688,0.4,94.61,1,39444516,"G45","IT",7657716
"2026-09-11","WI640","디스플레이",42,"082850","우리바이오",30678,0.4,95.01,1,6299354,"G45","IT",7657716
"2026-09-11","WI640","디스플레이",43,"020760","일진디스플",30527,0.4,95.41,1,33843579,"G45","IT",7657716
"2026-09-11","WI640","디스플레이",44,"054040","한국컴퓨터",28896,0.38,95.79,1,6428516,"G45","IT",7657716
"2026-09-11","WI640","디스플레이",45,"094970","제이엠티",25558,0.33,96.12,1,9379014,"G45","IT",7657716
"2026-09-11","WI640","디스플레이",46,"256630","포인트엔지니어링",24997,0.33,96.45,1,5799707,"G45","IT",7657716
"2026-09-11","WI640","디스플레이",47,"106240","파인테크닉스",21914,0.29,96.73,1,19138978,"G45","IT",7657716
"2026-09-11","WI640","디스플레이",48,"239890","피엔에이치테크",20607,0.27,97,1,6060810,"G45","IT",7657716
"2026-09-11","WI640","디스플레이",49,"371950","풍원정밀",19971,0.26,97.26,1,7069503,"G45","IT",7657716
"2026-09-11","WI640","디스플레이",50,"321260","프로이천",19014,0.25,97.51,1,11558754,"G45","IT",7657716
"2026-09-11","WI640","디스플레이",51,"153490","우리이앤엘하루틴",18873,0.25,97.76,1,6177600,"G45","IT",7657716
"2026-09-11","WI640","디스플레이",52,"073110","엘엠에스",16461,0.21,97.97,1,3202471,"G45","IT",7657716
"2026-09-11","WI640","디스플레이",53,"238490","힘스",16142,0.21,98.18,1,7126708,"G45","IT",7657716
"2026-09-11","WI640","디스플레이",54,"063760","이엘피",15360,0.2,98.39,1,6620842,"G45","IT",7657716
"2026-09-11","WI640","디스플레이",55,"475660","에스켐",15322,0.2,98.59,1,4678602,"G45","IT",7657716
"2026-09-11","WI640","디스플레이",56,"049120","파인디앤씨",15266,0.2,98.78,1,5088798,"G45","IT",7657716
"2026-09-11","WI640","디스플레이",57,"177830","파버나인",14009,0.18,98.97,1,6455816,"G45","IT",7657716
"2026-09-11","WI640","디스플레이",58,"083470","이엠앤아이",13771,0.18,99.15,1,15578440,"G45","IT",7657716
"2026-09-11","WI640","디스플레이",59,"069330","유아이디",12538,0.16,99.31,1,10680121,"G45","IT",7657716
"2026-09-11","WI640","디스플레이",60,"347770","핌스",11920,0.16,99.47,1,13142627,"G45","IT",7657716
"2026-09-11","WI640","디스플레이",61,"440320","오픈놀",11003,0.14,99.61,1,4890200,"G45","IT",7657716
"2026-09-11","WI640","디스플레이",62,"096870","엘디티",10939,0.14,99.75,1,4674879,"G45","IT",7657716
"2026-09-11","WI640","디스플레이",63,"290520","신도기연",9783,0.13,99.88,1,6137103,"G45","IT",7657716
"2026-09-11","WI640","디스플레이",64,"009310","참엔지니어링",9098,0.12,100,1,1707035,"G45","IT",7657716
"2026-09-11","WI700","통신서비스",1,"017670","SK텔레콤",12105138,51.58,51.58,1,133169832,"G50","커뮤니케이션서비스",23466888
"2026-09-11","WI700","통신서비스",2,"030200","KT",7437664,31.69,83.28,1,141132143,"G50","커뮤니케이션서비스",23466888
"2026-09-11","WI700","통신서비스",3,"032640","LG유플러스",3855035,16.43,99.71,1,258900916,"G50","커뮤니케이션서비스",23466888
"2026-09-11","WI700","통신서비스",4,"036630","세종텔레콤",39320,0.17,99.87,1,4340000,"G50","커뮤니케이션서비스",23466888
"2026-09-11","WI700","통신서비스",5,"065530","와이어블",29732,0.13,100,1,23919379,"G50","커뮤니케이션서비스",23466888
"2026-09-11","WI800","유틸리티",1,"015760","한국전력",9774545,57.3,57.3,1,295303475,"G55","유틸리티",17057502
"2026-09-11","WI800","유틸리티",2,"052690","한전기술",2672342,15.67,72.97,1,17581200,"G55","유틸리티",17057502
"2026-09-11","WI800","유틸리티",3,"036460","한국가스공사",1468700,8.61,81.58,1,39694590,"G55","유틸리티",17057502
"2026-09-11","WI800","유틸리티",4,"051600","한전KPS",1087065,6.37,87.95,1,22050000,"G55","유틸리티",17057502
"2026-09-11","WI800","유틸리티",5,"018670","SK가스",525520,3.08,91.03,1,2131926,"G55","유틸리티",17057502
"2026-09-11","WI800","유틸리티",6,"130660","한전산업",300820,1.76,92.8,1,22168000,"G55","유틸리티",17057502
"2026-09-11","WI800","유틸리티",7,"017940","E1",265935,1.56,94.36,1,2675400,"G55","유틸리티",17057502
"2026-09-11","WI800","유틸리티",8,"004690","삼천리",253218,1.48,95.84,1,1849656,"G55","유틸리티",17057502
"2026-09-11","WI800","유틸리티",9,"071320","지역난방공사",172986,1.01,96.86,1,2315748,"G55","유틸리티",17057502
"2026-09-11","WI800","유틸리티",10,"015360","INVENI",129405,0.76,97.61,1,8720000,"G55","유틸리티",17057502
"2026-09-11","WI800","유틸리티",11,"453450","그리드위즈",73199,0.43,98.04,1,5639352,"G55","유틸리티",17057502
"2026-09-11","WI800","유틸리티",12,"017390","서울가스",72973,0.43,98.47,1,1287000,"G55","유틸리티",17057502
"2026-09-11","WI800","유틸리티",13,"267290","경동도시가스",62821,0.37,98.84,1,2829794,"G55","유틸리티",17057502
"2026-09-11","WI800","유틸리티",14,"003480","한진중공업홀딩스",55870,0.33,99.17,1,11811924,"G55","유틸리티",17057502
"2026-09-11","WI800","유틸리티",15,"117580","대성에너지",50394,0.3,99.46,1,6875000,"G55","유틸리티",17057502
"2026-09-11","WI800","유틸리티",16,"053050","지에스이",32788,0.19,99.65,1,16493178,"G55","유틸리티",17057502
"2026-09-11","WI800","유틸리티",17,"016710","대성홀딩스",30887,0.18,99.84,1,4344153,"G55","유틸리티",17057502
"2026-09-11","WI800","유틸리티",18,"034590","인천도시가스",28033,0.16,100,1,1049940,"G55","유틸리티",17057502
